73, 210 MHz, 13.61 W, 0 %
87, 1642 MHz, 91.91 W, 99 %
87, 1440 MHz, 78.29 W, 99 %
87, 1387 MHz, 74.08 W, 98 %
88, 1387 MHz, 74.27 W, 100 %
88, 1387 MHz, 74.62 W, 99 %
88, 1312 MHz, 74.14 W, 99 %
88, 1305 MHz, 70.05 W, 100 %
89, 1305 MHz, 70.17 W, 100 %
88, 1267 MHz, 65.01 W, 100 %
89, 1290 MHz, 68.93 W, 100 %
89, 1237 MHz, 67.11 W, 100 %
88, 1230 MHz, 61.77 W, 98 %
89, 1275 MHz, 66.87 W, 99 %
89, 1215 MHz, 63.73 W, 100 %
89, 1065 MHz, 63.47 W, 100 %
89, 1065 MHz, 63.46 W, 99 %
89, 1057 MHz, 63.50 W, 100 %
89, 1065 MHz, 63.02 W, 100 %
88, 802 MHz, 59.79 W, 99 %
89, 1155 MHz, 60.55 W, 100 %
89, 1125 MHz, 62.11 W, 100 %
89, 1230 MHz, 64.43 W, 100 %
88, 772 MHz, 62.31 W, 100 %
88, 772 MHz, 58.55 W, 100 %
89, 990 MHz, 62.20 W, 100 %
89, 1027 MHz, 61.93 W, 99 %
88, 697 MHz, 61.87 W, 98 %
89, 1065 MHz, 60.67 W, 96 %
85, 1702 MHz, 35.88 W, 0 %
89, 1117 MHz, 63.19 W, 99 %
89, 1042 MHz, 63.23 W, 100 %
88, 757 MHz, 60.16 W, 100 %
89, 1080 MHz, 60.52 W, 100 %
89, 937 MHz, 60.47 W, 98 %
89, 930 MHz, 60.48 W, 100 %
89, 967 MHz, 60.45 W, 100 %
89, 937 MHz, 60.29 W, 99 %
88, 915 MHz, 60.49 W, 100 %
88, 960 MHz, 60.48 W, 100 %
89, 915 MHz, 60.37 W, 99 %
89, 922 MHz, 60.53 W, 100 %
88, 960 MHz, 60.47 W, 98 %
89, 930 MHz, 60.50 W, 100 %
89, 922 MHz, 60.49 W, 100 %
89, 937 MHz, 60.49 W, 100 %
89, 952 MHz, 57.61 W, 100 %
89, 915 MHz, 60.16 W, 99 %
89, 960 MHz, 60.09 W, 98 %
89, 952 MHz, 59.98 W, 99 %
89, 937 MHz, 60.15 W, 99 %
87, 1387 MHz, 59.56 W, 99 %
89, 975 MHz, 61.44 W, 100 %
89, 1057 MHz, 60.23 W, 99 %
89, 930 MHz, 60.28 W, 99 %
89, 907 MHz, 59.67 W, 99 %
89, 900 MHz, 59.84 W, 100 %
88, 945 MHz, 59.84 W, 99 %
89, 907 MHz, 59.82 W, 100 %
88, 967 MHz, 54.81 W, 100 %
89, 997 MHz, 59.52 W, 96 %
88, 795 MHz, 53.96 W, 93 %
84, 262 MHz, 22.84 W, 0 %
88, 945 MHz, 59.25 W, 99 %
89, 975 MHz, 60.23 W, 98 %
89, 930 MHz, 60.37 W, 100 %
89, 930 MHz, 60.10 W, 100 %
89, 1132 MHz, 60.14 W, 97 %
89, 937 MHz, 60.36 W, 100 %
89, 937 MHz, 60.36 W, 100 %
89, 982 MHz, 61.17 W, 100 %
89, 922 MHz, 60.16 W, 100 %
89, 937 MHz, 60.04 W, 100 %
89, 892 MHz, 59.17 W, 100 %
89, 907 MHz, 58.18 W, 96 %
89, 975 MHz, 58.22 W, 100 %
89, 877 MHz, 54.45 W, 97 %
89, 795 MHz, 56.60 W, 98 %
88, 1035 MHz, 56.86 W, 100 %
89, 802 MHz, 56.69 W, 100 %
89, 795 MHz, 56.64 W, 96 %
89, 787 MHz, 56.71 W, 100 %
89, 787 MHz, 56.78 W, 98 %
88, 810 MHz, 56.83 W, 99 %
89, 802 MHz, 56.74 W, 100 %
88, 780 MHz, 56.66 W, 97 %
89, 817 MHz, 56.57 W, 97 %
88, 757 MHz, 56.01 W, 100 %
88, 765 MHz, 55.83 W, 98 %
88, 765 MHz, 55.77 W, 100 %
89, 1057 MHz, 61.92 W, 99 %
89, 952 MHz, 60.45 W, 98 %
89, 952 MHz, 60.29 W, 97 %
89, 975 MHz, 57.52 W, 99 %
89, 960 MHz, 60.44 W, 100 %
88, 727 MHz, 54.90 W, 100 %
89, 1132 MHz, 59.44 W, 88 %
84, 240 MHz, 24.56 W, 0 %
89, 1267 MHz, 66.42 W, 100 %
88, 900 MHz, 59.67 W, 100 %
88, 892 MHz, 59.73 W, 94 %
89, 1102 MHz, 59.68 W, 100 %
89, 892 MHz, 59.70 W, 98 %
84, 1702 MHz, 35.05 W, 0 %
88, 1252 MHz, 66.25 W, 93 %
88, 915 MHz, 59.80 W, 100 %
88, 930 MHz, 59.85 W, 97 %
88, 1012 MHz, 59.87 W, 97 %
89, 952 MHz, 59.97 W, 98 %
89, 915 MHz, 60.02 W, 100 %
89, 907 MHz, 60.15 W, 100 %
89, 922 MHz, 60.06 W, 100 %
89, 900 MHz, 60.19 W, 100 %
89, 900 MHz, 60.16 W, 100 %
89, 907 MHz, 60.08 W, 100 %
89, 915 MHz, 59.96 W, 99 %
89, 907 MHz, 60.01 W, 100 %
89, 892 MHz, 59.92 W, 100 %
89, 907 MHz, 59.81 W, 99 %
89, 907 MHz, 59.88 W, 100 %
89, 1005 MHz, 59.90 W, 100 %
88, 712 MHz, 54.77 W, 97 %
88, 667 MHz, 57.15 W, 100 %
89, 870 MHz, 59.23 W, 100 %
89, 870 MHz, 59.14 W, 98 %
89, 1020 MHz, 59.27 W, 100 %
89, 877 MHz, 59.15 W, 100 %
89, 862 MHz, 58.97 W, 98 %
89, 877 MHz, 59.10 W, 100 %
89, 877 MHz, 59.14 W, 100 %
89, 892 MHz, 59.13 W, 100 %
89, 870 MHz, 59.17 W, 100 %
89, 877 MHz, 59.21 W, 100 %
88, 1020 MHz, 58.98 W, 99 %
89, 877 MHz, 59.23 W, 100 %
88, 915 MHz, 57.67 W, 97 %
88, 930 MHz, 57.59 W, 97 %
89, 1282 MHz, 70.69 W, 99 %
89, 1102 MHz, 63.74 W, 100 %
88, 712 MHz, 61.26 W, 100 %
89, 1072 MHz, 56.76 W, 93 %
89, 1042 MHz, 59.32 W, 99 %
89, 975 MHz, 59.55 W, 100 %
89, 885 MHz, 59.69 W, 99 %
89, 1087 MHz, 59.57 W, 99 %
89, 870 MHz, 59.52 W, 99 %
89, 870 MHz, 59.53 W, 100 %
89, 907 MHz, 59.53 W, 100 %
89, 900 MHz, 59.63 W, 98 %
89, 885 MHz, 59.43 W, 99 %
89, 892 MHz, 59.50 W, 100 %
89, 885 MHz, 59.60 W, 100 %
89, 847 MHz, 58.82 W, 99 %
89, 862 MHz, 58.84 W, 99 %
89, 847 MHz, 58.84 W, 100 %
89, 847 MHz, 58.86 W, 100 %
89, 847 MHz, 58.73 W, 100 %
89, 847 MHz, 58.61 W, 99 %
89, 847 MHz, 58.60 W, 100 %
89, 855 MHz, 58.33 W, 100 %
89, 885 MHz, 58.10 W, 100 %
89, 802 MHz, 57.93 W, 100 %
89, 817 MHz, 57.96 W, 100 %
89, 802 MHz, 57.94 W, 99 %
89, 810 MHz, 57.94 W, 99 %
89, 810 MHz, 57.96 W, 99 %
89, 1042 MHz, 57.95 W, 99 %
89, 832 MHz, 58.02 W, 99 %
89, 907 MHz, 58.81 W, 98 %
88, 832 MHz, 52.77 W, 100 %
89, 832 MHz, 57.02 W, 100 %
88, 817 MHz, 56.09 W, 97 %
85, 1702 MHz, 35.40 W, 0 %
89, 975 MHz, 61.12 W, 100 %
88, 675 MHz, 54.40 W, 100 %
89, 915 MHz, 60.09 W, 100 %
89, 960 MHz, 56.81 W, 100 %
89, 952 MHz, 60.70 W, 99 %
88, 952 MHz, 55.31 W, 98 %
88, 847 MHz, 54.42 W, 100 %
89, 990 MHz, 61.84 W, 99 %
89, 952 MHz, 59.62 W, 99 %
88, 660 MHz, 54.04 W, 100 %
89, 892 MHz, 59.98 W, 100 %
89, 915 MHz, 60.46 W, 100 %
88, 622 MHz, 58.04 W, 100 %
88, 600 MHz, 57.68 W, 100 %
89, 1027 MHz, 58.35 W, 99 %
89, 847 MHz, 57.90 W, 100 %
88, 660 MHz, 53.52 W, 100 %
88, 652 MHz, 54.22 W, 100 %
88, 667 MHz, 54.71 W, 99 %
88, 682 MHz, 54.61 W, 99 %
88, 675 MHz, 54.93 W, 100 %
88, 682 MHz, 54.24 W, 100 %
89, 870 MHz, 54.54 W, 98 %
89, 915 MHz, 60.25 W, 99 %
89, 832 MHz, 58.77 W, 99 %
89, 817 MHz, 58.38 W, 99 %
89, 832 MHz, 58.32 W, 100 %
89, 907 MHz, 57.97 W, 99 %
89, 817 MHz, 58.22 W, 99 %
89, 765 MHz, 57.19 W, 100 %
89, 795 MHz, 57.02 W, 100 %
89, 772 MHz, 57.35 W, 99 %
89, 772 MHz, 57.17 W, 100 %
89, 1027 MHz, 57.26 W, 99 %
89, 772 MHz, 57.17 W, 100 %
89, 817 MHz, 57.47 W, 100 %
89, 817 MHz, 55.85 W, 98 %
84, 262 MHz, 27.71 W, 0 %
89, 990 MHz, 59.56 W, 99 %
88, 742 MHz, 56.11 W, 100 %
88, 765 MHz, 56.16 W, 100 %
88, 750 MHz, 56.13 W, 100 %
88, 742 MHz, 56.40 W, 99 %
89, 742 MHz, 56.00 W, 99 %
89, 735 MHz, 56.30 W, 99 %
88, 742 MHz, 56.11 W, 100 %
89, 750 MHz, 56.24 W, 99 %
89, 735 MHz, 56.24 W, 99 %
89, 712 MHz, 56.20 W, 100 %
89, 742 MHz, 56.28 W, 99 %
89, 735 MHz, 56.29 W, 100 %
89, 772 MHz, 56.22 W, 100 %
89, 757 MHz, 56.32 W, 99 %
89, 735 MHz, 56.08 W, 100 %
89, 735 MHz, 56.11 W, 99 %
89, 742 MHz, 56.26 W, 100 %
89, 750 MHz, 56.19 W, 98 %
89, 720 MHz, 56.06 W, 99 %
89, 735 MHz, 56.25 W, 100 %
89, 742 MHz, 56.13 W, 98 %
89, 750 MHz, 56.35 W, 100 %
89, 735 MHz, 55.99 W, 99 %
88, 720 MHz, 53.78 W, 97 %
88, 742 MHz, 53.81 W, 98 %
88, 765 MHz, 56.68 W, 100 %
88, 772 MHz, 56.76 W, 99 %
88, 802 MHz, 56.67 W, 99 %
88, 780 MHz, 56.74 W, 99 %
89, 765 MHz, 56.69 W, 100 %
89, 787 MHz, 56.63 W, 99 %
89, 1005 MHz, 56.51 W, 99 %
89, 757 MHz, 56.79 W, 100 %
89, 757 MHz, 56.79 W, 100 %
89, 772 MHz, 56.75 W, 100 %
89, 780 MHz, 56.68 W, 100 %
89, 772 MHz, 56.69 W, 99 %
89, 795 MHz, 56.66 W, 98 %
88, 1027 MHz, 56.75 W, 100 %
88, 832 MHz, 56.80 W, 100 %
89, 765 MHz, 56.92 W, 100 %
89, 757 MHz, 56.65 W, 100 %
89, 772 MHz, 56.70 W, 99 %
89, 772 MHz, 56.84 W, 100 %
89, 780 MHz, 56.62 W, 99 %
89, 795 MHz, 56.67 W, 99 %
89, 795 MHz, 56.62 W, 99 %
89, 990 MHz, 56.86 W, 100 %
89, 787 MHz, 56.64 W, 100 %
89, 765 MHz, 56.79 W, 100 %
89, 765 MHz, 56.87 W, 100 %
89, 750 MHz, 56.45 W, 100 %
89, 787 MHz, 56.33 W, 100 %
88, 765 MHz, 56.33 W, 99 %
88, 750 MHz, 56.41 W, 100 %
88, 757 MHz, 56.31 W, 100 %
88, 757 MHz, 56.39 W, 100 %
89, 757 MHz, 56.58 W, 100 %
88, 765 MHz, 56.35 W, 99 %
88, 757 MHz, 56.42 W, 100 %
88, 937 MHz, 56.26 W, 100 %
88, 772 MHz, 54.58 W, 97 %
88, 780 MHz, 54.54 W, 97 %
82, 210 MHz, 19.40 W, 0 %
89, 1387 MHz, 74.01 W, 100 %
89, 1275 MHz, 68.06 W, 100 %
88, 1132 MHz, 62.11 W, 100 %
89, 1027 MHz, 61.90 W, 99 %
88, 750 MHz, 57.42 W, 99 %
89, 1050 MHz, 58.49 W, 99 %
89, 952 MHz, 60.65 W, 99 %
88, 712 MHz, 55.64 W, 100 %
88, 622 MHz, 58.97 W, 100 %
89, 900 MHz, 60.27 W, 100 %
89, 877 MHz, 58.98 W, 99 %
89, 750 MHz, 60.87 W, 100 %
89, 615 MHz, 59.31 W, 99 %
88, 795 MHz, 55.35 W, 97 %
88, 772 MHz, 56.93 W, 100 %
88, 772 MHz, 56.84 W, 100 %
88, 780 MHz, 56.93 W, 100 %
88, 757 MHz, 56.93 W, 100 %
88, 787 MHz, 56.73 W, 99 %
88, 772 MHz, 56.98 W, 100 %
88, 757 MHz, 56.78 W, 100 %
88, 870 MHz, 56.87 W, 100 %
88, 772 MHz, 56.89 W, 100 %
88, 780 MHz, 56.74 W, 99 %
88, 780 MHz, 56.77 W, 100 %
88, 750 MHz, 56.28 W, 100 %
88, 742 MHz, 56.21 W, 100 %
88, 787 MHz, 56.15 W, 100 %
88, 780 MHz, 56.41 W, 99 %
88, 870 MHz, 56.43 W, 99 %
88, 892 MHz, 56.28 W, 98 %
88, 802 MHz, 56.72 W, 100 %
88, 772 MHz, 56.95 W, 99 %
88, 772 MHz, 56.87 W, 100 %
88, 960 MHz, 56.72 W, 100 %
88, 802 MHz, 55.16 W, 98 %
88, 810 MHz, 55.10 W, 98 %
89, 1102 MHz, 63.61 W, 100 %
88, 765 MHz, 56.98 W, 98 %
88, 810 MHz, 56.98 W, 100 %
88, 780 MHz, 57.08 W, 98 %
88, 787 MHz, 57.29 W, 99 %
88, 780 MHz, 57.24 W, 99 %
88, 787 MHz, 57.08 W, 100 %
88, 787 MHz, 57.03 W, 100 %
88, 780 MHz, 57.03 W, 100 %
89, 780 MHz, 57.10 W, 100 %
89, 795 MHz, 57.06 W, 100 %
89, 847 MHz, 57.15 W, 99 %
89, 772 MHz, 57.03 W, 100 %
89, 765 MHz, 56.99 W, 100 %
89, 832 MHz, 57.14 W, 99 %
89, 772 MHz, 56.98 W, 99 %
89, 765 MHz, 57.06 W, 100 %
89, 802 MHz, 57.04 W, 100 %
89, 772 MHz, 56.83 W, 99 %
89, 772 MHz, 56.92 W, 100 %
89, 825 MHz, 57.00 W, 100 %
89, 772 MHz, 56.97 W, 100 %
89, 975 MHz, 56.83 W, 100 %
89, 772 MHz, 56.97 W, 100 %
89, 742 MHz, 56.74 W, 99 %
89, 750 MHz, 56.63 W, 100 %
89, 750 MHz, 56.55 W, 100 %
89, 780 MHz, 56.53 W, 100 %
89, 810 MHz, 56.40 W, 100 %
88, 922 MHz, 56.57 W, 100 %
88, 780 MHz, 56.48 W, 100 %
88, 772 MHz, 56.42 W, 100 %
88, 787 MHz, 56.53 W, 100 %
88, 765 MHz, 56.55 W, 100 %
88, 757 MHz, 56.72 W, 100 %
88, 742 MHz, 56.62 W, 100 %
88, 750 MHz, 56.65 W, 100 %
88, 757 MHz, 56.62 W, 100 %
89, 757 MHz, 56.65 W, 100 %
89, 750 MHz, 56.59 W, 100 %
89, 757 MHz, 56.68 W, 99 %
89, 742 MHz, 56.60 W, 97 %
89, 735 MHz, 56.67 W, 98 %
89, 750 MHz, 56.67 W, 99 %
89, 757 MHz, 56.79 W, 99 %
89, 742 MHz, 56.65 W, 100 %
89, 757 MHz, 56.55 W, 100 %
89, 765 MHz, 56.55 W, 100 %
89, 757 MHz, 56.49 W, 100 %
89, 900 MHz, 56.46 W, 100 %
88, 892 MHz, 56.64 W, 99 %
89, 750 MHz, 56.71 W, 99 %
89, 750 MHz, 56.77 W, 99 %
89, 765 MHz, 56.76 W, 100 %
89, 735 MHz, 56.59 W, 100 %
89, 757 MHz, 56.61 W, 100 %
89, 765 MHz, 56.57 W, 99 %
89, 750 MHz, 56.58 W, 100 %
88, 750 MHz, 56.61 W, 100 %
88, 757 MHz, 56.59 W, 100 %
89, 757 MHz, 56.71 W, 100 %
88, 757 MHz, 56.66 W, 100 %
88, 907 MHz, 56.60 W, 100 %
88, 787 MHz, 56.71 W, 99 %
88, 757 MHz, 56.62 W, 100 %
89, 757 MHz, 56.62 W, 100 %
89, 765 MHz, 56.75 W, 99 %
88, 772 MHz, 56.78 W, 100 %
88, 840 MHz, 56.50 W, 99 %
88, 772 MHz, 56.50 W, 99 %
88, 765 MHz, 56.61 W, 99 %
88, 765 MHz, 56.61 W, 100 %
88, 742 MHz, 56.63 W, 100 %
88, 750 MHz, 56.79 W, 100 %
88, 757 MHz, 56.73 W, 100 %
88, 825 MHz, 56.66 W, 100 %
88, 757 MHz, 56.14 W, 98 %
88, 742 MHz, 55.71 W, 99 %
89, 1012 MHz, 61.01 W, 100 %
89, 997 MHz, 61.33 W, 99 %
89, 982 MHz, 59.47 W, 99 %
89, 930 MHz, 60.13 W, 100 %
89, 907 MHz, 59.64 W, 99 %
89, 1027 MHz, 55.28 W, 100 %
89, 1072 MHz, 59.31 W, 100 %
89, 862 MHz, 59.35 W, 100 %
89, 855 MHz, 59.17 W, 100 %
89, 877 MHz, 59.31 W, 100 %
89, 870 MHz, 59.18 W, 99 %
89, 900 MHz, 59.30 W, 100 %
88, 622 MHz, 56.56 W, 100 %
89, 877 MHz, 59.54 W, 100 %
89, 907 MHz, 59.57 W, 99 %
89, 870 MHz, 58.93 W, 99 %
89, 855 MHz, 58.96 W, 100 %
89, 877 MHz, 58.96 W, 99 %
89, 862 MHz, 58.93 W, 100 %
88, 967 MHz, 58.93 W, 99 %
88, 855 MHz, 58.90 W, 100 %
88, 975 MHz, 59.02 W, 100 %
88, 862 MHz, 58.97 W, 100 %
88, 885 MHz, 58.92 W, 100 %
88, 855 MHz, 58.98 W, 100 %
88, 892 MHz, 58.88 W, 99 %
88, 862 MHz, 58.97 W, 100 %
88, 862 MHz, 58.90 W, 98 %
88, 862 MHz, 58.90 W, 100 %
88, 870 MHz, 58.91 W, 99 %
88, 892 MHz, 58.86 W, 99 %
89, 847 MHz, 58.92 W, 99 %
89, 877 MHz, 58.98 W, 100 %
89, 862 MHz, 58.79 W, 99 %
89, 847 MHz, 58.92 W, 100 %
89, 1080 MHz, 58.98 W, 98 %
89, 862 MHz, 59.00 W, 100 %
89, 1035 MHz, 58.91 W, 99 %
88, 877 MHz, 59.00 W, 100 %
88, 855 MHz, 58.93 W, 99 %
88, 877 MHz, 58.91 W, 100 %
88, 862 MHz, 58.90 W, 99 %
88, 862 MHz, 58.89 W, 100 %
88, 862 MHz, 58.92 W, 100 %
88, 847 MHz, 58.90 W, 100 %
88, 930 MHz, 58.99 W, 99 %
88, 862 MHz, 58.94 W, 100 %
88, 877 MHz, 58.99 W, 99 %
88, 862 MHz, 58.97 W, 100 %
88, 862 MHz, 58.91 W, 100 %
88, 870 MHz, 58.94 W, 99 %
88, 862 MHz, 58.94 W, 100 %
88, 855 MHz, 58.96 W, 100 %
88, 855 MHz, 58.96 W, 99 %
88, 1065 MHz, 58.98 W, 99 %
89, 847 MHz, 58.95 W, 100 %
88, 877 MHz, 58.95 W, 100 %
88, 877 MHz, 58.87 W, 98 %
89, 855 MHz, 58.95 W, 100 %
89, 892 MHz, 58.92 W, 100 %
88, 862 MHz, 58.96 W, 99 %
88, 855 MHz, 59.02 W, 100 %
88, 922 MHz, 59.00 W, 99 %
89, 870 MHz, 58.93 W, 100 %
89, 862 MHz, 58.91 W, 100 %
89, 847 MHz, 58.95 W, 99 %
89, 870 MHz, 58.90 W, 100 %
89, 847 MHz, 58.91 W, 100 %
89, 870 MHz, 58.88 W, 99 %
89, 847 MHz, 58.99 W, 100 %
89, 877 MHz, 58.94 W, 99 %
89, 877 MHz, 58.88 W, 100 %
88, 840 MHz, 58.89 W, 100 %
88, 877 MHz, 58.83 W, 98 %
88, 847 MHz, 59.00 W, 100 %
88, 870 MHz, 59.00 W, 98 %
88, 907 MHz, 58.93 W, 98 %
88, 862 MHz, 58.93 W, 100 %
88, 892 MHz, 59.01 W, 100 %
89, 862 MHz, 58.88 W, 99 %
88, 855 MHz, 58.97 W, 100 %
89, 847 MHz, 58.95 W, 99 %
89, 847 MHz, 58.95 W, 100 %
89, 1065 MHz, 58.98 W, 99 %
89, 855 MHz, 58.93 W, 100 %
88, 915 MHz, 58.88 W, 99 %
89, 862 MHz, 58.89 W, 100 %
89, 855 MHz, 58.92 W, 98 %
89, 840 MHz, 58.87 W, 100 %
89, 870 MHz, 58.94 W, 100 %
89, 855 MHz, 58.95 W, 100 %
89, 847 MHz, 58.95 W, 100 %
88, 877 MHz, 58.87 W, 100 %
89, 847 MHz, 58.93 W, 100 %
89, 862 MHz, 58.85 W, 100 %
89, 945 MHz, 59.00 W, 100 %
88, 922 MHz, 57.43 W, 98 %
84, 1702 MHz, 22.74 W, 0 %
89, 1110 MHz, 61.84 W, 97 %
89, 900 MHz, 60.44 W, 100 %
89, 1042 MHz, 59.85 W, 100 %
89, 1042 MHz, 60.17 W, 100 %
89, 855 MHz, 59.89 W, 100 %
89, 1065 MHz, 58.77 W, 100 %
89, 1140 MHz, 63.45 W, 100 %
88, 1012 MHz, 59.13 W, 100 %
88, 855 MHz, 59.56 W, 100 %
88, 772 MHz, 59.68 W, 100 %
88, 1027 MHz, 59.03 W, 100 %
88, 930 MHz, 59.10 W, 100 %
88, 855 MHz, 60.24 W, 100 %
88, 907 MHz, 59.43 W, 100 %
89, 922 MHz, 59.39 W, 100 %
88, 832 MHz, 59.59 W, 100 %
88, 900 MHz, 59.10 W, 96 %
89, 817 MHz, 59.50 W, 100 %
88, 952 MHz, 59.38 W, 100 %
89, 997 MHz, 62.22 W, 100 %
88, 600 MHz, 58.33 W, 100 %
88, 840 MHz, 58.52 W, 100 %
88, 877 MHz, 59.37 W, 100 %
89, 997 MHz, 62.69 W, 100 %
88, 877 MHz, 57.94 W, 100 %
89, 840 MHz, 61.35 W, 100 %
88, 810 MHz, 57.62 W, 100 %
88, 945 MHz, 60.74 W, 100 %
89, 1042 MHz, 60.25 W, 100 %
89, 1005 MHz, 60.40 W, 100 %
89, 1012 MHz, 60.61 W, 100 %
89, 832 MHz, 60.59 W, 100 %
89, 862 MHz, 60.46 W, 100 %
89, 967 MHz, 60.14 W, 100 %
88, 840 MHz, 60.28 W, 100 %
88, 900 MHz, 59.97 W, 100 %
88, 930 MHz, 61.55 W, 100 %
88, 765 MHz, 62.29 W, 100 %
88, 1072 MHz, 58.07 W, 100 %
89, 1087 MHz, 59.77 W, 100 %
88, 900 MHz, 61.03 W, 100 %
88, 862 MHz, 59.17 W, 100 %
88, 1005 MHz, 59.89 W, 100 %
88, 802 MHz, 60.03 W, 100 %
89, 772 MHz, 64.77 W, 100 %
89, 892 MHz, 61.26 W, 100 %
89, 877 MHz, 61.19 W, 100 %
89, 1125 MHz, 61.18 W, 97 %
89, 930 MHz, 61.63 W, 100 %
89, 825 MHz, 60.84 W, 100 %
89, 1042 MHz, 61.39 W, 100 %
88, 945 MHz, 60.00 W, 100 %
88, 907 MHz, 60.60 W, 100 %
89, 1005 MHz, 60.67 W, 100 %
88, 1020 MHz, 61.21 W, 100 %
88, 1035 MHz, 60.95 W, 100 %
88, 900 MHz, 61.18 W, 100 %
89, 990 MHz, 61.18 W, 100 %
89, 900 MHz, 61.00 W, 100 %
89, 825 MHz, 61.58 W, 100 %
89, 937 MHz, 61.01 W, 100 %
89, 930 MHz, 61.42 W, 100 %
88, 990 MHz, 60.33 W, 100 %
89, 1155 MHz, 62.06 W, 100 %
89, 1080 MHz, 62.62 W, 100 %
89, 1050 MHz, 60.35 W, 100 %
88, 945 MHz, 59.80 W, 100 %
89, 1035 MHz, 60.24 W, 100 %
88, 855 MHz, 60.40 W, 100 %
89, 877 MHz, 60.79 W, 100 %
89, 922 MHz, 60.59 W, 97 %
89, 877 MHz, 60.46 W, 100 %
89, 877 MHz, 60.20 W, 100 %
89, 810 MHz, 60.44 W, 100 %
88, 870 MHz, 60.11 W, 100 %
89, 952 MHz, 59.81 W, 100 %
89, 907 MHz, 60.23 W, 100 %
88, 877 MHz, 59.58 W, 100 %
89, 975 MHz, 60.46 W, 100 %
89, 930 MHz, 60.33 W, 100 %
88, 982 MHz, 60.47 W, 100 %
88, 997 MHz, 60.04 W, 100 %
88, 937 MHz, 60.20 W, 100 %
88, 937 MHz, 60.25 W, 100 %
89, 960 MHz, 60.08 W, 100 %
89, 1027 MHz, 60.41 W, 100 %
88, 772 MHz, 58.45 W, 100 %
88, 862 MHz, 58.74 W, 100 %
88, 645 MHz, 58.66 W, 100 %
89, 922 MHz, 59.32 W, 100 %
89, 847 MHz, 60.21 W, 100 %
88, 982 MHz, 59.36 W, 100 %
89, 922 MHz, 59.33 W, 100 %
89, 1012 MHz, 59.65 W, 100 %
88, 1057 MHz, 59.56 W, 100 %
89, 832 MHz, 59.40 W, 100 %
88, 1027 MHz, 59.15 W, 100 %
89, 855 MHz, 59.58 W, 100 %
88, 1012 MHz, 59.83 W, 100 %
89, 840 MHz, 59.80 W, 100 %
89, 937 MHz, 59.83 W, 100 %
88, 1057 MHz, 60.49 W, 100 %
89, 1162 MHz, 62.63 W, 100 %
89, 937 MHz, 61.56 W, 100 %
88, 855 MHz, 60.47 W, 100 %
89, 870 MHz, 60.44 W, 100 %
89, 967 MHz, 59.79 W, 100 %
89, 907 MHz, 60.38 W, 100 %
89, 915 MHz, 60.79 W, 100 %
89, 1072 MHz, 61.45 W, 100 %
89, 885 MHz, 62.02 W, 100 %
89, 772 MHz, 59.50 W, 100 %
89, 900 MHz, 59.28 W, 100 %
88, 817 MHz, 59.92 W, 100 %
88, 877 MHz, 60.90 W, 100 %
88, 1087 MHz, 60.48 W, 100 %
88, 832 MHz, 60.35 W, 100 %
89, 900 MHz, 60.65 W, 100 %
88, 817 MHz, 60.33 W, 100 %
88, 855 MHz, 59.97 W, 100 %
89, 960 MHz, 60.17 W, 100 %
88, 1042 MHz, 59.87 W, 100 %
88, 937 MHz, 59.60 W, 98 %
89, 945 MHz, 60.55 W, 100 %
88, 900 MHz, 60.33 W, 100 %
89, 847 MHz, 61.07 W, 100 %
88, 907 MHz, 60.01 W, 100 %
89, 937 MHz, 60.38 W, 100 %
88, 1207 MHz, 60.36 W, 100 %
88, 885 MHz, 60.48 W, 100 %
89, 1005 MHz, 62.39 W, 100 %
88, 742 MHz, 60.53 W, 100 %
88, 900 MHz, 59.16 W, 97 %
88, 1095 MHz, 59.65 W, 100 %
89, 922 MHz, 61.37 W, 100 %
89, 937 MHz, 61.35 W, 100 %
89, 780 MHz, 60.84 W, 100 %
88, 1110 MHz, 58.15 W, 100 %
89, 952 MHz, 62.22 W, 100 %
88, 870 MHz, 60.97 W, 100 %
88, 795 MHz, 57.77 W, 100 %
89, 975 MHz, 60.94 W, 100 %
89, 1057 MHz, 61.57 W, 100 %
88, 945 MHz, 58.66 W, 100 %
88, 892 MHz, 58.50 W, 100 %
89, 915 MHz, 62.65 W, 100 %
89, 1027 MHz, 60.36 W, 97 %
89, 1012 MHz, 59.88 W, 96 %
88, 780 MHz, 64.28 W, 100 %
88, 1057 MHz, 62.70 W, 100 %
89, 1185 MHz, 58.26 W, 97 %
88, 877 MHz, 59.44 W, 100 %
88, 892 MHz, 56.76 W, 100 %
88, 712 MHz, 58.81 W, 100 %
89, 907 MHz, 59.58 W, 100 %
89, 757 MHz, 57.67 W, 100 %
88, 787 MHz, 57.30 W, 100 %
88, 735 MHz, 57.37 W, 100 %
88, 757 MHz, 54.97 W, 100 %
89, 1012 MHz, 58.08 W, 100 %
89, 1162 MHz, 61.56 W, 100 %
89, 802 MHz, 59.61 W, 100 %
89, 1027 MHz, 57.15 W, 100 %
88, 787 MHz, 57.11 W, 100 %
89, 825 MHz, 59.29 W, 100 %
89, 960 MHz, 58.72 W, 100 %
89, 787 MHz, 58.39 W, 100 %
88, 967 MHz, 55.39 W, 100 %
88, 742 MHz, 56.12 W, 100 %
89, 817 MHz, 57.71 W, 100 %
89, 810 MHz, 56.48 W, 100 %
89, 802 MHz, 57.35 W, 100 %
89, 787 MHz, 57.81 W, 100 %
88, 780 MHz, 57.70 W, 100 %
89, 757 MHz, 57.86 W, 100 %
89, 952 MHz, 60.25 W, 100 %
89, 877 MHz, 59.42 W, 100 %
89, 1117 MHz, 61.62 W, 97 %
89, 742 MHz, 59.65 W, 100 %
89, 900 MHz, 58.69 W, 100 %
89, 975 MHz, 60.25 W, 100 %
89, 795 MHz, 59.27 W, 100 %
88, 682 MHz, 55.23 W, 100 %
89, 1012 MHz, 56.19 W, 100 %
88, 840 MHz, 57.56 W, 100 %
88, 772 MHz, 58.43 W, 100 %
88, 787 MHz, 59.60 W, 100 %
88, 907 MHz, 58.00 W, 100 %
89, 810 MHz, 58.97 W, 100 %
89, 862 MHz, 59.67 W, 100 %
89, 847 MHz, 59.13 W, 100 %
88, 772 MHz, 59.39 W, 100 %
89, 960 MHz, 59.07 W, 100 %
89, 847 MHz, 60.54 W, 100 %
88, 757 MHz, 57.69 W, 100 %
88, 915 MHz, 59.54 W, 100 %
88, 1050 MHz, 59.69 W, 100 %
88, 937 MHz, 59.19 W, 100 %
89, 990 MHz, 59.75 W, 100 %
88, 997 MHz, 59.20 W, 100 %
89, 945 MHz, 59.98 W, 100 %
89, 832 MHz, 60.36 W, 100 %
88, 870 MHz, 57.94 W, 100 %
89, 907 MHz, 59.50 W, 100 %
88, 817 MHz, 59.80 W, 100 %
88, 945 MHz, 58.80 W, 100 %
89, 877 MHz, 63.88 W, 100 %
88, 750 MHz, 58.43 W, 100 %
88, 862 MHz, 59.65 W, 98 %
88, 967 MHz, 59.75 W, 100 %
88, 922 MHz, 59.75 W, 100 %
88, 937 MHz, 59.31 W, 100 %
89, 892 MHz, 60.21 W, 100 %
88, 877 MHz, 59.34 W, 100 %
89, 1087 MHz, 60.46 W, 100 %
88, 840 MHz, 60.34 W, 100 %
89, 1042 MHz, 60.89 W, 100 %
88, 900 MHz, 60.58 W, 100 %
89, 847 MHz, 61.26 W, 100 %
88, 847 MHz, 60.63 W, 100 %
88, 1012 MHz, 61.09 W, 100 %
88, 855 MHz, 60.54 W, 100 %
88, 997 MHz, 61.22 W, 100 %
88, 930 MHz, 60.47 W, 100 %
88, 1087 MHz, 60.85 W, 100 %
88, 907 MHz, 60.25 W, 100 %
88, 1042 MHz, 60.97 W, 100 %
88, 907 MHz, 60.50 W, 100 %
88, 1057 MHz, 61.19 W, 100 %
89, 907 MHz, 60.49 W, 100 %
88, 1087 MHz, 61.25 W, 100 %
89, 922 MHz, 60.47 W, 100 %
89, 1012 MHz, 60.92 W, 100 %
89, 877 MHz, 60.45 W, 100 %
88, 750 MHz, 59.12 W, 100 %
88, 765 MHz, 56.41 W, 100 %
89, 832 MHz, 62.67 W, 100 %
88, 945 MHz, 57.67 W, 100 %
88, 735 MHz, 59.20 W, 100 %
89, 1132 MHz, 61.74 W, 100 %
89, 907 MHz, 58.58 W, 100 %
89, 937 MHz, 58.63 W, 100 %
88, 832 MHz, 58.14 W, 100 %
88, 705 MHz, 58.06 W, 100 %
89, 847 MHz, 59.14 W, 100 %
89, 787 MHz, 58.72 W, 100 %
89, 847 MHz, 59.21 W, 100 %
89, 862 MHz, 59.21 W, 100 %
89, 885 MHz, 58.48 W, 93 %
89, 862 MHz, 59.43 W, 100 %
88, 697 MHz, 56.29 W, 100 %
89, 1027 MHz, 58.14 W, 100 %
89, 825 MHz, 58.39 W, 100 %
89, 720 MHz, 58.01 W, 100 %
89, 690 MHz, 56.07 W, 100 %
89, 967 MHz, 56.98 W, 100 %
89, 750 MHz, 58.25 W, 100 %
89, 690 MHz, 54.56 W, 100 %
89, 877 MHz, 60.15 W, 100 %
89, 750 MHz, 56.07 W, 100 %
89, 900 MHz, 60.49 W, 100 %
89, 862 MHz, 58.01 W, 100 %
89, 802 MHz, 58.09 W, 100 %
89, 1387 MHz, 58.10 W, 100 %
89, 892 MHz, 56.30 W, 100 %
89, 547 MHz, 60.88 W, 100 %
89, 1072 MHz, 62.10 W, 100 %
88, 922 MHz, 58.08 W, 100 %
88, 825 MHz, 58.22 W, 100 %
88, 862 MHz, 57.80 W, 100 %
88, 757 MHz, 58.62 W, 100 %
88, 870 MHz, 58.19 W, 100 %
88, 757 MHz, 58.21 W, 100 %
89, 930 MHz, 58.86 W, 100 %
88, 735 MHz, 56.68 W, 100 %
89, 1132 MHz, 62.06 W, 90 %
88, 787 MHz, 59.12 W, 100 %
89, 892 MHz, 60.50 W, 100 %
88, 1050 MHz, 60.31 W, 100 %
89, 1012 MHz, 60.02 W, 100 %
89, 900 MHz, 60.32 W, 100 %
89, 1057 MHz, 59.36 W, 100 %
88, 757 MHz, 56.25 W, 100 %
89, 787 MHz, 58.17 W, 100 %
88, 907 MHz, 58.16 W, 100 %
88, 765 MHz, 56.06 W, 100 %
88, 780 MHz, 57.30 W, 100 %
88, 922 MHz, 57.22 W, 100 %
88, 907 MHz, 57.19 W, 100 %
88, 757 MHz, 57.19 W, 100 %
88, 735 MHz, 57.05 W, 100 %
88, 810 MHz, 56.80 W, 100 %
89, 802 MHz, 57.69 W, 100 %
88, 840 MHz, 57.51 W, 100 %
88, 847 MHz, 57.66 W, 100 %
89, 892 MHz, 61.43 W, 100 %
88, 750 MHz, 57.81 W, 100 %
88, 855 MHz, 57.54 W, 100 %
89, 945 MHz, 58.21 W, 100 %
89, 1162 MHz, 61.30 W, 100 %
88, 787 MHz, 58.50 W, 100 %
89, 892 MHz, 59.03 W, 100 %
89, 862 MHz, 59.55 W, 100 %
88, 945 MHz, 57.04 W, 96 %
89, 1185 MHz, 61.73 W, 88 %
81, 210 MHz, 14.73 W, 0 %
78, 210 MHz, 14.25 W, 0 %
86, 1387 MHz, 71.98 W, 98 %
88, 1387 MHz, 70.46 W, 91 %
88, 1185 MHz, 68.85 W, 97 %
89, 1267 MHz, 67.72 W, 97 %
88, 1012 MHz, 61.40 W, 100 %
88, 1080 MHz, 61.32 W, 100 %
89, 1027 MHz, 61.50 W, 98 %
89, 1155 MHz, 61.44 W, 100 %
89, 967 MHz, 60.48 W, 98 %
89, 885 MHz, 59.07 W, 98 %
89, 870 MHz, 58.35 W, 95 %
89, 712 MHz, 60.80 W, 97 %
88, 727 MHz, 55.40 W, 98 %
88, 720 MHz, 55.54 W, 98 %
88, 1012 MHz, 54.68 W, 100 %
88, 757 MHz, 60.89 W, 99 %
88, 712 MHz, 55.29 W, 97 %
88, 975 MHz, 57.00 W, 98 %
88, 795 MHz, 57.00 W, 98 %
88, 780 MHz, 56.76 W, 98 %
88, 757 MHz, 56.16 W, 97 %
89, 1222 MHz, 56.13 W, 88 %
89, 900 MHz, 55.39 W, 83 %
82, 210 MHz, 18.89 W, 0 %
88, 787 MHz, 56.26 W, 97 %
89, 1095 MHz, 56.52 W, 72 %
89, 772 MHz, 56.55 W, 100 %
89, 772 MHz, 56.68 W, 100 %
89, 772 MHz, 56.51 W, 100 %
89, 735 MHz, 56.10 W, 98 %
89, 720 MHz, 52.73 W, 98 %
89, 720 MHz, 55.71 W, 100 %
89, 742 MHz, 54.87 W, 98 %
89, 877 MHz, 54.91 W, 98 %
89, 832 MHz, 54.72 W, 97 %
89, 907 MHz, 54.69 W, 96 %
89, 960 MHz, 54.69 W, 98 %
89, 825 MHz, 54.72 W, 97 %
89, 772 MHz, 54.88 W, 98 %
89, 697 MHz, 54.90 W, 100 %
89, 697 MHz, 54.84 W, 100 %
89, 697 MHz, 54.83 W, 100 %
89, 690 MHz, 55.00 W, 98 %
88, 952 MHz, 54.47 W, 89 %
89, 930 MHz, 54.96 W, 100 %
89, 705 MHz, 54.25 W, 100 %
89, 667 MHz, 54.18 W, 95 %
89, 697 MHz, 54.21 W, 100 %
89, 667 MHz, 54.20 W, 98 %
89, 675 MHz, 54.25 W, 100 %
89, 660 MHz, 54.24 W, 97 %
89, 667 MHz, 54.25 W, 98 %
89, 720 MHz, 54.32 W, 98 %
89, 600 MHz, 52.45 W, 100 %
89, 937 MHz, 52.43 W, 97 %
88, 600 MHz, 52.28 W, 98 %
89, 600 MHz, 52.37 W, 100 %
89, 637 MHz, 52.35 W, 100 %
89, 585 MHz, 52.47 W, 100 %
88, 862 MHz, 52.31 W, 98 %
88, 615 MHz, 52.54 W, 100 %
88, 592 MHz, 52.30 W, 98 %
88, 577 MHz, 51.61 W, 98 %
88, 705 MHz, 51.67 W, 100 %
89, 795 MHz, 55.78 W, 100 %
89, 727 MHz, 55.70 W, 100 %
89, 735 MHz, 55.78 W, 100 %
88, 607 MHz, 52.32 W, 98 %
88, 570 MHz, 52.22 W, 100 %
89, 750 MHz, 56.24 W, 100 %
89, 742 MHz, 55.76 W, 96 %
89, 675 MHz, 54.75 W, 97 %
89, 690 MHz, 54.92 W, 97 %
89, 682 MHz, 54.94 W, 96 %
89, 675 MHz, 54.94 W, 97 %
89, 675 MHz, 55.04 W, 98 %
89, 975 MHz, 54.24 W, 96 %
89, 667 MHz, 54.22 W, 100 %
89, 675 MHz, 54.19 W, 99 %
89, 645 MHz, 54.16 W, 96 %
89, 667 MHz, 54.25 W, 100 %
89, 667 MHz, 54.18 W, 97 %
89, 652 MHz, 54.00 W, 98 %
89, 652 MHz, 54.02 W, 98 %
89, 660 MHz, 54.06 W, 100 %
89, 667 MHz, 54.22 W, 100 %
89, 652 MHz, 54.14 W, 98 %
89, 660 MHz, 60.54 W, 98 %
89, 735 MHz, 59.52 W, 97 %
88, 660 MHz, 57.63 W, 100 %
89, 810 MHz, 57.59 W, 98 %
89, 870 MHz, 57.62 W, 97 %
89, 802 MHz, 57.59 W, 100 %
89, 825 MHz, 57.67 W, 100 %
89, 810 MHz, 57.57 W, 100 %
88, 810 MHz, 56.95 W, 100 %
89, 952 MHz, 57.08 W, 97 %
88, 817 MHz, 57.12 W, 100 %
89, 787 MHz, 57.35 W, 98 %
89, 1042 MHz, 57.30 W, 99 %
89, 817 MHz, 57.42 W, 100 %
89, 787 MHz, 57.41 W, 98 %
89, 795 MHz, 57.28 W, 98 %
89, 1050 MHz, 57.58 W, 100 %
89, 802 MHz, 57.40 W, 100 %
89, 802 MHz, 57.43 W, 98 %
89, 787 MHz, 57.43 W, 98 %
88, 832 MHz, 57.49 W, 100 %
89, 1132 MHz, 57.84 W, 100 %
88, 960 MHz, 57.66 W, 100 %
89, 840 MHz, 57.64 W, 100 %
88, 832 MHz, 57.76 W, 88 %
89, 1087 MHz, 62.40 W, 100 %
88, 802 MHz, 56.98 W, 100 %
88, 840 MHz, 58.54 W, 100 %
88, 862 MHz, 58.46 W, 93 %
89, 802 MHz, 62.41 W, 96 %
88, 750 MHz, 55.85 W, 98 %
89, 705 MHz, 61.04 W, 98 %
88, 922 MHz, 54.25 W, 98 %
88, 1005 MHz, 55.83 W, 100 %
88, 735 MHz, 55.89 W, 98 %
88, 742 MHz, 55.78 W, 100 %
88, 742 MHz, 55.90 W, 98 %
88, 742 MHz, 55.97 W, 100 %
89, 840 MHz, 58.42 W, 96 %
89, 825 MHz, 57.76 W, 100 %
89, 772 MHz, 57.01 W, 98 %
89, 772 MHz, 57.13 W, 98 %
89, 765 MHz, 56.37 W, 97 %
89, 750 MHz, 56.48 W, 97 %
89, 757 MHz, 56.43 W, 98 %
89, 945 MHz, 56.29 W, 100 %
88, 757 MHz, 56.28 W, 98 %
88, 945 MHz, 56.29 W, 100 %
88, 757 MHz, 56.47 W, 97 %
88, 847 MHz, 56.28 W, 97 %
88, 900 MHz, 58.49 W, 98 %
88, 1102 MHz, 59.94 W, 96 %
89, 952 MHz, 60.34 W, 97 %
89, 1027 MHz, 60.56 W, 100 %
89, 1125 MHz, 60.01 W, 98 %
89, 945 MHz, 60.28 W, 96 %
88, 832 MHz, 58.04 W, 100 %
88, 832 MHz, 57.93 W, 100 %
88, 825 MHz, 60.42 W, 100 %
89, 877 MHz, 58.60 W, 100 %
89, 1095 MHz, 59.83 W, 93 %
86, 1387 MHz, 46.99 W, 67 %
80, 210 MHz, 14.54 W, 0 %
90, 1785 MHz, 50.73 W, 2 %
89, 1387 MHz, 74.60 W, 100 %
89, 1222 MHz, 68.68 W, 100 %
89, 1192 MHz, 65.96 W, 100 %
89, 1140 MHz, 62.31 W, 100 %
89, 1140 MHz, 64.68 W, 100 %
89, 1027 MHz, 63.95 W, 100 %
89, 982 MHz, 62.48 W, 100 %
88, 1110 MHz, 61.54 W, 100 %
89, 1065 MHz, 62.05 W, 100 %
89, 967 MHz, 66.66 W, 100 %
88, 967 MHz, 62.30 W, 100 %
89, 1110 MHz, 61.43 W, 100 %
89, 1155 MHz, 65.30 W, 100 %
89, 802 MHz, 65.49 W, 100 %
89, 855 MHz, 59.92 W, 100 %
88, 930 MHz, 60.27 W, 100 %
89, 997 MHz, 60.71 W, 100 %
89, 892 MHz, 60.29 W, 100 %
88, 802 MHz, 59.19 W, 100 %
88, 840 MHz, 58.91 W, 100 %
89, 975 MHz, 61.10 W, 100 %
88, 787 MHz, 58.53 W, 100 %
88, 967 MHz, 60.33 W, 100 %
89, 900 MHz, 60.01 W, 100 %
89, 1012 MHz, 59.79 W, 100 %
88, 997 MHz, 59.52 W, 100 %
89, 945 MHz, 59.49 W, 100 %
89, 982 MHz, 60.23 W, 100 %
88, 810 MHz, 59.46 W, 100 %
88, 915 MHz, 60.10 W, 100 %
88, 772 MHz, 62.04 W, 100 %
89, 870 MHz, 61.29 W, 100 %
89, 997 MHz, 60.94 W, 100 %
88, 930 MHz, 61.82 W, 100 %
88, 1110 MHz, 60.77 W, 100 %
88, 967 MHz, 60.60 W, 94 %
88, 1072 MHz, 61.45 W, 100 %
89, 960 MHz, 61.65 W, 100 %
88, 892 MHz, 61.34 W, 100 %
89, 1102 MHz, 61.73 W, 100 %
88, 1125 MHz, 61.48 W, 100 %
88, 975 MHz, 61.78 W, 100 %
88, 1027 MHz, 61.99 W, 100 %
89, 1020 MHz, 61.12 W, 100 %
88, 930 MHz, 61.92 W, 100 %
89, 1080 MHz, 61.78 W, 100 %
88, 915 MHz, 61.15 W, 100 %
89, 892 MHz, 61.64 W, 100 %
88, 765 MHz, 62.41 W, 100 %
88, 907 MHz, 60.25 W, 100 %
88, 1050 MHz, 56.21 W, 100 %
88, 975 MHz, 60.72 W, 100 %
89, 1020 MHz, 60.80 W, 100 %
89, 960 MHz, 60.42 W, 92 %
89, 937 MHz, 61.50 W, 100 %
88, 900 MHz, 60.55 W, 100 %
89, 1057 MHz, 61.35 W, 100 %
88, 720 MHz, 62.62 W, 100 %
89, 1177 MHz, 58.82 W, 100 %
88, 787 MHz, 63.86 W, 100 %
89, 930 MHz, 66.34 W, 100 %
88, 817 MHz, 58.41 W, 100 %
88, 1162 MHz, 61.44 W, 100 %
88, 922 MHz, 61.19 W, 100 %
89, 1065 MHz, 64.97 W, 100 %
88, 1020 MHz, 59.95 W, 100 %
89, 952 MHz, 62.97 W, 100 %
89, 1057 MHz, 61.94 W, 92 %
88, 802 MHz, 59.20 W, 100 %
89, 862 MHz, 58.92 W, 100 %
88, 855 MHz, 56.50 W, 100 %
88, 675 MHz, 55.07 W, 100 %
89, 870 MHz, 58.76 W, 100 %
88, 982 MHz, 59.00 W, 100 %
88, 907 MHz, 59.05 W, 95 %
89, 787 MHz, 59.40 W, 100 %
88, 877 MHz, 59.11 W, 100 %
89, 1192 MHz, 64.49 W, 100 %
88, 1087 MHz, 61.07 W, 100 %
88, 1200 MHz, 58.80 W, 100 %
89, 1057 MHz, 59.13 W, 100 %
89, 945 MHz, 61.79 W, 100 %
89, 900 MHz, 61.84 W, 100 %
88, 1102 MHz, 61.41 W, 100 %
88, 1110 MHz, 62.05 W, 100 %
89, 1027 MHz, 61.15 W, 100 %
89, 960 MHz, 61.89 W, 100 %
88, 1080 MHz, 61.83 W, 100 %
88, 937 MHz, 61.11 W, 100 %
88, 990 MHz, 61.90 W, 100 %
88, 892 MHz, 61.81 W, 100 %
88, 877 MHz, 61.29 W, 100 %
88, 975 MHz, 61.88 W, 100 %
88, 840 MHz, 61.88 W, 100 %
89, 1132 MHz, 61.36 W, 100 %
88, 1057 MHz, 62.11 W, 100 %
89, 1035 MHz, 60.74 W, 100 %
89, 1102 MHz, 61.62 W, 100 %
89, 1057 MHz, 61.53 W, 100 %
88, 952 MHz, 61.58 W, 100 %
89, 900 MHz, 60.89 W, 100 %
89, 1282 MHz, 62.82 W, 100 %
88, 877 MHz, 61.72 W, 100 %
88, 982 MHz, 61.91 W, 100 %
88, 937 MHz, 60.36 W, 100 %
89, 1027 MHz, 61.10 W, 100 %
89, 952 MHz, 62.12 W, 100 %
88, 900 MHz, 61.87 W, 100 %
88, 1072 MHz, 62.17 W, 100 %
89, 840 MHz, 63.47 W, 100 %
88, 1027 MHz, 61.64 W, 100 %
88, 952 MHz, 61.96 W, 100 %
89, 990 MHz, 61.34 W, 100 %
89, 1162 MHz, 59.43 W, 100 %
89, 1147 MHz, 62.82 W, 100 %
88, 997 MHz, 61.17 W, 100 %
89, 1005 MHz, 63.07 W, 100 %
88, 1065 MHz, 59.72 W, 100 %
88, 922 MHz, 60.55 W, 100 %
88, 862 MHz, 61.26 W, 100 %
88, 862 MHz, 63.86 W, 100 %
88, 1042 MHz, 60.49 W, 100 %
88, 847 MHz, 59.97 W, 100 %
89, 1095 MHz, 62.39 W, 100 %
89, 960 MHz, 60.05 W, 100 %
89, 870 MHz, 61.00 W, 100 %
89, 975 MHz, 59.80 W, 100 %
89, 915 MHz, 60.74 W, 100 %
89, 1087 MHz, 61.45 W, 100 %
88, 975 MHz, 59.63 W, 100 %
89, 817 MHz, 59.61 W, 100 %
88, 922 MHz, 59.14 W, 100 %
88, 1012 MHz, 59.65 W, 100 %
88, 832 MHz, 59.00 W, 100 %
89, 877 MHz, 59.53 W, 100 %
89, 862 MHz, 59.02 W, 100 %
88, 825 MHz, 58.78 W, 100 %
89, 892 MHz, 59.55 W, 100 %
88, 877 MHz, 57.31 W, 100 %
88, 757 MHz, 57.05 W, 100 %
88, 802 MHz, 58.86 W, 100 %
89, 1132 MHz, 61.52 W, 92 %
86, 1545 MHz, 40.47 W, 0 %
80, 210 MHz, 14.58 W, 0 %
81, 1702 MHz, 32.11 W, 0 %
88, 1387 MHz, 72.56 W, 100 %
88, 1267 MHz, 71.41 W, 97 %
88, 1267 MHz, 66.63 W, 98 %
89, 1282 MHz, 63.80 W, 98 %
89, 1245 MHz, 66.53 W, 99 %
89, 960 MHz, 65.99 W, 98 %
88, 1267 MHz, 61.12 W, 98 %
88, 1110 MHz, 63.35 W, 97 %
89, 1117 MHz, 63.18 W, 94 %
89, 1110 MHz, 63.11 W, 91 %
89, 1260 MHz, 62.88 W, 100 %
89, 1102 MHz, 63.26 W, 100 %
88, 922 MHz, 55.92 W, 94 %
89, 855 MHz, 62.50 W, 94 %
88, 810 MHz, 58.08 W, 99 %
88, 960 MHz, 60.10 W, 94 %
89, 975 MHz, 60.42 W, 100 %
88, 930 MHz, 60.01 W, 97 %
88, 1095 MHz, 58.37 W, 93 %
88, 1065 MHz, 59.78 W, 90 %
85, 1702 MHz, 35.79 W, 0 %
88, 1020 MHz, 61.29 W, 100 %
89, 1020 MHz, 61.42 W, 98 %
89, 1177 MHz, 61.45 W, 100 %
89, 1170 MHz, 62.41 W, 98 %
89, 1087 MHz, 62.20 W, 98 %
89, 1192 MHz, 61.43 W, 97 %
88, 742 MHz, 58.64 W, 98 %
89, 1020 MHz, 61.53 W, 98 %
89, 1005 MHz, 61.77 W, 99 %
89, 1027 MHz, 61.58 W, 96 %
89, 1140 MHz, 61.01 W, 100 %
89, 990 MHz, 60.90 W, 97 %
89, 967 MHz, 60.73 W, 91 %
89, 997 MHz, 61.09 W, 97 %
89, 967 MHz, 60.82 W, 98 %
89, 975 MHz, 60.80 W, 93 %
88, 742 MHz, 55.81 W, 98 %
89, 1072 MHz, 60.32 W, 100 %
89, 990 MHz, 61.17 W, 98 %
88, 697 MHz, 58.52 W, 98 %
89, 1027 MHz, 58.11 W, 94 %
85, 1365 MHz, 29.35 W, 0 %
89, 1275 MHz, 67.05 W, 98 %
88, 945 MHz, 60.59 W, 100 %
89, 975 MHz, 60.12 W, 98 %
88, 952 MHz, 60.28 W, 94 %
88, 937 MHz, 60.23 W, 98 %
88, 915 MHz, 60.48 W, 100 %
88, 952 MHz, 60.46 W, 100 %
88, 967 MHz, 60.48 W, 100 %
88, 952 MHz, 60.28 W, 98 %
89, 945 MHz, 60.40 W, 100 %
89, 937 MHz, 60.49 W, 100 %
89, 990 MHz, 60.15 W, 97 %
89, 952 MHz, 60.44 W, 100 %
89, 952 MHz, 60.43 W, 100 %
89, 982 MHz, 60.24 W, 98 %
89, 937 MHz, 60.39 W, 100 %
88, 945 MHz, 60.55 W, 100 %
89, 967 MHz, 60.08 W, 97 %
89, 930 MHz, 60.43 W, 100 %
89, 975 MHz, 60.10 W, 98 %
89, 922 MHz, 59.89 W, 100 %
89, 832 MHz, 58.85 W, 100 %
89, 847 MHz, 58.46 W, 100 %
88, 855 MHz, 58.38 W, 97 %
89, 1072 MHz, 58.37 W, 98 %
89, 847 MHz, 58.36 W, 100 %
89, 877 MHz, 58.40 W, 100 %
89, 832 MHz, 58.38 W, 98 %
89, 855 MHz, 58.04 W, 100 %
88, 712 MHz, 53.23 W, 100 %
89, 1080 MHz, 58.25 W, 97 %
89, 847 MHz, 57.91 W, 96 %
89, 892 MHz, 55.96 W, 93 %
84, 210 MHz, 23.41 W, 0 %
80, 210 MHz, 14.40 W, 0 %
85, 1777 MHz, 79.28 W, 0 %
88, 1387 MHz, 74.67 W, 100 %
88, 1320 MHz, 68.93 W, 100 %
88, 1102 MHz, 66.36 W, 100 %
88, 1237 MHz, 64.82 W, 100 %
89, 1140 MHz, 64.97 W, 100 %
88, 1027 MHz, 64.32 W, 100 %
88, 885 MHz, 63.85 W, 100 %
88, 840 MHz, 58.17 W, 100 %
88, 937 MHz, 61.18 W, 100 %
89, 1245 MHz, 60.62 W, 100 %
88, 945 MHz, 61.03 W, 100 %
89, 847 MHz, 60.81 W, 100 %
89, 952 MHz, 61.53 W, 100 %
89, 1027 MHz, 60.75 W, 100 %
88, 900 MHz, 60.76 W, 100 %
89, 990 MHz, 60.07 W, 100 %
88, 757 MHz, 59.35 W, 100 %
88, 825 MHz, 58.87 W, 100 %
88, 960 MHz, 59.82 W, 100 %
88, 795 MHz, 64.48 W, 100 %
89, 1177 MHz, 56.97 W, 100 %
88, 1147 MHz, 60.06 W, 100 %
89, 885 MHz, 60.25 W, 100 %
89, 847 MHz, 59.89 W, 100 %
89, 847 MHz, 60.00 W, 100 %
89, 1012 MHz, 59.65 W, 100 %
89, 967 MHz, 62.13 W, 100 %
88, 907 MHz, 61.80 W, 100 %
89, 1140 MHz, 61.88 W, 100 %
88, 802 MHz, 58.27 W, 100 %
89, 1200 MHz, 64.21 W, 100 %
88, 997 MHz, 59.54 W, 100 %
88, 1042 MHz, 59.58 W, 100 %
88, 892 MHz, 60.19 W, 100 %
88, 1027 MHz, 60.75 W, 100 %
89, 1110 MHz, 61.70 W, 100 %
89, 1057 MHz, 61.47 W, 100 %
89, 855 MHz, 61.18 W, 100 %
89, 1215 MHz, 61.24 W, 100 %
89, 1267 MHz, 61.92 W, 100 %
89, 1275 MHz, 60.79 W, 100 %
88, 840 MHz, 59.09 W, 100 %
89, 840 MHz, 60.01 W, 100 %
89, 877 MHz, 60.93 W, 100 %
88, 855 MHz, 60.38 W, 100 %
88, 990 MHz, 61.99 W, 100 %
88, 802 MHz, 64.16 W, 100 %
88, 1005 MHz, 58.45 W, 100 %
89, 1252 MHz, 61.38 W, 100 %
88, 840 MHz, 59.83 W, 100 %
89, 907 MHz, 60.82 W, 98 %
89, 945 MHz, 61.38 W, 100 %
89, 915 MHz, 60.83 W, 100 %
89, 847 MHz, 59.73 W, 100 %
89, 862 MHz, 56.14 W, 100 %
89, 922 MHz, 58.64 W, 100 %
88, 1020 MHz, 59.70 W, 100 %
89, 1140 MHz, 61.19 W, 99 %
88, 712 MHz, 59.89 W, 100 %
88, 1005 MHz, 59.08 W, 100 %
88, 885 MHz, 59.86 W, 100 %
88, 1020 MHz, 59.13 W, 100 %
88, 795 MHz, 59.07 W, 100 %
89, 1162 MHz, 59.28 W, 100 %
89, 975 MHz, 62.17 W, 100 %
88, 840 MHz, 59.81 W, 100 %
88, 892 MHz, 58.61 W, 100 %
88, 810 MHz, 60.47 W, 100 %
88, 1170 MHz, 58.33 W, 50 %
88, 1035 MHz, 60.61 W, 100 %
89, 1260 MHz, 65.15 W, 100 %
88, 592 MHz, 60.91 W, 100 %
88, 982 MHz, 60.01 W, 100 %
89, 907 MHz, 60.67 W, 100 %
89, 817 MHz, 63.54 W, 100 %
88, 1057 MHz, 59.55 W, 100 %
88, 960 MHz, 59.54 W, 100 %
89, 982 MHz, 59.71 W, 100 %
89, 1020 MHz, 61.16 W, 100 %
89, 892 MHz, 62.52 W, 100 %
88, 832 MHz, 59.46 W, 100 %
89, 915 MHz, 58.85 W, 100 %
89, 847 MHz, 58.85 W, 100 %
88, 832 MHz, 58.43 W, 100 %
88, 952 MHz, 58.72 W, 100 %
89, 772 MHz, 58.94 W, 100 %
88, 1087 MHz, 59.21 W, 100 %
89, 892 MHz, 58.49 W, 100 %
89, 787 MHz, 59.63 W, 100 %
88, 832 MHz, 55.75 W, 100 %
88, 1117 MHz, 57.41 W, 100 %
88, 877 MHz, 58.02 W, 100 %
88, 1087 MHz, 60.67 W, 100 %
88, 915 MHz, 60.95 W, 100 %
88, 1057 MHz, 57.75 W, 100 %
89, 1305 MHz, 60.82 W, 100 %
88, 967 MHz, 58.22 W, 100 %
88, 870 MHz, 55.96 W, 100 %
88, 810 MHz, 57.71 W, 100 %
89, 1020 MHz, 61.14 W, 100 %
88, 862 MHz, 58.84 W, 100 %
88, 907 MHz, 58.86 W, 100 %
88, 847 MHz, 58.09 W, 89 %
88, 870 MHz, 61.07 W, 100 %
88, 907 MHz, 60.59 W, 100 %
88, 735 MHz, 59.54 W, 100 %
88, 997 MHz, 59.99 W, 100 %
88, 1012 MHz, 59.88 W, 100 %
89, 967 MHz, 59.66 W, 100 %
89, 847 MHz, 58.93 W, 100 %
88, 690 MHz, 57.90 W, 100 %
89, 982 MHz, 59.95 W, 100 %
89, 810 MHz, 58.49 W, 90 %
89, 795 MHz, 59.31 W, 100 %
88, 817 MHz, 59.01 W, 100 %
88, 817 MHz, 58.81 W, 100 %
88, 945 MHz, 58.78 W, 100 %
88, 817 MHz, 58.94 W, 100 %
89, 907 MHz, 60.87 W, 100 %
88, 877 MHz, 58.31 W, 100 %
89, 847 MHz, 59.67 W, 100 %
89, 885 MHz, 59.38 W, 100 %
89, 825 MHz, 59.41 W, 100 %
88, 862 MHz, 59.51 W, 100 %
88, 1005 MHz, 59.94 W, 100 %
89, 877 MHz, 59.64 W, 100 %
89, 930 MHz, 59.51 W, 100 %
89, 840 MHz, 59.69 W, 100 %
89, 847 MHz, 59.41 W, 100 %
89, 862 MHz, 59.78 W, 100 %
88, 892 MHz, 59.64 W, 100 %
89, 945 MHz, 59.29 W, 100 %
88, 967 MHz, 60.12 W, 100 %
88, 877 MHz, 59.53 W, 100 %
89, 877 MHz, 59.69 W, 100 %
88, 1050 MHz, 59.44 W, 100 %
89, 945 MHz, 59.17 W, 100 %
88, 930 MHz, 59.72 W, 100 %
88, 712 MHz, 58.10 W, 100 %
89, 915 MHz, 59.85 W, 100 %
89, 975 MHz, 59.89 W, 100 %
89, 937 MHz, 60.98 W, 100 %
89, 952 MHz, 61.13 W, 100 %
89, 757 MHz, 62.56 W, 100 %
89, 960 MHz, 59.99 W, 100 %
88, 930 MHz, 58.33 W, 95 %
88, 952 MHz, 58.39 W, 97 %
89, 1320 MHz, 65.31 W, 100 %
83, 217 MHz, 25.64 W, 0 %
89, 1357 MHz, 70.95 W, 100 %
89, 1267 MHz, 66.56 W, 99 %
89, 1267 MHz, 65.63 W, 99 %
88, 982 MHz, 60.22 W, 99 %
91, 1560 MHz, 56.62 W, 29 %
89, 1275 MHz, 64.78 W, 99 %
88, 1065 MHz, 59.81 W, 100 %
88, 982 MHz, 59.78 W, 98 %
84, 277 MHz, 28.05 W, 0 %
79, 210 MHz, 14.41 W, 0 %
77, 210 MHz, 14.08 W, 0 %
76, 210 MHz, 13.84 W, 0 %
75, 210 MHz, 13.75 W, 0 %
74, 210 MHz, 13.71 W, 0 %
74, 210 MHz, 13.62 W, 0 %
73, 210 MHz, 13.53 W, 0 %
73, 210 MHz, 13.47 W, 0 %
72, 210 MHz, 13.41 W, 0 %
72, 210 MHz, 13.26 W, 0 %
72, 210 MHz, 13.20 W, 0 %
71, 210 MHz, 13.26 W, 0 %
71, 210 MHz, 13.25 W, 0 %
71, 210 MHz, 13.17 W, 0 %
70, 210 MHz, 13.17 W, 0 %
70, 210 MHz, 13.11 W, 0 %
70, 210 MHz, 13.13 W, 0 %
69, 210 MHz, 13.02 W, 0 %
69, 210 MHz, 12.97 W, 0 %
69, 210 MHz, 13.05 W, 0 %
69, 210 MHz, 12.74 W, 0 %
68, 210 MHz, 12.95 W, 0 %
68, 210 MHz, 12.91 W, 0 %
68, 210 MHz, 12.88 W, 0 %
68, 210 MHz, 12.84 W, 0 %
68, 210 MHz, 12.80 W, 0 %
85, 1800 MHz, 114.39 W, 97 %
87, 1687 MHz, 98.70 W, 100 %
87, 1582 MHz, 88.66 W, 100 %
77, 210 MHz, 17.33 W, 0 %
74, 210 MHz, 13.75 W, 0 %
73, 210 MHz, 13.59 W, 0 %
72, 210 MHz, 13.45 W, 0 %
72, 210 MHz, 13.41 W, 0 %
87, 1777 MHz, 114.29 W, 99 %
87, 1567 MHz, 86.29 W, 99 %
86, 1477 MHz, 74.43 W, 99 %
85, 1942 MHz, 48.69 W, 0 %
79, 1702 MHz, 24.20 W, 0 %
87, 1387 MHz, 73.00 W, 99 %
88, 1387 MHz, 71.89 W, 99 %
88, 1387 MHz, 72.27 W, 99 %
88, 1387 MHz, 68.07 W, 100 %
88, 1387 MHz, 68.23 W, 100 %
88, 1275 MHz, 62.49 W, 99 %
88, 1290 MHz, 62.29 W, 98 %
89, 1297 MHz, 62.42 W, 99 %
89, 1312 MHz, 60.81 W, 100 %
84, 262 MHz, 27.77 W, 0 %
80, 210 MHz, 14.38 W, 0 %
78, 210 MHz, 14.07 W, 0 %
79, 1702 MHz, 24.90 W, 0 %
87, 1387 MHz, 71.61 W, 99 %
88, 1387 MHz, 72.20 W, 99 %
88, 1305 MHz, 67.24 W, 99 %
80, 210 MHz, 18.23 W, 0 %
78, 210 MHz, 14.07 W, 0 %
87, 1522 MHz, 77.81 W, 99 %
88, 1387 MHz, 71.77 W, 99 %
89, 1387 MHz, 72.08 W, 99 %
87, 1927 MHz, 43.72 W, 0 %
79, 210 MHz, 14.36 W, 0 %
77, 210 MHz, 14.00 W, 0 %
76, 210 MHz, 13.80 W, 0 %
75, 210 MHz, 13.64 W, 0 %
74, 210 MHz, 13.45 W, 0 %
74, 210 MHz, 13.46 W, 0 %
73, 210 MHz, 13.44 W, 0 %
72, 210 MHz, 13.36 W, 0 %
87, 1627 MHz, 92.60 W, 99 %
87, 1470 MHz, 78.16 W, 99 %
87, 1387 MHz, 71.64 W, 99 %
79, 210 MHz, 18.14 W, 0 %
76, 210 MHz, 13.89 W, 0 %
75, 210 MHz, 13.61 W, 0 %
87, 1672 MHz, 102.81 W, 100 %
86, 1515 MHz, 86.22 W, 100 %
87, 1432 MHz, 75.05 W, 100 %
88, 1387 MHz, 74.69 W, 100 %
89, 1387 MHz, 74.97 W, 100 %
86, 1800 MHz, 59.16 W, 0 %
89, 1387 MHz, 74.04 W, 99 %
89, 1305 MHz, 69.16 W, 96 %
89, 1072 MHz, 63.23 W, 100 %
89, 1200 MHz, 63.35 W, 100 %
88, 742 MHz, 60.36 W, 98 %
88, 720 MHz, 55.36 W, 99 %
89, 990 MHz, 55.88 W, 99 %
89, 1102 MHz, 56.36 W, 100 %
89, 930 MHz, 55.33 W, 100 %
89, 877 MHz, 58.98 W, 99 %
89, 847 MHz, 58.84 W, 100 %
88, 615 MHz, 52.80 W, 99 %
88, 630 MHz, 56.49 W, 99 %
89, 840 MHz, 56.32 W, 99 %
89, 802 MHz, 58.39 W, 99 %
89, 772 MHz, 56.66 W, 100 %
89, 742 MHz, 56.36 W, 100 %
89, 705 MHz, 55.72 W, 99 %
89, 720 MHz, 55.47 W, 100 %
89, 712 MHz, 55.60 W, 100 %
89, 712 MHz, 55.73 W, 100 %
89, 712 MHz, 55.87 W, 99 %
89, 765 MHz, 56.31 W, 100 %
89, 727 MHz, 56.17 W, 100 %
88, 472 MHz, 53.26 W, 100 %
89, 720 MHz, 55.22 W, 100 %
89, 667 MHz, 54.88 W, 99 %
89, 667 MHz, 51.89 W, 100 %
88, 405 MHz, 53.07 W, 100 %
89, 637 MHz, 53.60 W, 99 %
89, 735 MHz, 53.58 W, 100 %
89, 637 MHz, 53.53 W, 100 %
89, 630 MHz, 53.56 W, 99 %
89, 645 MHz, 53.57 W, 99 %
89, 637 MHz, 53.55 W, 100 %
88, 637 MHz, 53.76 W, 100 %
89, 622 MHz, 53.57 W, 98 %
89, 667 MHz, 51.81 W, 97 %
88, 622 MHz, 51.81 W, 98 %
81, 210 MHz, 14.76 W, 0 %
79, 210 MHz, 14.36 W, 0 %
78, 210 MHz, 14.25 W, 0 %
77, 210 MHz, 13.99 W, 0 %
87, 1387 MHz, 74.57 W, 100 %
88, 1387 MHz, 74.07 W, 100 %
88, 1267 MHz, 67.59 W, 100 %
80, 210 MHz, 15.39 W, 0 %
78, 210 MHz, 14.21 W, 0 %
76, 210 MHz, 13.97 W, 0 %
75, 210 MHz, 13.92 W, 0 %
75, 210 MHz, 13.79 W, 0 %
74, 210 MHz, 13.74 W, 0 %
74, 210 MHz, 13.71 W, 0 %
74, 210 MHz, 13.63 W, 0 %
73, 210 MHz, 13.62 W, 0 %
73, 210 MHz, 13.58 W, 0 %
73, 210 MHz, 13.50 W, 0 %
72, 210 MHz, 13.49 W, 0 %
72, 210 MHz, 13.45 W, 0 %
87, 1755 MHz, 106.68 W, 100 %
87, 1530 MHz, 83.94 W, 100 %
87, 1440 MHz, 75.38 W, 100 %
87, 1387 MHz, 74.42 W, 100 %
82, 1702 MHz, 34.80 W, 0 %
80, 210 MHz, 20.98 W, 0 %
87, 1387 MHz, 74.15 W, 100 %
88, 1387 MHz, 74.86 W, 100 %
89, 1320 MHz, 71.78 W, 100 %
88, 1192 MHz, 65.13 W, 100 %
87, 1905 MHz, 41.27 W, 0 %
79, 210 MHz, 14.29 W, 0 %
77, 210 MHz, 14.04 W, 0 %
76, 210 MHz, 13.85 W, 0 %
75, 210 MHz, 13.81 W, 0 %
74, 210 MHz, 13.65 W, 0 %
74, 210 MHz, 13.61 W, 0 %
73, 210 MHz, 13.52 W, 0 %
73, 210 MHz, 13.51 W, 0 %
73, 210 MHz, 13.43 W, 0 %
72, 210 MHz, 13.35 W, 0 %
72, 210 MHz, 13.35 W, 0 %
72, 210 MHz, 13.31 W, 0 %
71, 210 MHz, 13.28 W, 0 %
71, 210 MHz, 13.21 W, 0 %
71, 210 MHz, 13.20 W, 0 %
70, 210 MHz, 13.17 W, 0 %
70, 210 MHz, 13.09 W, 0 %
70, 210 MHz, 13.16 W, 0 %
70, 210 MHz, 13.08 W, 0 %
69, 210 MHz, 13.07 W, 0 %
69, 210 MHz, 13.02 W, 0 %
69, 210 MHz, 12.93 W, 0 %
69, 210 MHz, 12.94 W, 0 %
69, 210 MHz, 12.94 W, 0 %
69, 210 MHz, 12.91 W, 0 %
69, 210 MHz, 12.92 W, 0 %
68, 210 MHz, 12.90 W, 0 %
68, 210 MHz, 12.88 W, 0 %
68, 210 MHz, 12.87 W, 0 %
68, 210 MHz, 12.83 W, 0 %
68, 210 MHz, 12.81 W, 0 %
67, 210 MHz, 12.80 W, 0 %
67, 210 MHz, 12.72 W, 0 %
67, 210 MHz, 12.76 W, 0 %
67, 210 MHz, 12.76 W, 0 %
67, 210 MHz, 12.73 W, 0 %
67, 210 MHz, 12.69 W, 0 %
67, 210 MHz, 12.66 W, 0 %
67, 210 MHz, 12.69 W, 0 %
66, 210 MHz, 12.66 W, 0 %
66, 210 MHz, 12.64 W, 0 %
66, 210 MHz, 12.67 W, 0 %
66, 210 MHz, 12.60 W, 0 %
66, 210 MHz, 12.62 W, 0 %
66, 210 MHz, 12.63 W, 0 %
66, 210 MHz, 12.55 W, 0 %
66, 210 MHz, 12.60 W, 0 %
66, 210 MHz, 12.56 W, 0 %
66, 210 MHz, 12.57 W, 0 %
66, 210 MHz, 12.57 W, 0 %
66, 210 MHz, 12.53 W, 0 %
65, 210 MHz, 12.57 W, 0 %
65, 210 MHz, 12.54 W, 0 %
65, 210 MHz, 12.53 W, 0 %
65, 210 MHz, 12.39 W, 0 %
65, 210 MHz, 12.55 W, 0 %
65, 210 MHz, 12.52 W, 0 %
65, 210 MHz, 12.50 W, 0 %
65, 210 MHz, 12.49 W, 0 %
65, 210 MHz, 12.51 W, 0 %
64, 210 MHz, 12.49 W, 0 %
64, 210 MHz, 12.47 W, 0 %
64, 210 MHz, 12.48 W, 0 %
64, 210 MHz, 12.45 W, 0 %
64, 210 MHz, 12.47 W, 0 %
64, 210 MHz, 12.46 W, 0 %
64, 210 MHz, 12.44 W, 0 %
64, 210 MHz, 12.43 W, 0 %
64, 210 MHz, 12.39 W, 0 %
64, 210 MHz, 12.45 W, 0 %
64, 210 MHz, 12.42 W, 0 %
64, 210 MHz, 12.42 W, 0 %
64, 210 MHz, 12.39 W, 0 %
64, 210 MHz, 12.40 W, 0 %
64, 210 MHz, 12.42 W, 0 %
63, 210 MHz, 12.40 W, 0 %
63, 210 MHz, 12.42 W, 0 %
63, 210 MHz, 12.40 W, 0 %
63, 210 MHz, 12.36 W, 0 %
63, 210 MHz, 12.32 W, 0 %
63, 210 MHz, 12.33 W, 0 %
63, 210 MHz, 12.32 W, 0 %
63, 210 MHz, 12.35 W, 0 %
63, 210 MHz, 12.33 W, 0 %
63, 210 MHz, 12.31 W, 0 %
62, 210 MHz, 12.31 W, 0 %
62, 210 MHz, 12.35 W, 0 %
62, 210 MHz, 12.30 W, 0 %
62, 210 MHz, 12.31 W, 0 %
62, 210 MHz, 12.32 W, 0 %
62, 210 MHz, 12.29 W, 0 %
62, 210 MHz, 12.29 W, 0 %
62, 210 MHz, 12.29 W, 0 %
62, 210 MHz, 12.28 W, 0 %
62, 210 MHz, 12.28 W, 0 %
62, 210 MHz, 12.29 W, 0 %
62, 210 MHz, 12.28 W, 0 %
62, 210 MHz, 12.27 W, 0 %
62, 210 MHz, 12.25 W, 0 %
62, 210 MHz, 12.25 W, 0 %
62, 210 MHz, 12.26 W, 0 %
62, 210 MHz, 12.26 W, 0 %
61, 210 MHz, 12.23 W, 0 %
61, 210 MHz, 12.24 W, 0 %
61, 210 MHz, 12.23 W, 0 %
61, 210 MHz, 12.15 W, 0 %
61, 210 MHz, 12.20 W, 0 %
61, 210 MHz, 12.21 W, 0 %
61, 210 MHz, 12.20 W, 0 %
61, 210 MHz, 12.13 W, 0 %
61, 210 MHz, 12.13 W, 0 %
61, 210 MHz, 12.15 W, 0 %
79, 1837 MHz, 114.37 W, 100 %
83, 1807 MHz, 114.45 W, 100 %
86, 1792 MHz, 114.59 W, 100 %
86, 1710 MHz, 103.78 W, 100 %
87, 1672 MHz, 97.00 W, 100 %
87, 1612 MHz, 91.51 W, 100 %
87, 1560 MHz, 88.37 W, 100 %
87, 1515 MHz, 81.89 W, 100 %
87, 1515 MHz, 82.11 W, 100 %
87, 1500 MHz, 81.00 W, 100 %
87, 1477 MHz, 75.93 W, 100 %
87, 1447 MHz, 77.45 W, 100 %
87, 1417 MHz, 73.34 W, 100 %
87, 1387 MHz, 73.38 W, 100 %
87, 1387 MHz, 73.31 W, 100 %
87, 1387 MHz, 73.43 W, 100 %
87, 1387 MHz, 73.51 W, 100 %
88, 1387 MHz, 73.39 W, 100 %
88, 1387 MHz, 73.59 W, 100 %
88, 1387 MHz, 73.82 W, 100 %
89, 1387 MHz, 73.99 W, 100 %
89, 1387 MHz, 74.16 W, 100 %
89, 1387 MHz, 70.53 W, 100 %
89, 1380 MHz, 73.01 W, 100 %
89, 1372 MHz, 72.52 W, 100 %
89, 1327 MHz, 70.22 W, 100 %
89, 1327 MHz, 70.23 W, 100 %
89, 1290 MHz, 68.36 W, 100 %
89, 1297 MHz, 68.43 W, 100 %
89, 1297 MHz, 68.26 W, 100 %
89, 1275 MHz, 66.99 W, 100 %
89, 1252 MHz, 67.01 W, 100 %
89, 1267 MHz, 66.74 W, 100 %
88, 802 MHz, 62.30 W, 100 %
89, 975 MHz, 61.56 W, 100 %
89, 952 MHz, 61.50 W, 100 %
89, 982 MHz, 61.58 W, 100 %
88, 1057 MHz, 61.56 W, 100 %
88, 1065 MHz, 61.65 W, 100 %
88, 1027 MHz, 61.67 W, 100 %
88, 1012 MHz, 61.58 W, 100 %
88, 1065 MHz, 61.59 W, 100 %
88, 975 MHz, 61.69 W, 100 %
89, 1012 MHz, 61.59 W, 100 %
88, 1080 MHz, 61.69 W, 100 %
88, 967 MHz, 61.64 W, 100 %
88, 1050 MHz, 61.58 W, 100 %
89, 1080 MHz, 61.52 W, 100 %
89, 982 MHz, 61.66 W, 100 %
89, 1027 MHz, 61.65 W, 100 %
89, 1065 MHz, 61.48 W, 100 %
85, 1492 MHz, 38.29 W, 0 %
80, 210 MHz, 14.50 W, 0 %
78, 210 MHz, 14.16 W, 0 %
76, 210 MHz, 14.05 W, 0 %
75, 210 MHz, 13.74 W, 0 %
74, 210 MHz, 13.60 W, 0 %
73, 210 MHz, 13.41 W, 0 %
73, 210 MHz, 13.47 W, 0 %
72, 210 MHz, 13.39 W, 0 %
72, 210 MHz, 13.37 W, 0 %
71, 210 MHz, 13.41 W, 0 %
71, 210 MHz, 13.26 W, 0 %
71, 210 MHz, 13.19 W, 0 %
71, 210 MHz, 13.19 W, 0 %
70, 210 MHz, 13.16 W, 0 %
70, 210 MHz, 13.12 W, 0 %
69, 210 MHz, 13.05 W, 0 %
69, 210 MHz, 13.01 W, 0 %
69, 210 MHz, 12.94 W, 0 %
69, 210 MHz, 12.92 W, 0 %
68, 210 MHz, 12.89 W, 0 %
68, 210 MHz, 12.88 W, 0 %
68, 210 MHz, 12.77 W, 0 %
68, 210 MHz, 12.61 W, 0 %
68, 210 MHz, 12.65 W, 0 %
68, 210 MHz, 12.66 W, 0 %
67, 210 MHz, 12.69 W, 0 %
67, 210 MHz, 12.60 W, 0 %
66, 210 MHz, 12.58 W, 0 %
66, 210 MHz, 12.53 W, 0 %
65, 210 MHz, 12.51 W, 0 %
65, 210 MHz, 12.46 W, 0 %
65, 210 MHz, 12.44 W, 0 %
64, 210 MHz, 12.42 W, 0 %
64, 210 MHz, 12.36 W, 0 %
64, 210 MHz, 12.35 W, 0 %
63, 210 MHz, 12.30 W, 0 %
63, 210 MHz, 12.31 W, 0 %
63, 210 MHz, 12.26 W, 0 %
63, 210 MHz, 12.27 W, 0 %
62, 210 MHz, 12.22 W, 0 %
62, 210 MHz, 12.23 W, 0 %
62, 210 MHz, 12.21 W, 0 %
62, 210 MHz, 12.19 W, 0 %
61, 210 MHz, 12.20 W, 0 %
61, 210 MHz, 12.22 W, 0 %
61, 210 MHz, 12.23 W, 0 %
61, 210 MHz, 12.20 W, 0 %
61, 210 MHz, 12.18 W, 0 %
61, 210 MHz, 12.16 W, 0 %
60, 210 MHz, 12.19 W, 0 %
60, 210 MHz, 12.14 W, 0 %
60, 210 MHz, 12.10 W, 0 %
60, 210 MHz, 12.07 W, 0 %
60, 210 MHz, 12.06 W, 0 %
59, 210 MHz, 12.03 W, 0 %
59, 210 MHz, 12.01 W, 0 %
59, 210 MHz, 12.01 W, 0 %
59, 210 MHz, 11.98 W, 0 %
59, 210 MHz, 11.97 W, 0 %
58, 210 MHz, 11.97 W, 0 %
58, 210 MHz, 11.96 W, 0 %
58, 210 MHz, 11.93 W, 0 %
58, 210 MHz, 11.99 W, 0 %
58, 210 MHz, 11.91 W, 0 %
58, 210 MHz, 11.92 W, 0 %
58, 210 MHz, 11.90 W, 0 %
57, 210 MHz, 11.91 W, 0 %
57, 210 MHz, 11.88 W, 0 %
57, 210 MHz, 11.87 W, 0 %
57, 210 MHz, 11.84 W, 0 %
57, 210 MHz, 11.80 W, 0 %
57, 210 MHz, 11.77 W, 0 %
57, 210 MHz, 11.76 W, 0 %
56, 210 MHz, 11.78 W, 0 %
56, 210 MHz, 11.75 W, 0 %
56, 210 MHz, 11.78 W, 0 %
56, 210 MHz, 11.72 W, 0 %
56, 210 MHz, 11.68 W, 0 %
56, 210 MHz, 11.70 W, 0 %
55, 210 MHz, 11.73 W, 0 %
55, 210 MHz, 11.64 W, 0 %
55, 210 MHz, 11.62 W, 0 %
55, 210 MHz, 11.71 W, 0 %
55, 210 MHz, 11.64 W, 0 %
55, 210 MHz, 11.61 W, 0 %
55, 210 MHz, 11.61 W, 0 %
55, 210 MHz, 11.60 W, 0 %
54, 210 MHz, 11.57 W, 0 %
54, 210 MHz, 11.59 W, 0 %
54, 210 MHz, 11.56 W, 0 %
54, 210 MHz, 11.51 W, 0 %
54, 210 MHz, 11.51 W, 0 %
54, 210 MHz, 11.52 W, 0 %
54, 210 MHz, 11.51 W, 0 %
54, 210 MHz, 11.52 W, 0 %
54, 210 MHz, 11.53 W, 0 %
54, 210 MHz, 11.50 W, 0 %
54, 210 MHz, 11.51 W, 0 %
54, 210 MHz, 11.50 W, 0 %
54, 210 MHz, 11.49 W, 0 %
53, 210 MHz, 11.50 W, 0 %
54, 210 MHz, 11.44 W, 0 %
54, 210 MHz, 11.56 W, 0 %
54, 210 MHz, 11.60 W, 0 %
54, 210 MHz, 11.59 W, 0 %
54, 210 MHz, 11.58 W, 0 %
54, 210 MHz, 11.59 W, 0 %
54, 210 MHz, 11.47 W, 0 %
54, 210 MHz, 11.58 W, 0 %
54, 210 MHz, 11.53 W, 0 %
54, 210 MHz, 11.50 W, 0 %
54, 210 MHz, 11.54 W, 0 %
54, 210 MHz, 11.55 W, 0 %
54, 210 MHz, 11.55 W, 0 %
54, 210 MHz, 11.51 W, 0 %
54, 210 MHz, 11.47 W, 0 %
53, 210 MHz, 11.52 W, 0 %
53, 210 MHz, 11.55 W, 0 %
53, 210 MHz, 11.48 W, 0 %
53, 210 MHz, 11.45 W, 0 %
53, 210 MHz, 11.49 W, 0 %
53, 210 MHz, 11.55 W, 0 %
53, 210 MHz, 11.52 W, 0 %
53, 210 MHz, 11.44 W, 0 %
53, 210 MHz, 11.44 W, 0 %
53, 210 MHz, 11.41 W, 0 %
53, 210 MHz, 11.40 W, 0 %
53, 210 MHz, 11.45 W, 0 %
53, 210 MHz, 11.44 W, 0 %
53, 210 MHz, 11.44 W, 0 %
53, 210 MHz, 11.42 W, 0 %
53, 210 MHz, 11.40 W, 0 %
53, 210 MHz, 11.39 W, 0 %
53, 210 MHz, 11.39 W, 0 %
53, 210 MHz, 11.44 W, 0 %
53, 210 MHz, 11.40 W, 0 %
53, 210 MHz, 11.42 W, 0 %
53, 210 MHz, 11.41 W, 0 %
53, 210 MHz, 11.52 W, 0 %
53, 210 MHz, 11.46 W, 0 %
53, 210 MHz, 11.41 W, 0 %
53, 210 MHz, 11.48 W, 0 %
53, 210 MHz, 11.40 W, 0 %
53, 210 MHz, 11.44 W, 0 %
53, 210 MHz, 11.37 W, 0 %
53, 210 MHz, 11.40 W, 0 %
53, 210 MHz, 11.45 W, 0 %
53, 210 MHz, 11.40 W, 0 %
53, 210 MHz, 11.39 W, 0 %
53, 210 MHz, 11.39 W, 0 %
53, 210 MHz, 11.40 W, 0 %
53, 210 MHz, 11.42 W, 0 %
53, 210 MHz, 11.41 W, 0 %
53, 210 MHz, 11.34 W, 0 %
53, 210 MHz, 11.40 W, 0 %
53, 210 MHz, 11.38 W, 0 %
53, 210 MHz, 11.39 W, 0 %
53, 210 MHz, 11.40 W, 0 %
53, 210 MHz, 11.40 W, 0 %
53, 210 MHz, 11.39 W, 0 %
53, 210 MHz, 11.39 W, 0 %
53, 210 MHz, 11.40 W, 0 %
53, 210 MHz, 11.41 W, 0 %
53, 210 MHz, 11.44 W, 0 %
53, 210 MHz, 11.40 W, 0 %
53, 210 MHz, 11.43 W, 0 %
53, 210 MHz, 11.41 W, 0 %
53, 210 MHz, 11.46 W, 0 %
53, 210 MHz, 11.42 W, 0 %
53, 210 MHz, 11.46 W, 0 %
53, 210 MHz, 11.39 W, 0 %
53, 210 MHz, 11.41 W, 0 %
53, 210 MHz, 11.41 W, 0 %
53, 210 MHz, 11.44 W, 0 %
53, 210 MHz, 11.40 W, 0 %
53, 210 MHz, 11.46 W, 0 %
53, 210 MHz, 11.42 W, 0 %
53, 210 MHz, 11.43 W, 0 %
53, 210 MHz, 11.41 W, 0 %
53, 210 MHz, 11.41 W, 0 %
53, 210 MHz, 11.46 W, 0 %
53, 210 MHz, 11.41 W, 0 %
53, 210 MHz, 11.41 W, 0 %
53, 210 MHz, 11.49 W, 0 %
53, 210 MHz, 11.41 W, 0 %
53, 210 MHz, 11.40 W, 0 %
52, 210 MHz, 11.43 W, 0 %
53, 210 MHz, 11.47 W, 0 %
53, 210 MHz, 11.42 W, 0 %
53, 210 MHz, 11.42 W, 0 %
53, 210 MHz, 11.42 W, 0 %
53, 210 MHz, 11.39 W, 0 %
52, 210 MHz, 11.42 W, 0 %
53, 210 MHz, 11.47 W, 0 %
53, 210 MHz, 11.42 W, 0 %
53, 210 MHz, 11.46 W, 0 %
53, 210 MHz, 11.42 W, 0 %
53, 210 MHz, 11.46 W, 0 %
53, 210 MHz, 11.41 W, 0 %
53, 210 MHz, 11.43 W, 0 %
53, 210 MHz, 11.51 W, 0 %
53, 210 MHz, 11.41 W, 0 %
53, 210 MHz, 11.44 W, 0 %
53, 210 MHz, 11.43 W, 0 %
53, 210 MHz, 11.43 W, 0 %
53, 210 MHz, 11.46 W, 0 %
53, 210 MHz, 11.45 W, 0 %
53, 210 MHz, 11.45 W, 0 %
53, 210 MHz, 11.42 W, 0 %
53, 210 MHz, 11.43 W, 0 %
53, 210 MHz, 11.42 W, 0 %
53, 210 MHz, 11.41 W, 0 %
53, 210 MHz, 11.43 W, 0 %
53, 210 MHz, 11.49 W, 0 %
53, 210 MHz, 11.41 W, 0 %
53, 210 MHz, 11.41 W, 0 %
53, 210 MHz, 11.39 W, 0 %
53, 210 MHz, 11.40 W, 0 %
53, 210 MHz, 11.52 W, 0 %
53, 210 MHz, 11.44 W, 0 %
53, 210 MHz, 11.42 W, 0 %
53, 210 MHz, 11.40 W, 0 %
53, 210 MHz, 11.40 W, 0 %
53, 210 MHz, 11.41 W, 0 %
53, 210 MHz, 11.41 W, 0 %
53, 210 MHz, 11.40 W, 0 %
53, 210 MHz, 11.45 W, 0 %
53, 210 MHz, 11.40 W, 0 %
53, 210 MHz, 11.42 W, 0 %
53, 210 MHz, 11.47 W, 0 %
53, 210 MHz, 11.40 W, 0 %
53, 210 MHz, 11.43 W, 0 %
53, 210 MHz, 11.41 W, 0 %
53, 210 MHz, 11.47 W, 0 %
53, 210 MHz, 11.43 W, 0 %
53, 210 MHz, 11.47 W, 0 %
53, 210 MHz, 11.44 W, 0 %
53, 210 MHz, 11.43 W, 0 %
53, 210 MHz, 11.43 W, 0 %
53, 210 MHz, 11.42 W, 0 %
53, 210 MHz, 11.41 W, 0 %
53, 210 MHz, 11.48 W, 0 %
53, 210 MHz, 11.44 W, 0 %
53, 210 MHz, 11.40 W, 0 %
53, 210 MHz, 11.43 W, 0 %
53, 210 MHz, 11.40 W, 0 %
53, 210 MHz, 11.44 W, 0 %
53, 210 MHz, 11.41 W, 0 %
53, 210 MHz, 11.42 W, 0 %
53, 210 MHz, 11.38 W, 0 %
53, 210 MHz, 11.43 W, 0 %
53, 210 MHz, 11.44 W, 0 %
53, 210 MHz, 11.37 W, 0 %
52, 210 MHz, 11.40 W, 0 %
52, 210 MHz, 11.38 W, 0 %
53, 210 MHz, 11.38 W, 0 %
53, 210 MHz, 11.44 W, 0 %
53, 210 MHz, 11.42 W, 0 %
53, 210 MHz, 11.43 W, 0 %
53, 210 MHz, 11.48 W, 0 %
53, 210 MHz, 11.44 W, 0 %
53, 210 MHz, 11.42 W, 0 %
53, 210 MHz, 11.38 W, 0 %
53, 210 MHz, 11.39 W, 0 %
53, 210 MHz, 11.38 W, 0 %
53, 210 MHz, 11.39 W, 0 %
53, 210 MHz, 11.40 W, 0 %
53, 210 MHz, 11.43 W, 0 %
53, 210 MHz, 11.39 W, 0 %
53, 210 MHz, 11.41 W, 0 %
52, 210 MHz, 11.38 W, 0 %
52, 210 MHz, 11.42 W, 0 %
53, 210 MHz, 11.46 W, 0 %
52, 210 MHz, 11.42 W, 0 %
52, 210 MHz, 11.40 W, 0 %
53, 210 MHz, 11.37 W, 0 %
52, 210 MHz, 11.39 W, 0 %
53, 210 MHz, 11.44 W, 0 %
53, 210 MHz, 11.39 W, 0 %
53, 210 MHz, 11.43 W, 0 %
53, 210 MHz, 11.38 W, 0 %
52, 210 MHz, 11.40 W, 0 %
52, 210 MHz, 11.40 W, 0 %
53, 210 MHz, 11.49 W, 0 %
53, 210 MHz, 11.42 W, 0 %
53, 210 MHz, 11.44 W, 0 %
53, 210 MHz, 11.40 W, 0 %
53, 210 MHz, 11.40 W, 0 %
53, 210 MHz, 11.37 W, 0 %
53, 210 MHz, 11.45 W, 0 %
53, 210 MHz, 11.45 W, 0 %
53, 210 MHz, 11.42 W, 0 %
52, 210 MHz, 11.45 W, 0 %
52, 210 MHz, 11.45 W, 0 %
52, 210 MHz, 11.39 W, 0 %
52, 210 MHz, 11.43 W, 0 %
52, 210 MHz, 11.41 W, 0 %
52, 210 MHz, 11.43 W, 0 %
52, 210 MHz, 11.38 W, 0 %
52, 210 MHz, 11.42 W, 0 %
52, 210 MHz, 11.38 W, 0 %
52, 210 MHz, 11.40 W, 0 %
52, 210 MHz, 11.40 W, 0 %
52, 210 MHz, 11.38 W, 0 %
52, 210 MHz, 11.35 W, 0 %
52, 210 MHz, 11.39 W, 0 %
52, 210 MHz, 11.39 W, 0 %
52, 210 MHz, 11.40 W, 0 %
52, 210 MHz, 11.45 W, 0 %
52, 210 MHz, 11.39 W, 0 %
52, 210 MHz, 11.33 W, 0 %
52, 210 MHz, 11.33 W, 0 %
53, 210 MHz, 11.37 W, 0 %
52, 210 MHz, 11.40 W, 0 %
52, 210 MHz, 11.40 W, 0 %
52, 210 MHz, 11.38 W, 0 %
52, 210 MHz, 11.37 W, 0 %
52, 210 MHz, 11.34 W, 0 %
52, 210 MHz, 11.43 W, 0 %
52, 210 MHz, 11.38 W, 0 %
52, 210 MHz, 11.34 W, 0 %
52, 210 MHz, 11.39 W, 0 %
52, 210 MHz, 11.34 W, 0 %
52, 210 MHz, 11.37 W, 0 %
53, 210 MHz, 11.33 W, 0 %
53, 210 MHz, 11.37 W, 0 %
53, 210 MHz, 11.36 W, 0 %
53, 210 MHz, 11.37 W, 0 %
53, 210 MHz, 11.34 W, 0 %
53, 210 MHz, 11.40 W, 0 %
53, 210 MHz, 11.36 W, 0 %
52, 210 MHz, 11.40 W, 0 %
52, 210 MHz, 11.42 W, 0 %
52, 210 MHz, 11.39 W, 0 %
52, 210 MHz, 11.39 W, 0 %
52, 210 MHz, 11.39 W, 0 %
52, 210 MHz, 11.39 W, 0 %
52, 210 MHz, 11.37 W, 0 %
52, 210 MHz, 11.42 W, 0 %
52, 210 MHz, 11.38 W, 0 %
52, 210 MHz, 11.40 W, 0 %
52, 210 MHz, 11.42 W, 0 %
52, 210 MHz, 11.42 W, 0 %
52, 210 MHz, 11.40 W, 0 %
52, 210 MHz, 11.37 W, 0 %
52, 210 MHz, 11.36 W, 0 %
52, 210 MHz, 11.39 W, 0 %
52, 210 MHz, 11.43 W, 0 %
52, 210 MHz, 11.39 W, 0 %
53, 210 MHz, 11.40 W, 0 %
53, 210 MHz, 11.37 W, 0 %
53, 210 MHz, 11.39 W, 0 %
53, 210 MHz, 11.39 W, 0 %
53, 210 MHz, 11.43 W, 0 %
52, 210 MHz, 11.44 W, 0 %
52, 210 MHz, 11.38 W, 0 %
52, 210 MHz, 11.37 W, 0 %
52, 210 MHz, 11.38 W, 0 %
52, 210 MHz, 11.39 W, 0 %
52, 210 MHz, 11.44 W, 0 %
52, 210 MHz, 11.40 W, 0 %
52, 210 MHz, 11.38 W, 0 %
52, 210 MHz, 11.37 W, 0 %
52, 210 MHz, 11.35 W, 0 %
52, 210 MHz, 11.38 W, 0 %
52, 210 MHz, 11.38 W, 0 %
52, 210 MHz, 11.38 W, 0 %
52, 210 MHz, 11.40 W, 0 %
52, 210 MHz, 11.38 W, 0 %
52, 210 MHz, 11.37 W, 0 %
52, 210 MHz, 11.34 W, 0 %
52, 210 MHz, 11.40 W, 0 %
52, 210 MHz, 11.35 W, 0 %
52, 210 MHz, 11.33 W, 0 %
52, 210 MHz, 11.34 W, 0 %
52, 210 MHz, 11.34 W, 0 %
52, 210 MHz, 11.35 W, 0 %
52, 210 MHz, 11.35 W, 0 %
52, 210 MHz, 11.37 W, 0 %
52, 210 MHz, 11.39 W, 0 %
52, 210 MHz, 11.35 W, 0 %
52, 210 MHz, 11.31 W, 0 %
52, 210 MHz, 11.31 W, 0 %
52, 210 MHz, 11.35 W, 0 %
52, 210 MHz, 11.38 W, 0 %
52, 210 MHz, 11.41 W, 0 %
52, 210 MHz, 11.37 W, 0 %
52, 210 MHz, 11.28 W, 0 %
52, 210 MHz, 11.32 W, 0 %
52, 210 MHz, 11.37 W, 0 %
52, 210 MHz, 11.35 W, 0 %
52, 210 MHz, 11.37 W, 0 %
52, 210 MHz, 11.37 W, 0 %
52, 210 MHz, 11.39 W, 0 %
52, 210 MHz, 11.36 W, 0 %
52, 210 MHz, 11.35 W, 0 %
52, 210 MHz, 11.37 W, 0 %
52, 210 MHz, 11.39 W, 0 %
52, 210 MHz, 11.44 W, 0 %
52, 210 MHz, 11.39 W, 0 %
52, 210 MHz, 11.39 W, 0 %
52, 210 MHz, 11.39 W, 0 %
52, 210 MHz, 11.37 W, 0 %
52, 210 MHz, 11.39 W, 0 %
52, 210 MHz, 11.37 W, 0 %
52, 210 MHz, 11.34 W, 0 %
52, 210 MHz, 11.34 W, 0 %
52, 210 MHz, 11.33 W, 0 %
52, 210 MHz, 11.32 W, 0 %
52, 210 MHz, 11.43 W, 0 %
52, 210 MHz, 11.42 W, 0 %
52, 210 MHz, 11.31 W, 0 %
52, 210 MHz, 11.31 W, 0 %
52, 210 MHz, 11.36 W, 0 %
52, 210 MHz, 11.35 W, 0 %
53, 210 MHz, 11.35 W, 0 %
52, 210 MHz, 11.32 W, 0 %
52, 210 MHz, 11.32 W, 0 %
52, 210 MHz, 11.31 W, 0 %
52, 210 MHz, 11.34 W, 0 %
52, 210 MHz, 11.37 W, 0 %
52, 210 MHz, 11.33 W, 0 %
52, 210 MHz, 11.31 W, 0 %
52, 210 MHz, 11.36 W, 0 %
52, 210 MHz, 11.32 W, 0 %
52, 210 MHz, 11.36 W, 0 %
52, 210 MHz, 11.31 W, 0 %
52, 210 MHz, 11.31 W, 0 %
52, 210 MHz, 11.35 W, 0 %
52, 210 MHz, 11.35 W, 0 %
52, 210 MHz, 11.40 W, 0 %
52, 210 MHz, 11.35 W, 0 %
52, 210 MHz, 11.38 W, 0 %
52, 210 MHz, 11.34 W, 0 %
52, 210 MHz, 11.36 W, 0 %
52, 210 MHz, 11.30 W, 0 %
52, 210 MHz, 11.35 W, 0 %
53, 210 MHz, 11.35 W, 0 %
53, 210 MHz, 11.34 W, 0 %
53, 210 MHz, 11.34 W, 0 %
53, 210 MHz, 11.33 W, 0 %
53, 210 MHz, 11.34 W, 0 %
52, 210 MHz, 11.32 W, 0 %
52, 210 MHz, 11.34 W, 0 %
52, 210 MHz, 11.28 W, 0 %
52, 210 MHz, 11.29 W, 0 %
52, 210 MHz, 11.29 W, 0 %
52, 210 MHz, 11.31 W, 0 %
52, 210 MHz, 11.30 W, 0 %
52, 210 MHz, 11.30 W, 0 %
52, 210 MHz, 11.28 W, 0 %
52, 210 MHz, 11.27 W, 0 %
52, 210 MHz, 11.30 W, 0 %
52, 210 MHz, 11.25 W, 0 %
52, 210 MHz, 11.33 W, 0 %
52, 210 MHz, 11.33 W, 0 %
52, 210 MHz, 11.32 W, 0 %
52, 210 MHz, 11.28 W, 0 %
52, 210 MHz, 11.29 W, 0 %
52, 210 MHz, 11.29 W, 0 %
53, 210 MHz, 11.29 W, 0 %
53, 210 MHz, 11.32 W, 0 %
52, 210 MHz, 11.27 W, 0 %
53, 210 MHz, 11.26 W, 0 %
52, 210 MHz, 11.28 W, 0 %
52, 210 MHz, 11.33 W, 0 %
53, 210 MHz, 11.29 W, 0 %
52, 210 MHz, 11.33 W, 0 %
52, 210 MHz, 11.31 W, 0 %
52, 210 MHz, 11.30 W, 0 %
52, 210 MHz, 11.33 W, 0 %
52, 210 MHz, 11.32 W, 0 %
52, 210 MHz, 11.31 W, 0 %
52, 210 MHz, 11.33 W, 0 %
52, 210 MHz, 11.29 W, 0 %
52, 210 MHz, 11.35 W, 0 %
52, 210 MHz, 11.32 W, 0 %
52, 210 MHz, 11.34 W, 0 %
52, 210 MHz, 11.36 W, 0 %
52, 210 MHz, 11.37 W, 0 %
52, 210 MHz, 11.35 W, 0 %
52, 210 MHz, 11.29 W, 0 %
52, 210 MHz, 11.32 W, 0 %
52, 210 MHz, 11.31 W, 0 %
52, 210 MHz, 11.34 W, 0 %
53, 210 MHz, 11.43 W, 0 %
53, 210 MHz, 11.45 W, 0 %
53, 210 MHz, 11.43 W, 0 %
53, 210 MHz, 11.46 W, 0 %
53, 210 MHz, 11.46 W, 0 %
53, 210 MHz, 11.47 W, 0 %
53, 210 MHz, 11.42 W, 0 %
52, 210 MHz, 11.42 W, 0 %
53, 210 MHz, 11.43 W, 0 %
53, 210 MHz, 11.43 W, 0 %
53, 210 MHz, 11.41 W, 0 %
53, 210 MHz, 11.37 W, 0 %
53, 210 MHz, 11.32 W, 0 %
53, 210 MHz, 11.39 W, 0 %
53, 210 MHz, 11.36 W, 0 %
53, 210 MHz, 11.34 W, 0 %
52, 210 MHz, 11.36 W, 0 %
52, 210 MHz, 11.39 W, 0 %
53, 210 MHz, 11.36 W, 0 %
53, 210 MHz, 11.36 W, 0 %
53, 210 MHz, 11.32 W, 0 %
53, 210 MHz, 11.38 W, 0 %
53, 210 MHz, 11.35 W, 0 %
53, 210 MHz, 11.36 W, 0 %
53, 210 MHz, 11.40 W, 0 %
53, 210 MHz, 11.37 W, 0 %
52, 210 MHz, 11.37 W, 0 %
52, 210 MHz, 11.35 W, 0 %
53, 210 MHz, 11.32 W, 0 %
53, 210 MHz, 11.32 W, 0 %
53, 210 MHz, 11.32 W, 0 %
53, 210 MHz, 11.34 W, 0 %
53, 210 MHz, 11.32 W, 0 %
53, 210 MHz, 11.38 W, 0 %
53, 210 MHz, 11.38 W, 0 %
53, 210 MHz, 11.33 W, 0 %
53, 210 MHz, 11.32 W, 0 %
53, 210 MHz, 11.35 W, 0 %
53, 210 MHz, 11.37 W, 0 %
53, 210 MHz, 11.38 W, 0 %
53, 210 MHz, 11.38 W, 0 %
53, 210 MHz, 11.31 W, 0 %
53, 210 MHz, 11.34 W, 0 %
53, 210 MHz, 11.30 W, 0 %
53, 210 MHz, 11.34 W, 0 %
53, 210 MHz, 11.36 W, 0 %
53, 210 MHz, 11.34 W, 0 %
53, 210 MHz, 11.35 W, 0 %
53, 210 MHz, 11.37 W, 0 %
53, 210 MHz, 11.35 W, 0 %
53, 210 MHz, 11.40 W, 0 %
53, 210 MHz, 11.36 W, 0 %
53, 210 MHz, 11.37 W, 0 %
53, 210 MHz, 11.38 W, 0 %
53, 210 MHz, 11.39 W, 0 %
53, 210 MHz, 11.37 W, 0 %
53, 210 MHz, 11.36 W, 0 %
53, 210 MHz, 11.34 W, 0 %
53, 210 MHz, 11.37 W, 0 %
53, 210 MHz, 11.37 W, 0 %
53, 210 MHz, 11.36 W, 0 %
53, 210 MHz, 11.35 W, 0 %
53, 210 MHz, 11.41 W, 0 %
53, 210 MHz, 11.42 W, 0 %
53, 210 MHz, 11.37 W, 0 %
53, 210 MHz, 11.35 W, 0 %
53, 210 MHz, 11.40 W, 0 %
53, 210 MHz, 11.44 W, 0 %
53, 210 MHz, 11.38 W, 0 %
53, 210 MHz, 11.37 W, 0 %
53, 210 MHz, 11.39 W, 0 %
53, 210 MHz, 11.34 W, 0 %
53, 210 MHz, 11.38 W, 0 %
53, 210 MHz, 11.38 W, 0 %
53, 210 MHz, 11.36 W, 0 %
53, 210 MHz, 11.40 W, 0 %
53, 210 MHz, 11.40 W, 0 %
53, 210 MHz, 11.37 W, 0 %
53, 210 MHz, 11.39 W, 0 %
53, 210 MHz, 11.40 W, 0 %
53, 210 MHz, 11.38 W, 0 %
53, 210 MHz, 11.37 W, 0 %
53, 210 MHz, 11.39 W, 0 %
53, 210 MHz, 11.45 W, 0 %
53, 210 MHz, 11.39 W, 0 %
53, 210 MHz, 11.43 W, 0 %
53, 210 MHz, 11.42 W, 0 %
53, 210 MHz, 11.37 W, 0 %
53, 210 MHz, 11.39 W, 0 %
53, 210 MHz, 11.43 W, 0 %
53, 210 MHz, 11.46 W, 0 %
53, 210 MHz, 11.43 W, 0 %
53, 210 MHz, 11.39 W, 0 %
53, 210 MHz, 11.47 W, 0 %
53, 210 MHz, 11.38 W, 0 %
53, 210 MHz, 11.41 W, 0 %
53, 210 MHz, 11.44 W, 0 %
53, 210 MHz, 11.40 W, 0 %
53, 210 MHz, 11.41 W, 0 %
53, 210 MHz, 11.35 W, 0 %
53, 210 MHz, 11.40 W, 0 %
53, 210 MHz, 11.38 W, 0 %
53, 210 MHz, 11.33 W, 0 %
53, 210 MHz, 11.39 W, 0 %
53, 210 MHz, 11.40 W, 0 %
53, 210 MHz, 11.51 W, 0 %
53, 210 MHz, 11.44 W, 0 %
53, 210 MHz, 11.42 W, 0 %
53, 210 MHz, 11.40 W, 0 %
53, 210 MHz, 11.46 W, 0 %
53, 210 MHz, 11.43 W, 0 %
53, 210 MHz, 11.43 W, 0 %
53, 210 MHz, 11.41 W, 0 %
53, 210 MHz, 11.46 W, 0 %
53, 210 MHz, 11.41 W, 0 %
53, 210 MHz, 11.41 W, 0 %
53, 210 MHz, 11.45 W, 0 %
53, 210 MHz, 11.44 W, 0 %
53, 210 MHz, 11.44 W, 0 %
53, 210 MHz, 11.43 W, 0 %
53, 210 MHz, 11.40 W, 0 %
53, 210 MHz, 11.44 W, 0 %
53, 210 MHz, 11.43 W, 0 %
53, 210 MHz, 11.43 W, 0 %
53, 210 MHz, 11.42 W, 0 %
53, 210 MHz, 11.40 W, 0 %
54, 210 MHz, 11.48 W, 0 %
54, 210 MHz, 11.49 W, 0 %
53, 210 MHz, 11.44 W, 0 %
54, 210 MHz, 11.48 W, 0 %
54, 210 MHz, 11.46 W, 0 %
54, 210 MHz, 11.43 W, 0 %
53, 210 MHz, 11.39 W, 0 %
53, 210 MHz, 11.40 W, 0 %
53, 210 MHz, 11.41 W, 0 %
53, 210 MHz, 11.38 W, 0 %
53, 210 MHz, 11.40 W, 0 %
53, 210 MHz, 11.38 W, 0 %
53, 210 MHz, 11.40 W, 0 %
53, 210 MHz, 11.40 W, 0 %
53, 210 MHz, 11.41 W, 0 %
53, 210 MHz, 11.38 W, 0 %
53, 210 MHz, 11.42 W, 0 %
53, 210 MHz, 11.40 W, 0 %
53, 210 MHz, 11.39 W, 0 %
53, 210 MHz, 11.39 W, 0 %
53, 210 MHz, 11.37 W, 0 %
53, 210 MHz, 11.43 W, 0 %
53, 210 MHz, 11.42 W, 0 %
54, 210 MHz, 11.49 W, 0 %
54, 210 MHz, 11.41 W, 0 %
54, 210 MHz, 11.43 W, 0 %
53, 210 MHz, 11.41 W, 0 %
53, 210 MHz, 11.45 W, 0 %
53, 210 MHz, 11.39 W, 0 %
54, 210 MHz, 11.45 W, 0 %
53, 210 MHz, 11.41 W, 0 %
53, 210 MHz, 11.40 W, 0 %
53, 210 MHz, 11.36 W, 0 %
53, 210 MHz, 11.43 W, 0 %
53, 210 MHz, 11.40 W, 0 %
53, 210 MHz, 11.42 W, 0 %
53, 210 MHz, 11.38 W, 0 %
53, 210 MHz, 11.42 W, 0 %
53, 210 MHz, 11.43 W, 0 %
53, 210 MHz, 11.42 W, 0 %
53, 210 MHz, 11.43 W, 0 %
53, 210 MHz, 11.43 W, 0 %
53, 210 MHz, 11.41 W, 0 %
53, 210 MHz, 11.46 W, 0 %
53, 210 MHz, 11.42 W, 0 %
53, 210 MHz, 11.41 W, 0 %
53, 210 MHz, 11.44 W, 0 %
53, 210 MHz, 11.44 W, 0 %
53, 210 MHz, 11.44 W, 0 %
53, 210 MHz, 11.45 W, 0 %
53, 210 MHz, 11.35 W, 0 %
53, 210 MHz, 11.42 W, 0 %
53, 210 MHz, 11.43 W, 0 %
53, 210 MHz, 11.43 W, 0 %
53, 210 MHz, 11.40 W, 0 %
53, 210 MHz, 11.47 W, 0 %
53, 210 MHz, 11.38 W, 0 %
53, 210 MHz, 11.45 W, 0 %
53, 210 MHz, 11.43 W, 0 %
53, 210 MHz, 11.41 W, 0 %
53, 210 MHz, 11.42 W, 0 %
53, 210 MHz, 11.41 W, 0 %
53, 210 MHz, 11.45 W, 0 %
53, 210 MHz, 11.45 W, 0 %
54, 210 MHz, 11.46 W, 0 %
54, 210 MHz, 11.44 W, 0 %
54, 210 MHz, 11.42 W, 0 %
54, 210 MHz, 11.46 W, 0 %
54, 210 MHz, 11.46 W, 0 %
53, 210 MHz, 11.50 W, 0 %
53, 210 MHz, 11.47 W, 0 %
53, 210 MHz, 11.41 W, 0 %
53, 210 MHz, 11.44 W, 0 %
53, 210 MHz, 11.50 W, 0 %
53, 210 MHz, 11.43 W, 0 %
53, 210 MHz, 11.48 W, 0 %
53, 210 MHz, 11.44 W, 0 %
53, 210 MHz, 11.41 W, 0 %
53, 210 MHz, 11.45 W, 0 %
53, 210 MHz, 11.43 W, 0 %
53, 210 MHz, 11.42 W, 0 %
53, 210 MHz, 11.48 W, 0 %
53, 210 MHz, 11.46 W, 0 %
53, 210 MHz, 11.44 W, 0 %
53, 210 MHz, 11.43 W, 0 %
53, 210 MHz, 11.46 W, 0 %
53, 210 MHz, 11.42 W, 0 %
54, 210 MHz, 11.42 W, 0 %
54, 210 MHz, 11.45 W, 0 %
54, 210 MHz, 11.40 W, 0 %
54, 210 MHz, 11.45 W, 0 %
54, 210 MHz, 11.46 W, 0 %
54, 210 MHz, 11.42 W, 0 %
54, 210 MHz, 11.40 W, 0 %
54, 210 MHz, 11.45 W, 0 %
53, 210 MHz, 11.41 W, 0 %
53, 210 MHz, 11.39 W, 0 %
53, 210 MHz, 11.45 W, 0 %
53, 210 MHz, 11.41 W, 0 %
53, 210 MHz, 11.47 W, 0 %
53, 210 MHz, 11.47 W, 0 %
53, 210 MHz, 11.43 W, 0 %
53, 210 MHz, 11.41 W, 0 %
53, 210 MHz, 11.46 W, 0 %
53, 210 MHz, 11.44 W, 0 %
53, 210 MHz, 11.47 W, 0 %
53, 210 MHz, 11.43 W, 0 %
53, 210 MHz, 11.43 W, 0 %
54, 210 MHz, 11.49 W, 0 %
54, 210 MHz, 11.46 W, 0 %
54, 210 MHz, 11.50 W, 0 %
54, 210 MHz, 11.47 W, 0 %
54, 210 MHz, 11.47 W, 0 %
54, 210 MHz, 11.46 W, 0 %
54, 210 MHz, 11.44 W, 0 %
54, 210 MHz, 11.50 W, 0 %
54, 210 MHz, 11.48 W, 0 %
54, 210 MHz, 11.51 W, 0 %
53, 210 MHz, 11.50 W, 0 %
53, 210 MHz, 11.49 W, 0 %
53, 210 MHz, 11.46 W, 0 %
53, 210 MHz, 11.47 W, 0 %
53, 210 MHz, 11.44 W, 0 %
53, 210 MHz, 11.46 W, 0 %
53, 210 MHz, 11.42 W, 0 %
53, 210 MHz, 11.47 W, 0 %
53, 210 MHz, 11.47 W, 0 %
54, 210 MHz, 11.48 W, 0 %
54, 210 MHz, 11.47 W, 0 %
54, 210 MHz, 11.49 W, 0 %
54, 210 MHz, 11.47 W, 0 %
54, 210 MHz, 11.48 W, 0 %
54, 210 MHz, 11.46 W, 0 %
54, 210 MHz, 11.47 W, 0 %
54, 210 MHz, 11.48 W, 0 %
54, 210 MHz, 11.45 W, 0 %
54, 210 MHz, 11.45 W, 0 %
54, 210 MHz, 11.43 W, 0 %
54, 210 MHz, 11.42 W, 0 %
54, 210 MHz, 11.45 W, 0 %
54, 210 MHz, 11.44 W, 0 %
54, 210 MHz, 11.46 W, 0 %
53, 210 MHz, 11.40 W, 0 %
53, 210 MHz, 11.44 W, 0 %
53, 210 MHz, 11.47 W, 0 %
54, 210 MHz, 11.49 W, 0 %
54, 210 MHz, 11.44 W, 0 %
54, 210 MHz, 11.55 W, 0 %
54, 210 MHz, 11.49 W, 0 %
54, 210 MHz, 11.48 W, 0 %
54, 210 MHz, 11.48 W, 0 %
54, 210 MHz, 11.45 W, 0 %
54, 210 MHz, 11.47 W, 0 %
54, 210 MHz, 11.48 W, 0 %
54, 210 MHz, 11.48 W, 0 %
54, 210 MHz, 11.44 W, 0 %
54, 210 MHz, 11.46 W, 0 %
53, 210 MHz, 11.47 W, 0 %
53, 210 MHz, 11.43 W, 0 %
53, 210 MHz, 11.41 W, 0 %
53, 210 MHz, 11.45 W, 0 %
53, 210 MHz, 11.42 W, 0 %
54, 210 MHz, 11.42 W, 0 %
53, 210 MHz, 11.42 W, 0 %
53, 210 MHz, 11.44 W, 0 %
53, 210 MHz, 11.42 W, 0 %
53, 210 MHz, 11.43 W, 0 %
53, 210 MHz, 11.51 W, 0 %
53, 210 MHz, 11.45 W, 0 %
53, 210 MHz, 11.45 W, 0 %
53, 210 MHz, 11.45 W, 0 %
53, 210 MHz, 11.41 W, 0 %
53, 210 MHz, 11.41 W, 0 %
53, 210 MHz, 11.43 W, 0 %
53, 210 MHz, 11.46 W, 0 %
54, 210 MHz, 11.40 W, 0 %
54, 210 MHz, 11.46 W, 0 %
54, 210 MHz, 11.42 W, 0 %
54, 210 MHz, 11.45 W, 0 %
54, 210 MHz, 11.46 W, 0 %
54, 210 MHz, 11.49 W, 0 %
53, 210 MHz, 11.42 W, 0 %
53, 210 MHz, 11.43 W, 0 %
53, 210 MHz, 11.46 W, 0 %
53, 210 MHz, 11.43 W, 0 %
53, 210 MHz, 11.49 W, 0 %
53, 210 MHz, 11.48 W, 0 %
53, 210 MHz, 11.49 W, 0 %
53, 210 MHz, 11.48 W, 0 %
53, 210 MHz, 11.48 W, 0 %
53, 210 MHz, 11.47 W, 0 %
53, 210 MHz, 11.48 W, 0 %
53, 210 MHz, 11.46 W, 0 %
53, 210 MHz, 11.48 W, 0 %
54, 210 MHz, 11.49 W, 0 %
54, 210 MHz, 11.44 W, 0 %
53, 210 MHz, 11.45 W, 0 %
53, 210 MHz, 11.46 W, 0 %
53, 210 MHz, 11.43 W, 0 %
53, 210 MHz, 11.42 W, 0 %
53, 210 MHz, 11.49 W, 0 %
53, 210 MHz, 11.44 W, 0 %
53, 210 MHz, 11.48 W, 0 %
53, 210 MHz, 11.45 W, 0 %
53, 210 MHz, 11.48 W, 0 %
53, 210 MHz, 11.48 W, 0 %
53, 210 MHz, 11.48 W, 0 %
53, 210 MHz, 11.47 W, 0 %
53, 210 MHz, 11.45 W, 0 %
53, 210 MHz, 11.44 W, 0 %
53, 210 MHz, 11.44 W, 0 %
53, 210 MHz, 11.48 W, 0 %
53, 210 MHz, 11.45 W, 0 %
53, 210 MHz, 11.53 W, 0 %
54, 210 MHz, 11.45 W, 0 %
54, 210 MHz, 11.44 W, 0 %
54, 210 MHz, 11.47 W, 0 %
54, 210 MHz, 11.46 W, 0 %
53, 210 MHz, 11.44 W, 0 %
53, 210 MHz, 11.41 W, 0 %
53, 210 MHz, 11.45 W, 0 %
53, 210 MHz, 11.51 W, 0 %
53, 210 MHz, 11.47 W, 0 %
53, 210 MHz, 11.45 W, 0 %
53, 210 MHz, 11.47 W, 0 %
53, 210 MHz, 11.44 W, 0 %
53, 210 MHz, 11.50 W, 0 %
53, 210 MHz, 11.45 W, 0 %
53, 210 MHz, 11.45 W, 0 %
53, 210 MHz, 11.46 W, 0 %
53, 210 MHz, 11.47 W, 0 %
53, 210 MHz, 11.45 W, 0 %
53, 210 MHz, 11.45 W, 0 %
53, 210 MHz, 11.48 W, 0 %
53, 210 MHz, 11.49 W, 0 %
53, 210 MHz, 11.48 W, 0 %
54, 210 MHz, 11.46 W, 0 %
54, 210 MHz, 11.51 W, 0 %
54, 210 MHz, 11.38 W, 0 %
54, 210 MHz, 11.45 W, 0 %
54, 210 MHz, 11.39 W, 0 %
54, 210 MHz, 11.44 W, 0 %
54, 210 MHz, 11.45 W, 0 %
54, 210 MHz, 11.38 W, 0 %
54, 210 MHz, 11.41 W, 0 %
53, 210 MHz, 11.41 W, 0 %
53, 210 MHz, 11.43 W, 0 %
53, 210 MHz, 11.42 W, 0 %
53, 210 MHz, 11.43 W, 0 %
53, 210 MHz, 11.45 W, 0 %
53, 210 MHz, 11.54 W, 0 %
53, 210 MHz, 11.42 W, 0 %
53, 210 MHz, 11.45 W, 0 %
53, 210 MHz, 11.43 W, 0 %
53, 210 MHz, 11.51 W, 0 %
53, 210 MHz, 11.47 W, 0 %
53, 210 MHz, 11.46 W, 0 %
53, 210 MHz, 11.42 W, 0 %
53, 210 MHz, 11.45 W, 0 %
53, 210 MHz, 11.52 W, 0 %
54, 210 MHz, 11.48 W, 0 %
54, 210 MHz, 11.47 W, 0 %
54, 210 MHz, 11.42 W, 0 %
54, 210 MHz, 11.45 W, 0 %
54, 210 MHz, 11.46 W, 0 %
54, 210 MHz, 11.46 W, 0 %
54, 210 MHz, 11.55 W, 0 %
54, 210 MHz, 11.45 W, 0 %
53, 210 MHz, 11.48 W, 0 %
53, 210 MHz, 11.43 W, 0 %
53, 210 MHz, 11.48 W, 0 %
53, 210 MHz, 11.46 W, 0 %
53, 210 MHz, 11.49 W, 0 %
53, 210 MHz, 11.42 W, 0 %
53, 210 MHz, 11.43 W, 0 %
53, 210 MHz, 11.43 W, 0 %
53, 210 MHz, 11.45 W, 0 %
53, 210 MHz, 11.41 W, 0 %
53, 210 MHz, 11.41 W, 0 %
53, 210 MHz, 11.45 W, 0 %
53, 210 MHz, 11.43 W, 0 %
53, 210 MHz, 11.45 W, 0 %
53, 210 MHz, 11.43 W, 0 %
53, 210 MHz, 11.40 W, 0 %
53, 210 MHz, 11.48 W, 0 %
54, 210 MHz, 11.48 W, 0 %
54, 210 MHz, 11.46 W, 0 %
54, 210 MHz, 11.45 W, 0 %
54, 210 MHz, 11.47 W, 0 %
54, 210 MHz, 11.47 W, 0 %
54, 210 MHz, 11.47 W, 0 %
54, 210 MHz, 11.48 W, 0 %
54, 210 MHz, 11.54 W, 0 %
53, 210 MHz, 11.49 W, 0 %
53, 210 MHz, 11.46 W, 0 %
53, 210 MHz, 11.47 W, 0 %
53, 210 MHz, 11.43 W, 0 %
53, 210 MHz, 11.44 W, 0 %
53, 210 MHz, 11.48 W, 0 %
53, 210 MHz, 11.45 W, 0 %
53, 210 MHz, 11.44 W, 0 %
53, 210 MHz, 11.47 W, 0 %
54, 210 MHz, 11.47 W, 0 %
54, 210 MHz, 11.41 W, 0 %
54, 210 MHz, 11.45 W, 0 %
54, 210 MHz, 11.51 W, 0 %
54, 210 MHz, 11.44 W, 0 %
54, 210 MHz, 11.43 W, 0 %
54, 210 MHz, 11.45 W, 0 %
53, 210 MHz, 11.46 W, 0 %
53, 210 MHz, 11.45 W, 0 %
53, 210 MHz, 11.44 W, 0 %
53, 210 MHz, 11.47 W, 0 %
53, 210 MHz, 11.47 W, 0 %
53, 210 MHz, 11.44 W, 0 %
53, 210 MHz, 11.46 W, 0 %
53, 210 MHz, 11.44 W, 0 %
54, 210 MHz, 11.48 W, 0 %
53, 210 MHz, 11.52 W, 0 %
53, 210 MHz, 11.47 W, 0 %
53, 210 MHz, 11.48 W, 0 %
53, 210 MHz, 11.47 W, 0 %
53, 210 MHz, 11.46 W, 0 %
53, 210 MHz, 11.47 W, 0 %
54, 210 MHz, 11.49 W, 0 %
54, 210 MHz, 11.44 W, 0 %
54, 210 MHz, 11.50 W, 0 %
54, 210 MHz, 11.58 W, 0 %
54, 210 MHz, 11.53 W, 0 %
54, 210 MHz, 11.54 W, 0 %
54, 210 MHz, 11.50 W, 0 %
54, 210 MHz, 11.54 W, 0 %
54, 210 MHz, 11.49 W, 0 %
53, 210 MHz, 11.45 W, 0 %
53, 210 MHz, 11.46 W, 0 %
53, 210 MHz, 11.47 W, 0 %
53, 210 MHz, 11.59 W, 0 %
53, 210 MHz, 11.54 W, 0 %
54, 210 MHz, 11.55 W, 0 %
54, 210 MHz, 11.60 W, 0 %
54, 210 MHz, 11.46 W, 0 %
55, 210 MHz, 11.46 W, 0 %
55, 210 MHz, 11.59 W, 0 %
55, 210 MHz, 11.58 W, 0 %
55, 210 MHz, 11.52 W, 0 %
55, 210 MHz, 11.52 W, 0 %
54, 210 MHz, 11.56 W, 0 %
54, 210 MHz, 11.55 W, 0 %
54, 210 MHz, 11.52 W, 0 %
54, 210 MHz, 11.53 W, 0 %
54, 210 MHz, 11.50 W, 0 %
54, 210 MHz, 11.47 W, 0 %
54, 210 MHz, 11.48 W, 0 %
54, 210 MHz, 11.52 W, 0 %
54, 210 MHz, 11.44 W, 0 %
54, 210 MHz, 11.49 W, 0 %
54, 210 MHz, 11.46 W, 0 %
54, 210 MHz, 11.43 W, 0 %
54, 210 MHz, 11.41 W, 0 %
54, 210 MHz, 11.42 W, 0 %
55, 210 MHz, 11.24 W, 0 %
55, 210 MHz, 11.54 W, 0 %
55, 210 MHz, 11.55 W, 0 %
55, 210 MHz, 11.57 W, 0 %
55, 210 MHz, 11.51 W, 0 %
55, 210 MHz, 11.65 W, 0 %
55, 210 MHz, 11.53 W, 0 %
55, 210 MHz, 11.64 W, 0 %
55, 210 MHz, 11.59 W, 0 %
52, 210 MHz, 11.51 W, 0 %
52, 210 MHz, 11.41 W, 0 %
56, 210 MHz, 11.60 W, 0 %
55, 210 MHz, 11.69 W, 0 %
56, 210 MHz, 11.61 W, 0 %
57, 210 MHz, 11.80 W, 0 %
56, 210 MHz, 11.71 W, 0 %
56, 210 MHz, 11.73 W, 0 %
57, 210 MHz, 11.77 W, 0 %
57, 210 MHz, 11.73 W, 0 %
57, 210 MHz, 11.78 W, 0 %
57, 210 MHz, 11.83 W, 0 %
58, 210 MHz, 11.70 W, 0 %
59, 210 MHz, 12.01 W, 0 %
59, 210 MHz, 11.90 W, 0 %
59, 210 MHz, 12.00 W, 0 %
60, 210 MHz, 12.00 W, 0 %
60, 210 MHz, 12.07 W, 0 %
61, 210 MHz, 12.01 W, 0 %
62, 210 MHz, 12.08 W, 0 %
61, 210 MHz, 12.00 W, 0 %
61, 210 MHz, 12.02 W, 0 %
61, 210 MHz, 12.02 W, 0 %
61, 210 MHz, 12.02 W, 0 %
61, 210 MHz, 12.00 W, 0 %
61, 210 MHz, 12.02 W, 0 %
61, 210 MHz, 12.03 W, 0 %
61, 210 MHz, 12.07 W, 0 %
61, 210 MHz, 12.04 W, 0 %
61, 210 MHz, 12.06 W, 0 %
61, 210 MHz, 12.25 W, 0 %
61, 210 MHz, 12.18 W, 0 %
61, 210 MHz, 12.19 W, 0 %
61, 210 MHz, 12.20 W, 0 %
61, 210 MHz, 12.15 W, 0 %
61, 210 MHz, 12.19 W, 0 %
61, 210 MHz, 12.14 W, 0 %
61, 210 MHz, 12.15 W, 0 %
61, 210 MHz, 12.18 W, 0 %
61, 210 MHz, 11.99 W, 0 %
61, 210 MHz, 12.08 W, 0 %
61, 210 MHz, 12.08 W, 0 %
61, 210 MHz, 12.16 W, 0 %
62, 480 MHz, 17.71 W, 0 %
61, 210 MHz, 12.21 W, 0 %
61, 210 MHz, 12.10 W, 0 %
61, 210 MHz, 12.08 W, 0 %
61, 210 MHz, 12.04 W, 0 %
60, 210 MHz, 12.17 W, 0 %
60, 210 MHz, 12.14 W, 0 %
60, 210 MHz, 12.01 W, 0 %
60, 210 MHz, 12.05 W, 0 %
60, 210 MHz, 12.09 W, 0 %
60, 210 MHz, 12.08 W, 0 %
60, 210 MHz, 12.13 W, 0 %
60, 210 MHz, 12.12 W, 0 %
60, 210 MHz, 12.09 W, 0 %
60, 210 MHz, 12.09 W, 0 %
60, 210 MHz, 12.07 W, 0 %
59, 210 MHz, 12.08 W, 0 %
59, 210 MHz, 12.04 W, 0 %
59, 210 MHz, 12.06 W, 0 %
59, 210 MHz, 12.02 W, 0 %
59, 210 MHz, 11.98 W, 0 %
77, 1807 MHz, 114.83 W, 100 %
82, 1785 MHz, 114.87 W, 100 %
86, 1777 MHz, 114.82 W, 100 %
86, 1687 MHz, 101.83 W, 100 %
87, 1642 MHz, 94.90 W, 100 %
86, 1575 MHz, 86.75 W, 100 %
86, 1507 MHz, 82.43 W, 100 %
87, 1455 MHz, 75.16 W, 100 %
86, 1387 MHz, 69.96 W, 100 %
86, 1387 MHz, 69.99 W, 100 %
87, 1387 MHz, 70.16 W, 100 %
87, 1387 MHz, 70.26 W, 100 %
86, 1387 MHz, 69.90 W, 100 %
87, 1387 MHz, 70.19 W, 100 %
87, 1387 MHz, 70.18 W, 100 %
87, 1387 MHz, 70.40 W, 100 %
88, 1387 MHz, 70.45 W, 100 %
88, 1387 MHz, 69.51 W, 100 %
88, 1387 MHz, 70.52 W, 100 %
88, 1387 MHz, 70.56 W, 100 %
88, 1387 MHz, 70.55 W, 100 %
88, 1387 MHz, 70.74 W, 100 %
88, 1387 MHz, 70.86 W, 100 %
88, 1387 MHz, 70.94 W, 100 %
88, 1387 MHz, 73.84 W, 100 %
88, 1387 MHz, 74.46 W, 100 %
88, 1387 MHz, 74.22 W, 100 %
88, 1387 MHz, 74.14 W, 100 %
88, 1387 MHz, 74.25 W, 100 %
88, 1387 MHz, 74.35 W, 100 %
88, 1387 MHz, 74.41 W, 100 %
88, 1387 MHz, 75.32 W, 100 %
89, 1387 MHz, 74.49 W, 100 %
78, 210 MHz, 17.75 W, 0 %
75, 210 MHz, 13.83 W, 0 %
73, 210 MHz, 13.56 W, 0 %
72, 210 MHz, 13.40 W, 0 %
72, 210 MHz, 13.22 W, 0 %
71, 210 MHz, 13.06 W, 0 %
70, 210 MHz, 13.02 W, 0 %
70, 210 MHz, 12.92 W, 0 %
69, 210 MHz, 13.01 W, 0 %
69, 210 MHz, 12.91 W, 0 %
68, 210 MHz, 12.93 W, 0 %
68, 210 MHz, 12.79 W, 0 %
67, 210 MHz, 12.72 W, 0 %
67, 210 MHz, 12.60 W, 0 %
66, 210 MHz, 12.60 W, 0 %
66, 1005 MHz, 13.51 W, 0 %
65, 1005 MHz, 13.42 W, 0 %
65, 1005 MHz, 13.34 W, 0 %
64, 1005 MHz, 13.40 W, 0 %
64, 210 MHz, 12.38 W, 0 %
63, 210 MHz, 12.32 W, 0 %
63, 210 MHz, 12.31 W, 0 %
62, 210 MHz, 12.31 W, 0 %
62, 210 MHz, 12.27 W, 0 %
61, 210 MHz, 12.26 W, 0 %
61, 210 MHz, 12.22 W, 0 %
61, 210 MHz, 12.17 W, 0 %
61, 210 MHz, 12.14 W, 0 %
61, 210 MHz, 12.17 W, 0 %
61, 210 MHz, 12.25 W, 0 %
60, 210 MHz, 12.17 W, 0 %
60, 210 MHz, 12.21 W, 0 %
60, 210 MHz, 12.19 W, 0 %
60, 210 MHz, 12.18 W, 0 %
60, 210 MHz, 12.17 W, 0 %
60, 210 MHz, 12.15 W, 0 %
60, 210 MHz, 12.16 W, 0 %
59, 210 MHz, 12.10 W, 0 %
59, 210 MHz, 12.13 W, 0 %
59, 210 MHz, 12.08 W, 0 %
59, 210 MHz, 12.08 W, 0 %
59, 210 MHz, 12.05 W, 0 %
59, 210 MHz, 11.98 W, 0 %
58, 210 MHz, 11.92 W, 0 %
57, 210 MHz, 11.83 W, 0 %
57, 210 MHz, 11.82 W, 0 %
57, 210 MHz, 11.78 W, 0 %
56, 210 MHz, 11.76 W, 0 %
56, 210 MHz, 11.69 W, 0 %
56, 210 MHz, 11.70 W, 0 %
55, 210 MHz, 11.64 W, 0 %
55, 210 MHz, 11.60 W, 0 %
55, 210 MHz, 11.59 W, 0 %
54, 210 MHz, 11.60 W, 0 %
54, 210 MHz, 11.51 W, 0 %
54, 210 MHz, 11.48 W, 0 %
54, 210 MHz, 11.49 W, 0 %
54, 210 MHz, 11.48 W, 0 %
53, 210 MHz, 11.46 W, 0 %
53, 210 MHz, 11.43 W, 0 %
53, 210 MHz, 11.40 W, 0 %
53, 210 MHz, 11.39 W, 0 %
53, 210 MHz, 11.40 W, 0 %
53, 210 MHz, 11.40 W, 0 %
52, 210 MHz, 11.37 W, 0 %
52, 210 MHz, 11.34 W, 0 %
52, 210 MHz, 11.47 W, 0 %
52, 210 MHz, 11.39 W, 0 %
52, 210 MHz, 11.40 W, 0 %
52, 210 MHz, 11.38 W, 0 %
52, 210 MHz, 11.35 W, 0 %
52, 210 MHz, 11.33 W, 0 %
52, 210 MHz, 11.35 W, 0 %
52, 210 MHz, 11.34 W, 0 %
52, 210 MHz, 11.38 W, 0 %
51, 210 MHz, 11.39 W, 0 %
51, 210 MHz, 11.36 W, 0 %
51, 210 MHz, 11.46 W, 0 %
52, 210 MHz, 11.39 W, 0 %
51, 210 MHz, 11.37 W, 0 %
51, 210 MHz, 11.35 W, 0 %
51, 210 MHz, 11.35 W, 0 %
51, 210 MHz, 11.36 W, 0 %
51, 210 MHz, 11.43 W, 0 %
51, 210 MHz, 11.36 W, 0 %
51, 210 MHz, 11.35 W, 0 %
51, 210 MHz, 11.37 W, 0 %
51, 210 MHz, 11.35 W, 0 %
51, 210 MHz, 11.45 W, 0 %
51, 210 MHz, 11.33 W, 0 %
51, 210 MHz, 11.39 W, 0 %
51, 210 MHz, 11.35 W, 0 %
51, 210 MHz, 11.35 W, 0 %
51, 210 MHz, 11.34 W, 0 %
50, 210 MHz, 11.34 W, 0 %
51, 210 MHz, 11.36 W, 0 %
50, 210 MHz, 11.36 W, 0 %
50, 210 MHz, 11.35 W, 0 %
50, 210 MHz, 11.37 W, 0 %
50, 210 MHz, 11.36 W, 0 %
50, 210 MHz, 11.33 W, 0 %
50, 210 MHz, 11.35 W, 0 %
50, 210 MHz, 11.36 W, 0 %
50, 210 MHz, 11.32 W, 0 %
50, 210 MHz, 11.37 W, 0 %
50, 210 MHz, 11.33 W, 0 %
50, 210 MHz, 11.28 W, 0 %
50, 210 MHz, 11.34 W, 0 %
50, 210 MHz, 11.36 W, 0 %
50, 210 MHz, 11.32 W, 0 %
49, 210 MHz, 11.34 W, 0 %
49, 210 MHz, 11.36 W, 0 %
49, 210 MHz, 11.30 W, 0 %
49, 210 MHz, 11.29 W, 0 %
49, 210 MHz, 11.26 W, 0 %
49, 210 MHz, 11.35 W, 0 %
49, 210 MHz, 11.31 W, 0 %
49, 210 MHz, 11.32 W, 0 %
49, 210 MHz, 11.32 W, 0 %
49, 210 MHz, 11.32 W, 0 %
49, 210 MHz, 11.27 W, 0 %
49, 210 MHz, 11.28 W, 0 %
49, 210 MHz, 11.30 W, 0 %
49, 210 MHz, 11.28 W, 0 %
49, 210 MHz, 11.31 W, 0 %
49, 210 MHz, 11.36 W, 0 %
49, 210 MHz, 11.28 W, 0 %
49, 210 MHz, 11.24 W, 0 %
49, 210 MHz, 11.27 W, 0 %
49, 210 MHz, 11.24 W, 0 %
49, 210 MHz, 11.24 W, 0 %
49, 210 MHz, 11.24 W, 0 %
49, 210 MHz, 11.31 W, 0 %
49, 210 MHz, 11.30 W, 0 %
49, 210 MHz, 11.38 W, 0 %
49, 210 MHz, 11.39 W, 0 %
49, 210 MHz, 11.26 W, 0 %
61, 1882 MHz, 71.83 W, 73 %
69, 1920 MHz, 112.48 W, 95 %
74, 1912 MHz, 112.55 W, 97 %
77, 1830 MHz, 112.79 W, 95 %
80, 1830 MHz, 112.37 W, 94 %
81, 1785 MHz, 115.03 W, 93 %
84, 1785 MHz, 114.91 W, 95 %
86, 1800 MHz, 114.32 W, 99 %
86, 1762 MHz, 104.03 W, 98 %
87, 1665 MHz, 98.41 W, 99 %
87, 1627 MHz, 92.78 W, 97 %
87, 1597 MHz, 91.24 W, 97 %
87, 1545 MHz, 86.03 W, 97 %
86, 1492 MHz, 80.70 W, 99 %
86, 1485 MHz, 80.45 W, 100 %
86, 1515 MHz, 80.48 W, 99 %
87, 1477 MHz, 80.67 W, 99 %
87, 1515 MHz, 76.47 W, 99 %
86, 1462 MHz, 76.18 W, 99 %
87, 1425 MHz, 76.05 W, 98 %
87, 1417 MHz, 76.11 W, 99 %
87, 1417 MHz, 76.07 W, 99 %
86, 1387 MHz, 73.45 W, 98 %
86, 1387 MHz, 73.36 W, 99 %
87, 1387 MHz, 73.57 W, 99 %
87, 1387 MHz, 73.56 W, 99 %
87, 1387 MHz, 73.40 W, 98 %
87, 1387 MHz, 73.48 W, 100 %
87, 1387 MHz, 73.45 W, 99 %
87, 1387 MHz, 73.45 W, 98 %
87, 1387 MHz, 73.56 W, 98 %
88, 1387 MHz, 73.70 W, 99 %
88, 1387 MHz, 73.94 W, 99 %
88, 1387 MHz, 74.02 W, 100 %
88, 1387 MHz, 73.87 W, 100 %
88, 1387 MHz, 73.78 W, 99 %
88, 1387 MHz, 73.88 W, 99 %
88, 1387 MHz, 73.86 W, 99 %
88, 1387 MHz, 74.12 W, 99 %
89, 1387 MHz, 74.35 W, 99 %
89, 1387 MHz, 74.39 W, 99 %
89, 1387 MHz, 74.44 W, 100 %
86, 1927 MHz, 47.49 W, 0 %
77, 210 MHz, 14.01 W, 0 %
74, 210 MHz, 13.71 W, 0 %
72, 210 MHz, 13.45 W, 0 %
71, 210 MHz, 13.24 W, 0 %
70, 210 MHz, 13.20 W, 0 %
69, 210 MHz, 13.11 W, 0 %
69, 210 MHz, 13.01 W, 0 %
68, 210 MHz, 12.89 W, 0 %
68, 210 MHz, 12.86 W, 0 %
67, 210 MHz, 12.76 W, 0 %
66, 210 MHz, 12.70 W, 0 %
66, 210 MHz, 12.65 W, 0 %
65, 210 MHz, 12.58 W, 0 %
67, 1702 MHz, 15.79 W, 0 %
84, 1807 MHz, 114.12 W, 99 %
87, 1747 MHz, 109.47 W, 99 %
87, 1635 MHz, 93.87 W, 99 %
87, 1560 MHz, 88.56 W, 100 %
87, 1530 MHz, 84.00 W, 99 %
87, 1492 MHz, 78.07 W, 99 %
87, 1470 MHz, 78.07 W, 99 %
87, 1387 MHz, 74.11 W, 99 %
87, 1387 MHz, 74.36 W, 99 %
87, 1387 MHz, 73.32 W, 98 %
87, 1387 MHz, 73.78 W, 100 %
87, 1387 MHz, 73.57 W, 99 %
87, 1387 MHz, 73.38 W, 99 %
88, 1387 MHz, 73.72 W, 99 %
88, 1387 MHz, 73.49 W, 98 %
88, 1387 MHz, 73.64 W, 99 %
88, 1387 MHz, 73.93 W, 99 %
88, 1387 MHz, 73.11 W, 97 %
88, 1387 MHz, 73.28 W, 98 %
88, 1387 MHz, 73.63 W, 96 %
89, 1387 MHz, 73.90 W, 97 %
88, 1387 MHz, 73.83 W, 100 %
88, 1387 MHz, 73.56 W, 97 %
89, 1387 MHz, 73.97 W, 98 %
89, 1387 MHz, 74.16 W, 98 %
89, 1387 MHz, 74.06 W, 100 %
88, 1387 MHz, 73.32 W, 99 %
89, 1387 MHz, 73.36 W, 99 %
88, 1305 MHz, 65.93 W, 100 %
88, 1357 MHz, 69.55 W, 99 %
88, 1305 MHz, 69.40 W, 99 %
88, 1305 MHz, 69.25 W, 100 %
89, 1305 MHz, 69.27 W, 100 %
89, 1297 MHz, 69.04 W, 100 %
89, 1297 MHz, 69.23 W, 100 %
89, 1297 MHz, 69.50 W, 100 %
89, 1275 MHz, 68.22 W, 98 %
88, 1320 MHz, 65.15 W, 99 %
89, 1282 MHz, 67.60 W, 100 %
89, 1342 MHz, 67.62 W, 100 %
89, 1297 MHz, 66.55 W, 100 %
89, 1252 MHz, 66.56 W, 99 %
89, 1245 MHz, 66.39 W, 99 %
89, 1237 MHz, 66.53 W, 99 %
89, 1252 MHz, 66.44 W, 98 %
89, 1350 MHz, 66.35 W, 96 %
89, 1215 MHz, 66.54 W, 100 %
89, 1222 MHz, 66.00 W, 99 %
89, 1237 MHz, 66.24 W, 100 %
86, 1687 MHz, 41.04 W, 3 %
89, 1387 MHz, 72.81 W, 99 %
89, 1387 MHz, 70.29 W, 97 %
89, 1305 MHz, 69.00 W, 99 %
89, 1297 MHz, 69.04 W, 100 %
89, 1290 MHz, 68.88 W, 96 %
89, 1282 MHz, 69.23 W, 98 %
89, 1290 MHz, 68.22 W, 99 %
89, 1282 MHz, 68.22 W, 100 %
89, 1350 MHz, 68.39 W, 100 %
89, 1275 MHz, 68.13 W, 97 %
89, 1282 MHz, 68.34 W, 99 %
89, 1350 MHz, 68.08 W, 96 %
88, 1275 MHz, 68.26 W, 99 %
88, 1282 MHz, 68.31 W, 99 %
88, 1320 MHz, 68.28 W, 97 %
88, 1282 MHz, 68.23 W, 100 %
88, 1290 MHz, 68.42 W, 99 %
88, 1282 MHz, 68.45 W, 99 %
88, 1327 MHz, 68.98 W, 99 %
88, 1305 MHz, 69.14 W, 99 %
88, 1357 MHz, 68.94 W, 99 %
88, 1297 MHz, 69.08 W, 100 %
88, 1297 MHz, 68.84 W, 100 %
88, 1297 MHz, 69.08 W, 99 %
88, 1297 MHz, 69.06 W, 98 %
88, 1305 MHz, 69.35 W, 99 %
88, 1297 MHz, 69.03 W, 97 %
88, 1297 MHz, 69.16 W, 99 %
88, 1305 MHz, 68.60 W, 99 %
88, 1282 MHz, 68.96 W, 99 %
88, 1282 MHz, 68.81 W, 99 %
88, 1387 MHz, 68.31 W, 87 %
88, 1357 MHz, 67.57 W, 92 %
78, 210 MHz, 14.60 W, 0 %
75, 210 MHz, 13.74 W, 0 %
73, 210 MHz, 13.64 W, 0 %
72, 210 MHz, 13.51 W, 0 %
71, 210 MHz, 13.26 W, 0 %
70, 210 MHz, 13.19 W, 0 %
70, 210 MHz, 13.09 W, 0 %
69, 210 MHz, 13.06 W, 0 %
69, 210 MHz, 12.98 W, 0 %
68, 210 MHz, 12.82 W, 0 %
68, 210 MHz, 12.80 W, 0 %
67, 210 MHz, 12.75 W, 0 %
66, 210 MHz, 12.70 W, 0 %
66, 210 MHz, 12.62 W, 0 %
65, 210 MHz, 12.55 W, 0 %
81, 1822 MHz, 113.63 W, 92 %
86, 1867 MHz, 114.32 W, 100 %
87, 1650 MHz, 99.76 W, 96 %
87, 1612 MHz, 88.79 W, 95 %
87, 1755 MHz, 84.24 W, 100 %
87, 1515 MHz, 81.17 W, 100 %
87, 1395 MHz, 78.54 W, 94 %
87, 1455 MHz, 75.74 W, 100 %
87, 1387 MHz, 74.06 W, 100 %
87, 1387 MHz, 74.26 W, 96 %
87, 1387 MHz, 73.80 W, 100 %
87, 1387 MHz, 72.93 W, 95 %
87, 1440 MHz, 73.29 W, 95 %
87, 1387 MHz, 73.42 W, 100 %
88, 1387 MHz, 74.31 W, 100 %
88, 1387 MHz, 73.73 W, 94 %
88, 1387 MHz, 73.88 W, 100 %
88, 1387 MHz, 73.50 W, 96 %
88, 1387 MHz, 73.70 W, 100 %
89, 1387 MHz, 73.54 W, 100 %
89, 1387 MHz, 73.89 W, 96 %
89, 1387 MHz, 72.15 W, 100 %
88, 1387 MHz, 69.10 W, 100 %
89, 1387 MHz, 73.12 W, 92 %
86, 1890 MHz, 53.45 W, 0 %
78, 210 MHz, 14.09 W, 0 %
75, 210 MHz, 13.69 W, 0 %
73, 210 MHz, 13.58 W, 0 %
87, 1777 MHz, 114.03 W, 98 %
72, 210 MHz, 13.45 W, 0 %
70, 210 MHz, 13.14 W, 0 %
69, 210 MHz, 13.03 W, 0 %
68, 210 MHz, 12.84 W, 0 %
68, 210 MHz, 12.84 W, 0 %
68, 210 MHz, 12.80 W, 0 %
67, 210 MHz, 12.70 W, 0 %
67, 210 MHz, 12.70 W, 0 %
67, 210 MHz, 12.72 W, 0 %
66, 210 MHz, 12.67 W, 0 %
66, 210 MHz, 12.55 W, 0 %
65, 210 MHz, 12.53 W, 0 %
65, 210 MHz, 12.52 W, 0 %
67, 1702 MHz, 21.59 W, 0 %
84, 1792 MHz, 114.55 W, 99 %
80, 1950 MHz, 59.80 W, 0 %
70, 210 MHz, 13.09 W, 0 %
68, 210 MHz, 12.89 W, 0 %
67, 210 MHz, 12.73 W, 0 %
67, 210 MHz, 12.77 W, 0 %
66, 210 MHz, 12.68 W, 0 %
66, 210 MHz, 12.65 W, 0 %
66, 210 MHz, 12.59 W, 0 %
65, 210 MHz, 12.51 W, 0 %
65, 210 MHz, 12.50 W, 0 %
82, 1852 MHz, 114.62 W, 100 %
87, 1800 MHz, 114.38 W, 99 %
71, 210 MHz, 13.32 W, 0 %
69, 210 MHz, 12.93 W, 0 %
67, 210 MHz, 12.75 W, 0 %
67, 210 MHz, 12.69 W, 0 %
66, 210 MHz, 12.64 W, 0 %
66, 210 MHz, 12.65 W, 0 %
66, 210 MHz, 12.54 W, 0 %
67, 1702 MHz, 19.36 W, 4 %
84, 1830 MHz, 114.47 W, 100 %
81, 1950 MHz, 80.16 W, 100 %
71, 210 MHz, 13.13 W, 0 %
69, 210 MHz, 12.91 W, 0 %
68, 210 MHz, 12.86 W, 0 %
67, 210 MHz, 12.70 W, 0 %
66, 210 MHz, 12.69 W, 0 %
66, 210 MHz, 12.58 W, 0 %
65, 210 MHz, 12.54 W, 0 %
65, 210 MHz, 12.52 W, 0 %
64, 210 MHz, 12.46 W, 0 %
64, 210 MHz, 12.41 W, 0 %
63, 210 MHz, 12.36 W, 0 %
63, 210 MHz, 12.36 W, 0 %
63, 210 MHz, 12.30 W, 0 %
62, 210 MHz, 12.30 W, 0 %
62, 210 MHz, 12.28 W, 0 %
62, 210 MHz, 12.27 W, 0 %
62, 210 MHz, 12.25 W, 0 %
62, 210 MHz, 12.23 W, 0 %
62, 210 MHz, 12.05 W, 0 %
62, 210 MHz, 12.16 W, 0 %
61, 210 MHz, 12.23 W, 0 %
61, 210 MHz, 12.21 W, 0 %
61, 210 MHz, 12.18 W, 0 %
61, 210 MHz, 12.20 W, 0 %
61, 210 MHz, 12.16 W, 0 %
61, 210 MHz, 12.14 W, 0 %
63, 1702 MHz, 27.99 W, 0 %
63, 1102 MHz, 28.54 W, 0 %
62, 210 MHz, 12.19 W, 0 %
61, 210 MHz, 12.18 W, 0 %
61, 210 MHz, 12.13 W, 0 %
65, 1987 MHz, 39.70 W, 0 %
62, 210 MHz, 12.64 W, 1 %
65, 765 MHz, 22.24 W, 0 %
67, 1822 MHz, 25.52 W, 94 %
66, 675 MHz, 25.49 W, 7 %
66, 750 MHz, 22.28 W, 0 %
67, 750 MHz, 22.30 W, 0 %
69, 1822 MHz, 37.71 W, 0 %
67, 735 MHz, 22.64 W, 0 %
67, 742 MHz, 22.34 W, 0 %
69, 1702 MHz, 34.30 W, 0 %
68, 750 MHz, 22.63 W, 0 %
66, 735 MHz, 18.51 W, 98 %
65, 307 MHz, 13.15 W, 87 %
68, 862 MHz, 31.08 W, 39 %
66, 750 MHz, 20.75 W, 81 %
67, 697 MHz, 20.81 W, 75 %
67, 720 MHz, 25.71 W, 3 %
66, 757 MHz, 18.38 W, 13 %
67, 750 MHz, 20.88 W, 0 %
67, 540 MHz, 22.22 W, 0 %
68, 697 MHz, 22.29 W, 0 %
69, 1702 MHz, 31.48 W, 0 %
68, 742 MHz, 22.90 W, 0 %
70, 1702 MHz, 31.15 W, 0 %
68, 750 MHz, 22.55 W, 0 %
71, 1860 MHz, 39.98 W, 0 %
70, 1800 MHz, 25.14 W, 100 %
68, 735 MHz, 21.57 W, 0 %
70, 1702 MHz, 32.31 W, 39 %
68, 750 MHz, 22.63 W, 0 %
69, 795 MHz, 31.51 W, 0 %
69, 735 MHz, 21.06 W, 0 %
70, 1702 MHz, 31.31 W, 0 %
69, 750 MHz, 22.67 W, 0 %
69, 757 MHz, 25.73 W, 0 %
66, 210 MHz, 12.53 W, 0 %
65, 210 MHz, 12.40 W, 0 %
64, 210 MHz, 12.35 W, 0 %
64, 210 MHz, 12.29 W, 0 %
64, 210 MHz, 12.65 W, 0 %
68, 1702 MHz, 27.26 W, 100 %
69, 1837 MHz, 36.02 W, 0 %
69, 1837 MHz, 23.75 W, 100 %
69, 660 MHz, 24.90 W, 0 %
68, 750 MHz, 21.02 W, 47 %
70, 1822 MHz, 25.97 W, 100 %
68, 742 MHz, 21.68 W, 34 %
69, 1837 MHz, 20.01 W, 0 %
69, 757 MHz, 21.20 W, 0 %
69, 585 MHz, 21.14 W, 0 %
69, 712 MHz, 23.14 W, 0 %
69, 697 MHz, 22.69 W, 0 %
71, 832 MHz, 31.80 W, 0 %
69, 750 MHz, 22.73 W, 0 %
71, 862 MHz, 31.96 W, 39 %
67, 210 MHz, 12.70 W, 0 %
66, 210 MHz, 12.47 W, 0 %
66, 210 MHz, 12.83 W, 0 %
68, 750 MHz, 22.58 W, 0 %
68, 1147 MHz, 21.17 W, 10 %
68, 750 MHz, 21.05 W, 7 %
67, 210 MHz, 12.86 W, 0 %
66, 210 MHz, 12.45 W, 0 %
65, 210 MHz, 12.25 W, 0 %
65, 210 MHz, 12.32 W, 0 %
64, 210 MHz, 12.29 W, 0 %
64, 210 MHz, 12.28 W, 0 %
64, 210 MHz, 12.31 W, 0 %
63, 210 MHz, 12.26 W, 0 %
63, 210 MHz, 12.31 W, 0 %
63, 210 MHz, 12.28 W, 0 %
62, 210 MHz, 12.32 W, 0 %
62, 210 MHz, 12.29 W, 0 %
62, 210 MHz, 12.10 W, 0 %
63, 210 MHz, 12.23 W, 0 %
63, 210 MHz, 12.30 W, 0 %
63, 210 MHz, 12.18 W, 0 %
63, 210 MHz, 12.28 W, 0 %
63, 210 MHz, 12.31 W, 0 %
63, 210 MHz, 12.23 W, 0 %
63, 210 MHz, 12.18 W, 0 %
62, 210 MHz, 12.16 W, 0 %
62, 210 MHz, 12.13 W, 0 %
61, 210 MHz, 12.10 W, 0 %
61, 210 MHz, 12.06 W, 0 %
60, 210 MHz, 12.02 W, 0 %
60, 210 MHz, 12.01 W, 0 %
59, 210 MHz, 11.98 W, 0 %
59, 210 MHz, 11.98 W, 0 %
59, 210 MHz, 12.00 W, 0 %
59, 210 MHz, 11.90 W, 0 %
58, 210 MHz, 11.85 W, 0 %
58, 210 MHz, 11.87 W, 0 %
58, 210 MHz, 11.87 W, 0 %
57, 210 MHz, 11.81 W, 0 %
57, 210 MHz, 11.82 W, 0 %
57, 210 MHz, 11.89 W, 0 %
57, 210 MHz, 11.81 W, 0 %
57, 210 MHz, 11.83 W, 0 %
57, 210 MHz, 11.79 W, 0 %
57, 210 MHz, 11.77 W, 0 %
57, 210 MHz, 11.77 W, 0 %
57, 210 MHz, 11.74 W, 0 %
56, 210 MHz, 11.69 W, 0 %
56, 210 MHz, 11.66 W, 0 %
56, 210 MHz, 11.67 W, 0 %
55, 210 MHz, 11.64 W, 0 %
55, 210 MHz, 11.61 W, 0 %
55, 210 MHz, 11.62 W, 0 %
55, 210 MHz, 11.54 W, 0 %
55, 210 MHz, 11.54 W, 0 %
55, 210 MHz, 11.55 W, 0 %
55, 210 MHz, 11.53 W, 0 %
54, 210 MHz, 11.61 W, 0 %
54, 210 MHz, 11.59 W, 0 %
54, 210 MHz, 11.51 W, 0 %
54, 210 MHz, 11.51 W, 0 %
54, 210 MHz, 11.25 W, 0 %
56, 210 MHz, 11.48 W, 0 %
56, 210 MHz, 11.58 W, 0 %
56, 210 MHz, 11.72 W, 0 %
56, 210 MHz, 11.68 W, 0 %
56, 210 MHz, 11.73 W, 0 %
56, 210 MHz, 11.65 W, 0 %
56, 210 MHz, 11.65 W, 0 %
56, 210 MHz, 11.64 W, 0 %
55, 210 MHz, 11.60 W, 0 %
55, 210 MHz, 11.55 W, 0 %
55, 210 MHz, 11.57 W, 0 %
55, 210 MHz, 11.52 W, 0 %
54, 210 MHz, 11.57 W, 0 %
54, 210 MHz, 11.57 W, 0 %
54, 210 MHz, 11.50 W, 0 %
54, 210 MHz, 11.53 W, 0 %
54, 210 MHz, 11.53 W, 0 %
54, 210 MHz, 11.51 W, 0 %
54, 210 MHz, 11.46 W, 0 %
54, 210 MHz, 11.46 W, 0 %
54, 210 MHz, 11.54 W, 0 %
54, 210 MHz, 11.48 W, 0 %
54, 210 MHz, 11.47 W, 0 %
54, 210 MHz, 11.46 W, 0 %
54, 210 MHz, 11.47 W, 0 %
53, 210 MHz, 11.45 W, 0 %
53, 210 MHz, 11.47 W, 0 %
53, 210 MHz, 11.46 W, 0 %
53, 210 MHz, 11.45 W, 0 %
53, 210 MHz, 11.45 W, 0 %
53, 210 MHz, 11.43 W, 0 %
53, 210 MHz, 11.40 W, 0 %
53, 210 MHz, 11.48 W, 0 %
53, 210 MHz, 11.41 W, 0 %
53, 210 MHz, 11.44 W, 0 %
53, 210 MHz, 11.44 W, 0 %
53, 210 MHz, 11.44 W, 0 %
53, 210 MHz, 11.41 W, 0 %
53, 210 MHz, 11.41 W, 0 %
53, 210 MHz, 11.42 W, 0 %
53, 210 MHz, 11.41 W, 0 %
53, 210 MHz, 11.44 W, 0 %
53, 210 MHz, 11.43 W, 0 %
53, 210 MHz, 11.52 W, 0 %
53, 210 MHz, 11.46 W, 0 %
53, 210 MHz, 11.42 W, 0 %
53, 210 MHz, 11.44 W, 0 %
53, 210 MHz, 11.42 W, 0 %
53, 210 MHz, 11.43 W, 0 %
53, 210 MHz, 11.46 W, 0 %
53, 210 MHz, 11.42 W, 0 %
53, 210 MHz, 11.44 W, 0 %
53, 210 MHz, 11.40 W, 0 %
53, 210 MHz, 11.43 W, 0 %
53, 210 MHz, 11.43 W, 0 %
53, 210 MHz, 11.36 W, 0 %
53, 210 MHz, 11.44 W, 0 %
53, 210 MHz, 11.38 W, 0 %
53, 210 MHz, 11.39 W, 0 %
53, 210 MHz, 11.35 W, 0 %
53, 210 MHz, 11.38 W, 0 %
53, 210 MHz, 11.41 W, 0 %
53, 210 MHz, 11.42 W, 0 %
53, 210 MHz, 11.36 W, 0 %
53, 210 MHz, 11.41 W, 0 %
53, 210 MHz, 11.38 W, 0 %
53, 210 MHz, 11.38 W, 0 %
53, 210 MHz, 11.38 W, 0 %
53, 210 MHz, 11.46 W, 0 %
53, 210 MHz, 11.37 W, 0 %
53, 210 MHz, 11.34 W, 0 %
53, 210 MHz, 11.48 W, 0 %
53, 210 MHz, 11.41 W, 0 %
53, 210 MHz, 11.40 W, 0 %
53, 210 MHz, 11.35 W, 0 %
53, 210 MHz, 11.45 W, 0 %
53, 210 MHz, 11.37 W, 0 %
52, 210 MHz, 11.36 W, 0 %
52, 210 MHz, 11.41 W, 0 %
52, 210 MHz, 11.53 W, 0 %
52, 210 MHz, 11.41 W, 0 %
52, 210 MHz, 11.39 W, 0 %
53, 210 MHz, 11.41 W, 0 %
53, 210 MHz, 11.42 W, 0 %
52, 210 MHz, 11.43 W, 0 %
53, 210 MHz, 11.49 W, 0 %
53, 210 MHz, 11.39 W, 0 %
53, 210 MHz, 11.37 W, 0 %
53, 210 MHz, 11.40 W, 0 %
53, 210 MHz, 11.37 W, 0 %
53, 210 MHz, 11.33 W, 0 %
53, 210 MHz, 11.35 W, 0 %
53, 210 MHz, 11.41 W, 0 %
53, 210 MHz, 11.31 W, 0 %
53, 210 MHz, 11.35 W, 0 %
53, 210 MHz, 11.42 W, 0 %
53, 210 MHz, 11.38 W, 0 %
53, 210 MHz, 11.46 W, 0 %
53, 210 MHz, 11.40 W, 0 %
52, 210 MHz, 11.35 W, 0 %
52, 210 MHz, 11.37 W, 0 %
52, 210 MHz, 11.36 W, 0 %
52, 210 MHz, 11.31 W, 0 %
52, 210 MHz, 11.35 W, 0 %
52, 210 MHz, 11.41 W, 0 %
52, 210 MHz, 11.36 W, 0 %
52, 210 MHz, 11.34 W, 0 %
52, 210 MHz, 11.36 W, 0 %
52, 210 MHz, 11.40 W, 0 %
52, 210 MHz, 11.44 W, 0 %
52, 210 MHz, 11.34 W, 0 %
52, 210 MHz, 11.36 W, 0 %
52, 210 MHz, 11.36 W, 0 %
52, 210 MHz, 11.34 W, 0 %
52, 210 MHz, 11.34 W, 0 %
52, 210 MHz, 11.42 W, 0 %
52, 210 MHz, 11.37 W, 0 %
52, 210 MHz, 11.35 W, 0 %
52, 210 MHz, 11.35 W, 0 %
52, 210 MHz, 11.39 W, 0 %
52, 210 MHz, 11.33 W, 0 %
52, 210 MHz, 11.41 W, 0 %
52, 210 MHz, 11.33 W, 0 %
52, 210 MHz, 11.33 W, 0 %
52, 210 MHz, 11.39 W, 0 %
52, 210 MHz, 11.38 W, 0 %
52, 210 MHz, 11.33 W, 0 %
52, 210 MHz, 11.40 W, 0 %
52, 210 MHz, 11.36 W, 0 %
52, 210 MHz, 11.41 W, 0 %
52, 210 MHz, 11.38 W, 0 %
52, 210 MHz, 11.37 W, 0 %
52, 210 MHz, 11.38 W, 0 %
52, 210 MHz, 11.37 W, 0 %
52, 210 MHz, 11.41 W, 0 %
52, 210 MHz, 11.40 W, 0 %
53, 210 MHz, 11.49 W, 0 %
53, 210 MHz, 11.40 W, 0 %
52, 210 MHz, 11.41 W, 0 %
52, 210 MHz, 11.36 W, 0 %
52, 210 MHz, 11.39 W, 0 %
52, 210 MHz, 11.47 W, 0 %
52, 210 MHz, 11.38 W, 0 %
52, 210 MHz, 11.40 W, 0 %
52, 210 MHz, 11.42 W, 0 %
52, 210 MHz, 11.39 W, 0 %
52, 210 MHz, 11.39 W, 0 %
52, 210 MHz, 11.40 W, 0 %
52, 210 MHz, 11.42 W, 0 %
53, 210 MHz, 11.40 W, 0 %
52, 210 MHz, 11.36 W, 0 %
53, 210 MHz, 11.47 W, 0 %
53, 210 MHz, 11.38 W, 0 %
53, 210 MHz, 11.38 W, 0 %
53, 210 MHz, 11.43 W, 0 %
53, 210 MHz, 11.40 W, 0 %
53, 210 MHz, 11.42 W, 0 %
53, 210 MHz, 11.38 W, 0 %
53, 210 MHz, 11.38 W, 0 %
53, 210 MHz, 11.43 W, 0 %
53, 210 MHz, 11.42 W, 0 %
53, 210 MHz, 11.47 W, 0 %
53, 210 MHz, 11.47 W, 0 %
53, 210 MHz, 11.40 W, 0 %
53, 210 MHz, 11.43 W, 0 %
53, 210 MHz, 11.47 W, 0 %
53, 210 MHz, 11.38 W, 0 %
52, 210 MHz, 11.43 W, 0 %
52, 210 MHz, 11.38 W, 0 %
53, 210 MHz, 11.49 W, 0 %
53, 210 MHz, 11.43 W, 0 %
53, 210 MHz, 11.39 W, 0 %
53, 210 MHz, 11.37 W, 0 %
53, 210 MHz, 11.43 W, 0 %
53, 210 MHz, 11.37 W, 0 %
53, 210 MHz, 11.40 W, 0 %
53, 210 MHz, 11.41 W, 0 %
53, 210 MHz, 11.46 W, 0 %
53, 210 MHz, 11.44 W, 0 %
53, 210 MHz, 11.43 W, 0 %
53, 210 MHz, 11.46 W, 0 %
53, 210 MHz, 11.42 W, 0 %
53, 210 MHz, 11.43 W, 0 %
53, 210 MHz, 11.41 W, 0 %
53, 210 MHz, 11.41 W, 0 %
53, 210 MHz, 11.38 W, 0 %
53, 210 MHz, 11.38 W, 0 %
53, 210 MHz, 11.46 W, 0 %
53, 210 MHz, 11.36 W, 0 %
55, 1702 MHz, 26.07 W, 0 %
53, 210 MHz, 11.43 W, 0 %
53, 210 MHz, 11.41 W, 0 %
53, 210 MHz, 11.45 W, 0 %
53, 210 MHz, 11.49 W, 0 %
53, 210 MHz, 11.45 W, 0 %
53, 210 MHz, 11.40 W, 0 %
53, 210 MHz, 11.44 W, 0 %
53, 210 MHz, 11.46 W, 0 %
53, 210 MHz, 11.42 W, 0 %
53, 210 MHz, 11.45 W, 0 %
53, 210 MHz, 11.49 W, 0 %
53, 210 MHz, 11.48 W, 0 %
53, 210 MHz, 11.45 W, 0 %
53, 210 MHz, 11.44 W, 0 %
53, 210 MHz, 11.44 W, 0 %
53, 210 MHz, 11.40 W, 0 %
52, 210 MHz, 11.42 W, 0 %
52, 210 MHz, 11.44 W, 0 %
53, 210 MHz, 11.43 W, 0 %
53, 210 MHz, 11.39 W, 0 %
53, 210 MHz, 11.39 W, 0 %
53, 210 MHz, 11.43 W, 0 %
53, 210 MHz, 11.40 W, 0 %
53, 210 MHz, 11.52 W, 0 %
53, 210 MHz, 11.44 W, 0 %
53, 210 MHz, 11.46 W, 0 %
53, 210 MHz, 11.42 W, 0 %
53, 210 MHz, 11.40 W, 0 %
53, 210 MHz, 11.48 W, 0 %
53, 210 MHz, 11.42 W, 0 %
53, 210 MHz, 11.44 W, 0 %
53, 210 MHz, 11.42 W, 0 %
53, 210 MHz, 11.38 W, 0 %
53, 210 MHz, 11.48 W, 0 %
53, 210 MHz, 11.39 W, 0 %
53, 210 MHz, 11.40 W, 0 %
53, 210 MHz, 11.48 W, 0 %
53, 210 MHz, 11.41 W, 0 %
53, 210 MHz, 11.43 W, 0 %
53, 210 MHz, 11.49 W, 0 %
53, 210 MHz, 11.41 W, 0 %
53, 210 MHz, 11.43 W, 0 %
53, 210 MHz, 11.35 W, 0 %
53, 210 MHz, 11.40 W, 0 %
53, 210 MHz, 11.45 W, 0 %
53, 210 MHz, 11.39 W, 0 %
53, 210 MHz, 11.40 W, 0 %
53, 210 MHz, 11.50 W, 0 %
53, 210 MHz, 11.44 W, 0 %
53, 210 MHz, 11.42 W, 0 %
53, 210 MHz, 11.42 W, 0 %
53, 210 MHz, 11.40 W, 0 %
53, 210 MHz, 11.40 W, 0 %
53, 210 MHz, 11.41 W, 0 %
53, 210 MHz, 11.41 W, 0 %
53, 210 MHz, 11.40 W, 0 %
52, 210 MHz, 11.41 W, 0 %
52, 210 MHz, 11.39 W, 0 %
53, 210 MHz, 11.36 W, 0 %
52, 210 MHz, 11.46 W, 0 %
53, 210 MHz, 11.39 W, 0 %
53, 210 MHz, 11.43 W, 0 %
53, 210 MHz, 11.44 W, 0 %
53, 210 MHz, 11.41 W, 0 %
53, 210 MHz, 11.42 W, 0 %
53, 210 MHz, 11.45 W, 0 %
53, 210 MHz, 11.47 W, 0 %
53, 210 MHz, 11.42 W, 0 %
53, 210 MHz, 11.45 W, 0 %
53, 210 MHz, 11.53 W, 0 %
53, 210 MHz, 11.44 W, 0 %
53, 210 MHz, 11.43 W, 0 %
53, 210 MHz, 11.43 W, 0 %
53, 210 MHz, 11.45 W, 0 %
53, 210 MHz, 11.39 W, 0 %
53, 210 MHz, 11.47 W, 0 %
53, 210 MHz, 11.43 W, 0 %
53, 210 MHz, 11.44 W, 0 %
53, 210 MHz, 11.42 W, 0 %
53, 210 MHz, 11.39 W, 0 %
53, 210 MHz, 11.40 W, 0 %
53, 210 MHz, 11.38 W, 0 %
53, 210 MHz, 11.47 W, 0 %
53, 210 MHz, 11.41 W, 0 %
53, 210 MHz, 11.43 W, 0 %
53, 210 MHz, 11.43 W, 0 %
53, 210 MHz, 11.42 W, 0 %
53, 210 MHz, 11.40 W, 0 %
53, 210 MHz, 11.40 W, 0 %
53, 210 MHz, 11.36 W, 0 %
53, 210 MHz, 11.36 W, 0 %
53, 210 MHz, 11.39 W, 0 %
53, 210 MHz, 11.49 W, 0 %
53, 210 MHz, 11.44 W, 0 %
53, 210 MHz, 11.40 W, 0 %
53, 210 MHz, 11.51 W, 0 %
53, 210 MHz, 11.41 W, 0 %
53, 210 MHz, 11.41 W, 0 %
53, 210 MHz, 11.40 W, 0 %
53, 210 MHz, 11.40 W, 0 %
53, 210 MHz, 11.40 W, 0 %
53, 210 MHz, 11.40 W, 0 %
53, 210 MHz, 11.47 W, 0 %
53, 210 MHz, 11.40 W, 0 %
53, 210 MHz, 11.40 W, 0 %
53, 210 MHz, 11.47 W, 0 %
53, 210 MHz, 11.41 W, 0 %
53, 210 MHz, 11.41 W, 0 %
53, 210 MHz, 11.46 W, 0 %
53, 210 MHz, 11.41 W, 0 %
53, 210 MHz, 11.36 W, 0 %
53, 210 MHz, 11.40 W, 0 %
53, 210 MHz, 11.42 W, 0 %
53, 210 MHz, 11.44 W, 0 %
53, 210 MHz, 11.44 W, 0 %
53, 210 MHz, 11.47 W, 0 %
53, 210 MHz, 11.44 W, 0 %
53, 210 MHz, 11.51 W, 0 %
53, 210 MHz, 11.45 W, 0 %
53, 210 MHz, 11.49 W, 0 %
53, 210 MHz, 11.47 W, 0 %
53, 210 MHz, 11.40 W, 0 %
53, 210 MHz, 11.44 W, 0 %
53, 210 MHz, 11.42 W, 0 %
53, 210 MHz, 11.42 W, 0 %
53, 210 MHz, 11.44 W, 0 %
53, 210 MHz, 11.42 W, 0 %
53, 210 MHz, 11.35 W, 0 %
53, 210 MHz, 11.43 W, 0 %
53, 210 MHz, 11.41 W, 0 %
53, 210 MHz, 11.39 W, 0 %
53, 210 MHz, 11.39 W, 0 %
53, 210 MHz, 11.50 W, 0 %
53, 210 MHz, 11.46 W, 0 %
53, 210 MHz, 11.40 W, 0 %
53, 210 MHz, 11.47 W, 0 %
53, 210 MHz, 11.45 W, 0 %
53, 210 MHz, 11.44 W, 0 %
53, 210 MHz, 11.46 W, 0 %
53, 210 MHz, 11.46 W, 0 %
53, 210 MHz, 11.47 W, 0 %
53, 210 MHz, 11.51 W, 0 %
53, 210 MHz, 11.48 W, 0 %
53, 210 MHz, 11.47 W, 0 %
53, 210 MHz, 11.42 W, 0 %
53, 210 MHz, 11.38 W, 0 %
53, 210 MHz, 11.40 W, 0 %
53, 210 MHz, 11.44 W, 0 %
53, 210 MHz, 11.43 W, 0 %
53, 210 MHz, 11.42 W, 0 %
53, 210 MHz, 11.43 W, 0 %
53, 210 MHz, 11.37 W, 0 %
53, 210 MHz, 11.46 W, 0 %
53, 210 MHz, 11.38 W, 0 %
53, 210 MHz, 11.40 W, 0 %
53, 210 MHz, 11.40 W, 0 %
53, 210 MHz, 11.45 W, 0 %
53, 210 MHz, 11.40 W, 0 %
53, 210 MHz, 11.38 W, 0 %
53, 210 MHz, 11.39 W, 0 %
53, 210 MHz, 11.44 W, 0 %
53, 210 MHz, 11.45 W, 0 %
53, 210 MHz, 11.44 W, 0 %
53, 210 MHz, 11.41 W, 0 %
53, 210 MHz, 11.48 W, 0 %
53, 210 MHz, 11.44 W, 0 %
53, 210 MHz, 11.44 W, 0 %
53, 210 MHz, 11.44 W, 0 %
53, 210 MHz, 11.53 W, 0 %
53, 210 MHz, 11.41 W, 0 %
53, 210 MHz, 11.44 W, 0 %
53, 210 MHz, 11.41 W, 0 %
53, 210 MHz, 11.42 W, 0 %
53, 210 MHz, 11.37 W, 0 %
53, 210 MHz, 11.46 W, 0 %
53, 210 MHz, 11.43 W, 0 %
53, 210 MHz, 11.38 W, 0 %
53, 210 MHz, 11.48 W, 0 %
53, 210 MHz, 11.42 W, 0 %
53, 210 MHz, 11.40 W, 0 %
53, 210 MHz, 11.43 W, 0 %
53, 210 MHz, 11.41 W, 0 %
53, 210 MHz, 11.41 W, 0 %
53, 210 MHz, 11.35 W, 0 %
53, 210 MHz, 11.39 W, 0 %
53, 210 MHz, 11.41 W, 0 %
53, 210 MHz, 11.42 W, 0 %
53, 210 MHz, 11.42 W, 0 %
53, 210 MHz, 11.51 W, 0 %
53, 210 MHz, 11.47 W, 0 %
53, 210 MHz, 11.40 W, 0 %
53, 210 MHz, 11.42 W, 0 %
53, 210 MHz, 11.48 W, 0 %
53, 210 MHz, 11.42 W, 0 %
53, 210 MHz, 11.49 W, 0 %
53, 210 MHz, 11.47 W, 0 %
53, 210 MHz, 11.41 W, 0 %
53, 210 MHz, 11.42 W, 0 %
53, 210 MHz, 11.45 W, 0 %
53, 210 MHz, 11.51 W, 0 %
53, 210 MHz, 11.44 W, 0 %
53, 210 MHz, 11.44 W, 0 %
53, 210 MHz, 11.43 W, 0 %
53, 210 MHz, 11.44 W, 0 %
53, 210 MHz, 11.44 W, 0 %
53, 210 MHz, 11.47 W, 0 %
53, 210 MHz, 11.44 W, 0 %
53, 210 MHz, 11.50 W, 0 %
53, 210 MHz, 11.46 W, 0 %
54, 210 MHz, 11.51 W, 0 %
53, 210 MHz, 11.48 W, 0 %
53, 210 MHz, 11.48 W, 0 %
53, 210 MHz, 11.47 W, 0 %
54, 210 MHz, 11.52 W, 0 %
53, 210 MHz, 11.45 W, 0 %
53, 210 MHz, 11.43 W, 0 %
53, 210 MHz, 11.43 W, 0 %
53, 210 MHz, 11.41 W, 0 %
53, 210 MHz, 11.42 W, 0 %
53, 210 MHz, 11.47 W, 0 %
53, 210 MHz, 11.48 W, 0 %
53, 210 MHz, 11.45 W, 0 %
53, 210 MHz, 11.41 W, 0 %
53, 210 MHz, 11.42 W, 0 %
53, 210 MHz, 11.42 W, 0 %
53, 210 MHz, 11.43 W, 0 %
53, 210 MHz, 11.40 W, 0 %
53, 210 MHz, 11.47 W, 0 %
53, 210 MHz, 11.41 W, 0 %
53, 210 MHz, 11.51 W, 0 %
53, 210 MHz, 11.47 W, 0 %
53, 210 MHz, 11.45 W, 0 %
53, 210 MHz, 11.40 W, 0 %
53, 210 MHz, 11.48 W, 0 %
53, 210 MHz, 11.45 W, 0 %
53, 210 MHz, 11.42 W, 0 %
53, 210 MHz, 11.49 W, 0 %
53, 210 MHz, 11.50 W, 0 %
53, 210 MHz, 11.45 W, 0 %
53, 210 MHz, 11.44 W, 0 %
53, 210 MHz, 11.44 W, 0 %
53, 210 MHz, 11.46 W, 0 %
53, 210 MHz, 11.45 W, 0 %
53, 210 MHz, 11.48 W, 0 %
53, 210 MHz, 11.49 W, 0 %
53, 210 MHz, 11.48 W, 0 %
53, 210 MHz, 11.47 W, 0 %
53, 210 MHz, 11.47 W, 0 %
53, 210 MHz, 11.44 W, 0 %
53, 210 MHz, 11.48 W, 0 %
53, 210 MHz, 11.39 W, 0 %
53, 210 MHz, 11.47 W, 0 %
53, 210 MHz, 11.43 W, 0 %
53, 210 MHz, 11.51 W, 0 %
53, 210 MHz, 11.47 W, 0 %
53, 210 MHz, 11.43 W, 0 %
53, 210 MHz, 11.43 W, 0 %
53, 210 MHz, 11.43 W, 0 %
53, 210 MHz, 11.51 W, 0 %
53, 210 MHz, 11.41 W, 0 %
53, 210 MHz, 11.46 W, 0 %
53, 210 MHz, 11.41 W, 0 %
53, 210 MHz, 11.46 W, 0 %
53, 210 MHz, 11.45 W, 0 %
53, 210 MHz, 11.44 W, 0 %
53, 210 MHz, 11.49 W, 0 %
53, 210 MHz, 11.50 W, 0 %
53, 210 MHz, 11.43 W, 0 %
53, 210 MHz, 11.46 W, 0 %
53, 210 MHz, 11.46 W, 0 %
53, 210 MHz, 11.48 W, 0 %
53, 210 MHz, 11.44 W, 0 %
53, 210 MHz, 11.44 W, 0 %
53, 210 MHz, 11.47 W, 0 %
53, 210 MHz, 11.44 W, 0 %
53, 210 MHz, 11.44 W, 0 %
53, 210 MHz, 11.42 W, 0 %
53, 210 MHz, 11.53 W, 0 %
53, 210 MHz, 11.48 W, 0 %
53, 210 MHz, 11.45 W, 0 %
53, 210 MHz, 11.40 W, 0 %
53, 210 MHz, 11.43 W, 0 %
53, 210 MHz, 11.49 W, 0 %
53, 210 MHz, 11.42 W, 0 %
53, 210 MHz, 11.41 W, 0 %
53, 210 MHz, 11.43 W, 0 %
53, 210 MHz, 11.42 W, 0 %
53, 210 MHz, 11.40 W, 0 %
53, 210 MHz, 11.44 W, 0 %
53, 210 MHz, 11.44 W, 0 %
53, 210 MHz, 11.45 W, 0 %
53, 210 MHz, 11.47 W, 0 %
53, 210 MHz, 11.42 W, 0 %
53, 210 MHz, 11.46 W, 0 %
53, 210 MHz, 11.44 W, 0 %
53, 210 MHz, 11.48 W, 0 %
53, 210 MHz, 11.40 W, 0 %
53, 210 MHz, 11.47 W, 0 %
53, 210 MHz, 11.46 W, 0 %
53, 210 MHz, 11.49 W, 0 %
53, 210 MHz, 11.51 W, 0 %
53, 210 MHz, 11.53 W, 0 %
53, 210 MHz, 11.47 W, 0 %
53, 210 MHz, 11.42 W, 0 %
53, 210 MHz, 11.48 W, 0 %
53, 210 MHz, 11.43 W, 0 %
53, 210 MHz, 11.52 W, 0 %
53, 210 MHz, 11.45 W, 0 %
53, 210 MHz, 11.48 W, 0 %
53, 210 MHz, 11.47 W, 0 %
53, 210 MHz, 11.48 W, 0 %
53, 210 MHz, 11.47 W, 0 %
53, 210 MHz, 11.53 W, 0 %
53, 210 MHz, 11.53 W, 0 %
53, 210 MHz, 11.46 W, 0 %
53, 210 MHz, 11.46 W, 0 %
53, 210 MHz, 11.43 W, 0 %
53, 210 MHz, 11.44 W, 0 %
53, 210 MHz, 11.47 W, 0 %
53, 210 MHz, 11.47 W, 0 %
53, 210 MHz, 11.47 W, 0 %
53, 210 MHz, 11.49 W, 0 %
53, 210 MHz, 11.42 W, 0 %
53, 210 MHz, 11.44 W, 0 %
53, 210 MHz, 11.48 W, 0 %
53, 210 MHz, 11.50 W, 0 %
53, 210 MHz, 11.46 W, 0 %
53, 210 MHz, 11.45 W, 0 %
53, 210 MHz, 11.44 W, 0 %
53, 210 MHz, 11.42 W, 0 %
53, 210 MHz, 11.40 W, 0 %
53, 210 MHz, 11.39 W, 0 %
53, 210 MHz, 11.41 W, 0 %
53, 210 MHz, 11.42 W, 0 %
53, 210 MHz, 11.44 W, 0 %
53, 210 MHz, 11.44 W, 0 %
53, 210 MHz, 11.43 W, 0 %
53, 210 MHz, 11.43 W, 0 %
53, 210 MHz, 11.45 W, 0 %
53, 210 MHz, 11.47 W, 0 %
53, 210 MHz, 11.46 W, 0 %
53, 210 MHz, 11.47 W, 0 %
53, 210 MHz, 11.43 W, 0 %
53, 210 MHz, 11.41 W, 0 %
53, 210 MHz, 11.40 W, 0 %
53, 210 MHz, 11.45 W, 0 %
53, 210 MHz, 11.40 W, 0 %
53, 210 MHz, 11.45 W, 0 %
53, 210 MHz, 11.47 W, 0 %
53, 210 MHz, 11.50 W, 0 %
53, 210 MHz, 11.46 W, 0 %
53, 210 MHz, 11.46 W, 0 %
53, 210 MHz, 11.44 W, 0 %
53, 210 MHz, 11.45 W, 0 %
53, 210 MHz, 11.42 W, 0 %
53, 210 MHz, 11.43 W, 0 %
53, 210 MHz, 11.50 W, 0 %
53, 210 MHz, 11.49 W, 0 %
53, 210 MHz, 11.48 W, 0 %
54, 210 MHz, 11.38 W, 0 %
54, 210 MHz, 11.46 W, 0 %
54, 210 MHz, 11.49 W, 0 %
54, 210 MHz, 11.59 W, 0 %
54, 210 MHz, 11.57 W, 0 %
53, 210 MHz, 11.51 W, 0 %
53, 210 MHz, 11.46 W, 0 %
53, 210 MHz, 11.50 W, 0 %
53, 210 MHz, 11.48 W, 0 %
53, 210 MHz, 11.51 W, 0 %
53, 210 MHz, 11.52 W, 0 %
53, 210 MHz, 11.50 W, 0 %
54, 210 MHz, 11.42 W, 0 %
54, 210 MHz, 11.60 W, 0 %
54, 210 MHz, 11.60 W, 0 %
54, 210 MHz, 11.56 W, 0 %
54, 210 MHz, 11.49 W, 0 %
54, 210 MHz, 11.44 W, 0 %
54, 210 MHz, 11.61 W, 0 %
54, 210 MHz, 11.57 W, 0 %
54, 210 MHz, 11.59 W, 0 %
55, 210 MHz, 11.65 W, 0 %
55, 210 MHz, 11.65 W, 0 %
55, 210 MHz, 11.61 W, 0 %
55, 210 MHz, 11.51 W, 0 %
56, 210 MHz, 11.66 W, 0 %
56, 210 MHz, 11.66 W, 0 %
56, 210 MHz, 11.69 W, 0 %
56, 210 MHz, 11.70 W, 0 %
56, 210 MHz, 11.77 W, 0 %
57, 210 MHz, 11.79 W, 0 %
57, 210 MHz, 11.80 W, 0 %
57, 210 MHz, 11.70 W, 0 %
57, 210 MHz, 11.90 W, 0 %
57, 210 MHz, 11.86 W, 0 %
57, 210 MHz, 11.74 W, 0 %
57, 210 MHz, 11.80 W, 0 %
57, 210 MHz, 11.77 W, 0 %
57, 210 MHz, 11.81 W, 0 %
57, 210 MHz, 11.69 W, 0 %
57, 210 MHz, 11.82 W, 0 %
58, 210 MHz, 11.92 W, 0 %
58, 210 MHz, 11.95 W, 0 %
58, 210 MHz, 11.86 W, 0 %
58, 210 MHz, 11.94 W, 0 %
58, 210 MHz, 11.95 W, 0 %
58, 210 MHz, 11.89 W, 0 %
58, 210 MHz, 11.94 W, 0 %
59, 210 MHz, 11.93 W, 0 %
59, 210 MHz, 11.95 W, 0 %
59, 210 MHz, 11.96 W, 0 %
59, 210 MHz, 11.94 W, 0 %
59, 210 MHz, 12.08 W, 0 %
59, 210 MHz, 12.02 W, 0 %
59, 210 MHz, 12.04 W, 0 %
59, 210 MHz, 12.02 W, 0 %
59, 210 MHz, 11.98 W, 0 %
59, 210 MHz, 12.02 W, 0 %
59, 210 MHz, 11.96 W, 0 %
58, 210 MHz, 11.81 W, 0 %
59, 210 MHz, 11.89 W, 0 %
59, 210 MHz, 11.96 W, 0 %
59, 210 MHz, 11.97 W, 0 %
59, 210 MHz, 11.94 W, 0 %
59, 210 MHz, 11.96 W, 0 %
58, 210 MHz, 11.93 W, 0 %
58, 210 MHz, 11.90 W, 0 %
59, 210 MHz, 12.00 W, 0 %
59, 210 MHz, 11.95 W, 0 %
59, 210 MHz, 11.93 W, 0 %
59, 210 MHz, 11.96 W, 0 %
58, 210 MHz, 11.97 W, 0 %
58, 210 MHz, 11.91 W, 0 %
58, 210 MHz, 11.85 W, 0 %
58, 210 MHz, 11.88 W, 0 %
58, 210 MHz, 11.92 W, 0 %
58, 210 MHz, 11.85 W, 0 %
57, 210 MHz, 11.79 W, 0 %
57, 210 MHz, 11.80 W, 0 %
57, 210 MHz, 11.80 W, 0 %
57, 210 MHz, 11.81 W, 0 %
57, 210 MHz, 11.76 W, 0 %
56, 210 MHz, 11.74 W, 0 %
56, 210 MHz, 11.68 W, 0 %
56, 210 MHz, 11.72 W, 0 %
56, 210 MHz, 11.70 W, 0 %
56, 210 MHz, 11.68 W, 0 %
56, 210 MHz, 11.73 W, 0 %
56, 210 MHz, 11.66 W, 0 %
56, 210 MHz, 11.64 W, 0 %
55, 210 MHz, 11.63 W, 0 %
55, 210 MHz, 11.62 W, 0 %
55, 210 MHz, 11.59 W, 0 %
55, 210 MHz, 11.56 W, 0 %
55, 210 MHz, 11.54 W, 0 %
55, 210 MHz, 11.53 W, 0 %
54, 210 MHz, 11.55 W, 0 %
54, 210 MHz, 11.52 W, 0 %
54, 210 MHz, 11.53 W, 0 %
54, 210 MHz, 11.56 W, 0 %
54, 210 MHz, 11.60 W, 0 %
54, 210 MHz, 11.54 W, 0 %
54, 210 MHz, 11.53 W, 0 %
54, 210 MHz, 11.52 W, 0 %
54, 210 MHz, 11.55 W, 0 %
54, 210 MHz, 11.54 W, 0 %
54, 210 MHz, 11.54 W, 0 %
54, 210 MHz, 11.49 W, 0 %
54, 210 MHz, 11.51 W, 0 %
54, 210 MHz, 11.48 W, 0 %
54, 210 MHz, 11.46 W, 0 %
54, 210 MHz, 11.57 W, 0 %
54, 210 MHz, 11.48 W, 0 %
54, 210 MHz, 11.49 W, 0 %
54, 210 MHz, 11.44 W, 0 %
54, 210 MHz, 11.44 W, 0 %
53, 210 MHz, 11.42 W, 0 %
53, 210 MHz, 11.48 W, 0 %
53, 210 MHz, 11.41 W, 0 %
53, 210 MHz, 11.46 W, 0 %
53, 210 MHz, 11.44 W, 0 %
53, 210 MHz, 11.43 W, 0 %
53, 210 MHz, 11.41 W, 0 %
53, 210 MHz, 11.48 W, 0 %
53, 210 MHz, 11.49 W, 0 %
53, 210 MHz, 11.43 W, 0 %
53, 210 MHz, 11.45 W, 0 %
53, 210 MHz, 11.47 W, 0 %
53, 210 MHz, 11.42 W, 0 %
53, 210 MHz, 11.43 W, 0 %
53, 210 MHz, 11.42 W, 0 %
53, 210 MHz, 11.41 W, 0 %
53, 210 MHz, 11.43 W, 0 %
53, 210 MHz, 11.48 W, 0 %
53, 210 MHz, 11.45 W, 0 %
53, 210 MHz, 11.48 W, 0 %
53, 210 MHz, 11.48 W, 0 %
53, 210 MHz, 11.48 W, 0 %
53, 210 MHz, 11.47 W, 0 %
53, 210 MHz, 11.48 W, 0 %
53, 210 MHz, 11.45 W, 0 %
53, 210 MHz, 11.45 W, 0 %
53, 210 MHz, 11.48 W, 0 %
53, 210 MHz, 11.45 W, 0 %
53, 210 MHz, 11.44 W, 0 %
53, 210 MHz, 11.45 W, 0 %
53, 210 MHz, 11.44 W, 0 %
53, 210 MHz, 11.47 W, 0 %
53, 210 MHz, 11.48 W, 0 %
53, 210 MHz, 11.44 W, 0 %
53, 210 MHz, 11.49 W, 0 %
53, 210 MHz, 11.42 W, 0 %
53, 210 MHz, 11.45 W, 0 %
53, 210 MHz, 11.44 W, 0 %
53, 210 MHz, 11.54 W, 0 %
53, 210 MHz, 11.55 W, 0 %
53, 210 MHz, 11.55 W, 0 %
53, 210 MHz, 11.54 W, 0 %
53, 210 MHz, 11.54 W, 0 %
54, 210 MHz, 11.59 W, 0 %
54, 210 MHz, 11.59 W, 0 %
55, 210 MHz, 11.65 W, 0 %
55, 210 MHz, 11.67 W, 0 %
55, 210 MHz, 11.74 W, 0 %
55, 210 MHz, 11.53 W, 0 %
56, 210 MHz, 11.62 W, 0 %
56, 210 MHz, 11.68 W, 0 %
57, 210 MHz, 11.68 W, 0 %
58, 210 MHz, 11.76 W, 0 %
58, 210 MHz, 11.81 W, 0 %
58, 210 MHz, 11.75 W, 0 %
58, 210 MHz, 11.95 W, 0 %
59, 210 MHz, 11.83 W, 0 %
59, 210 MHz, 11.98 W, 0 %
58, 210 MHz, 11.90 W, 0 %
58, 210 MHz, 11.82 W, 0 %
58, 210 MHz, 11.81 W, 0 %
58, 210 MHz, 11.82 W, 0 %
58, 210 MHz, 11.88 W, 0 %
58, 210 MHz, 11.83 W, 0 %
58, 210 MHz, 11.86 W, 0 %
58, 210 MHz, 11.85 W, 0 %
58, 210 MHz, 11.75 W, 0 %
58, 210 MHz, 11.79 W, 0 %
57, 210 MHz, 11.69 W, 0 %
57, 210 MHz, 11.76 W, 0 %
57, 210 MHz, 11.76 W, 0 %
57, 210 MHz, 11.75 W, 0 %
57, 210 MHz, 11.70 W, 0 %
57, 210 MHz, 11.79 W, 0 %
57, 210 MHz, 11.73 W, 0 %
57, 210 MHz, 11.78 W, 0 %
56, 210 MHz, 11.79 W, 0 %
56, 210 MHz, 11.73 W, 0 %
56, 210 MHz, 11.74 W, 0 %
56, 210 MHz, 11.66 W, 0 %
56, 210 MHz, 11.66 W, 0 %
56, 210 MHz, 11.66 W, 0 %
56, 210 MHz, 11.66 W, 0 %
55, 210 MHz, 11.69 W, 0 %
55, 210 MHz, 11.64 W, 0 %
56, 210 MHz, 11.69 W, 0 %
57, 210 MHz, 12.02 W, 0 %
57, 210 MHz, 11.72 W, 0 %
57, 210 MHz, 11.69 W, 0 %
57, 210 MHz, 11.71 W, 0 %
57, 210 MHz, 11.72 W, 0 %
58, 210 MHz, 11.68 W, 0 %
58, 210 MHz, 11.76 W, 0 %
58, 210 MHz, 11.83 W, 0 %
58, 210 MHz, 11.87 W, 0 %
58, 210 MHz, 11.83 W, 0 %
58, 210 MHz, 11.85 W, 0 %
58, 210 MHz, 11.75 W, 0 %
58, 210 MHz, 11.81 W, 0 %
58, 210 MHz, 11.80 W, 0 %
58, 210 MHz, 11.83 W, 0 %
58, 210 MHz, 11.85 W, 0 %
58, 210 MHz, 11.84 W, 0 %
58, 210 MHz, 11.86 W, 0 %
59, 210 MHz, 11.92 W, 0 %
59, 210 MHz, 11.93 W, 0 %
59, 210 MHz, 11.94 W, 0 %
59, 210 MHz, 11.95 W, 0 %
59, 210 MHz, 11.94 W, 0 %
59, 210 MHz, 11.97 W, 0 %
59, 210 MHz, 11.90 W, 0 %
59, 210 MHz, 11.86 W, 0 %
59, 210 MHz, 11.95 W, 0 %
59, 210 MHz, 11.94 W, 0 %
59, 210 MHz, 11.97 W, 0 %
59, 210 MHz, 11.95 W, 0 %
59, 210 MHz, 11.90 W, 0 %
59, 210 MHz, 11.92 W, 0 %
58, 210 MHz, 11.86 W, 0 %
58, 210 MHz, 11.79 W, 0 %
58, 210 MHz, 11.81 W, 0 %
58, 210 MHz, 11.83 W, 0 %
58, 210 MHz, 11.81 W, 0 %
57, 210 MHz, 11.80 W, 0 %
57, 210 MHz, 11.73 W, 0 %
57, 210 MHz, 11.72 W, 0 %
57, 210 MHz, 11.66 W, 0 %
57, 210 MHz, 11.75 W, 0 %
56, 210 MHz, 11.75 W, 0 %
56, 210 MHz, 11.69 W, 0 %
56, 210 MHz, 11.65 W, 0 %
56, 210 MHz, 11.70 W, 0 %
56, 210 MHz, 11.64 W, 0 %
56, 210 MHz, 11.66 W, 0 %
56, 210 MHz, 11.69 W, 0 %
55, 210 MHz, 11.64 W, 0 %
55, 210 MHz, 11.60 W, 0 %
55, 210 MHz, 11.60 W, 0 %
55, 210 MHz, 11.55 W, 0 %
55, 210 MHz, 11.58 W, 0 %
55, 210 MHz, 11.64 W, 0 %
55, 210 MHz, 11.55 W, 0 %
55, 210 MHz, 11.54 W, 0 %
55, 210 MHz, 11.54 W, 0 %
55, 210 MHz, 11.52 W, 0 %
55, 210 MHz, 11.55 W, 0 %
55, 210 MHz, 11.51 W, 0 %
55, 210 MHz, 11.49 W, 0 %
55, 210 MHz, 11.45 W, 0 %
54, 210 MHz, 11.47 W, 0 %
54, 210 MHz, 11.46 W, 0 %
54, 210 MHz, 11.52 W, 0 %
54, 210 MHz, 11.60 W, 0 %
54, 210 MHz, 11.49 W, 0 %
54, 210 MHz, 11.52 W, 0 %
54, 210 MHz, 11.55 W, 0 %
54, 210 MHz, 11.60 W, 0 %
54, 210 MHz, 11.62 W, 0 %
55, 210 MHz, 11.51 W, 0 %
55, 210 MHz, 11.62 W, 0 %
54, 210 MHz, 11.60 W, 0 %
54, 210 MHz, 11.53 W, 0 %
54, 210 MHz, 11.58 W, 0 %
55, 210 MHz, 11.55 W, 0 %
55, 210 MHz, 11.57 W, 0 %
55, 210 MHz, 11.54 W, 0 %
55, 210 MHz, 11.56 W, 0 %
55, 210 MHz, 11.56 W, 0 %
55, 210 MHz, 11.53 W, 0 %
55, 210 MHz, 11.48 W, 0 %
55, 210 MHz, 11.53 W, 0 %
55, 210 MHz, 11.56 W, 0 %
55, 210 MHz, 11.49 W, 0 %
55, 210 MHz, 11.55 W, 0 %
55, 210 MHz, 11.55 W, 0 %
55, 210 MHz, 11.57 W, 0 %
55, 210 MHz, 11.52 W, 0 %
55, 210 MHz, 11.50 W, 0 %
55, 210 MHz, 11.50 W, 0 %
54, 210 MHz, 11.51 W, 0 %
54, 210 MHz, 11.48 W, 0 %
54, 210 MHz, 11.50 W, 0 %
54, 210 MHz, 11.48 W, 0 %
54, 210 MHz, 11.53 W, 0 %
54, 210 MHz, 11.59 W, 0 %
55, 210 MHz, 11.48 W, 0 %
55, 210 MHz, 11.53 W, 0 %
54, 210 MHz, 11.45 W, 0 %
54, 210 MHz, 11.47 W, 0 %
54, 210 MHz, 11.50 W, 0 %
54, 210 MHz, 11.48 W, 0 %
54, 210 MHz, 11.44 W, 0 %
54, 210 MHz, 11.49 W, 0 %
54, 210 MHz, 11.47 W, 0 %
54, 210 MHz, 11.43 W, 0 %
54, 210 MHz, 11.49 W, 0 %
54, 210 MHz, 11.49 W, 0 %
54, 210 MHz, 11.44 W, 0 %
53, 210 MHz, 11.42 W, 0 %
53, 210 MHz, 11.44 W, 0 %
53, 210 MHz, 11.47 W, 0 %
53, 210 MHz, 11.46 W, 0 %
53, 210 MHz, 11.43 W, 0 %
53, 210 MHz, 11.44 W, 0 %
53, 210 MHz, 11.45 W, 0 %
54, 210 MHz, 11.46 W, 0 %
54, 210 MHz, 11.47 W, 0 %
54, 210 MHz, 11.45 W, 0 %
54, 210 MHz, 11.48 W, 0 %
54, 210 MHz, 11.53 W, 0 %
54, 210 MHz, 11.53 W, 0 %
54, 210 MHz, 11.54 W, 0 %
54, 210 MHz, 11.48 W, 0 %
54, 210 MHz, 11.47 W, 0 %
54, 210 MHz, 11.47 W, 0 %
54, 210 MHz, 11.48 W, 0 %
53, 210 MHz, 11.47 W, 0 %
53, 210 MHz, 11.49 W, 0 %
53, 210 MHz, 11.47 W, 0 %
53, 210 MHz, 11.48 W, 0 %
53, 210 MHz, 11.48 W, 0 %
53, 210 MHz, 11.49 W, 0 %
53, 210 MHz, 11.43 W, 0 %
53, 210 MHz, 11.43 W, 0 %
54, 210 MHz, 11.46 W, 0 %
54, 210 MHz, 11.40 W, 0 %
54, 210 MHz, 11.45 W, 0 %
54, 210 MHz, 11.51 W, 0 %
54, 210 MHz, 11.47 W, 0 %
54, 210 MHz, 11.47 W, 0 %
54, 210 MHz, 11.47 W, 0 %
54, 210 MHz, 11.45 W, 0 %
54, 210 MHz, 11.42 W, 0 %
54, 210 MHz, 11.44 W, 0 %
54, 210 MHz, 11.46 W, 0 %
54, 210 MHz, 11.48 W, 0 %
54, 210 MHz, 11.49 W, 0 %
54, 210 MHz, 11.52 W, 0 %
54, 210 MHz, 11.48 W, 0 %
54, 210 MHz, 11.50 W, 0 %
54, 210 MHz, 11.48 W, 0 %
54, 210 MHz, 11.50 W, 0 %
55, 210 MHz, 11.62 W, 0 %
55, 210 MHz, 11.51 W, 0 %
55, 210 MHz, 11.67 W, 0 %
55, 210 MHz, 11.62 W, 0 %
55, 210 MHz, 11.64 W, 0 %
55, 210 MHz, 11.62 W, 0 %
55, 210 MHz, 11.60 W, 0 %
55, 210 MHz, 11.62 W, 0 %
55, 210 MHz, 11.53 W, 0 %
55, 210 MHz, 11.52 W, 0 %
55, 210 MHz, 11.54 W, 0 %
55, 210 MHz, 11.48 W, 0 %
55, 210 MHz, 11.47 W, 0 %
55, 210 MHz, 11.44 W, 0 %
54, 210 MHz, 11.47 W, 0 %
54, 210 MHz, 11.44 W, 0 %
54, 210 MHz, 11.45 W, 0 %
54, 210 MHz, 11.49 W, 0 %
54, 210 MHz, 11.44 W, 0 %
54, 210 MHz, 11.43 W, 0 %
54, 210 MHz, 11.47 W, 0 %
54, 210 MHz, 11.47 W, 0 %
54, 210 MHz, 11.46 W, 0 %
54, 210 MHz, 11.45 W, 0 %
54, 210 MHz, 11.42 W, 0 %
54, 210 MHz, 11.42 W, 0 %
54, 210 MHz, 11.49 W, 0 %
54, 210 MHz, 11.41 W, 0 %
54, 210 MHz, 11.45 W, 0 %
54, 210 MHz, 11.49 W, 0 %
54, 210 MHz, 11.41 W, 0 %
54, 210 MHz, 11.36 W, 0 %
54, 210 MHz, 11.38 W, 0 %
54, 210 MHz, 11.33 W, 0 %
53, 210 MHz, 11.31 W, 0 %
53, 210 MHz, 11.39 W, 0 %
53, 210 MHz, 11.33 W, 0 %
53, 210 MHz, 11.35 W, 0 %
53, 210 MHz, 11.35 W, 0 %
53, 210 MHz, 11.33 W, 0 %
53, 210 MHz, 11.34 W, 0 %
53, 210 MHz, 11.45 W, 0 %
53, 210 MHz, 11.38 W, 0 %
53, 210 MHz, 11.42 W, 0 %
53, 210 MHz, 11.38 W, 0 %
53, 210 MHz, 11.35 W, 0 %
53, 210 MHz, 11.37 W, 0 %
53, 210 MHz, 11.32 W, 0 %
53, 210 MHz, 11.40 W, 0 %
53, 210 MHz, 11.35 W, 0 %
53, 210 MHz, 11.37 W, 0 %
53, 210 MHz, 11.35 W, 0 %
53, 210 MHz, 11.37 W, 0 %
53, 210 MHz, 11.43 W, 0 %
53, 210 MHz, 11.39 W, 0 %
53, 210 MHz, 11.39 W, 0 %
53, 210 MHz, 11.36 W, 0 %
53, 210 MHz, 11.30 W, 0 %
53, 210 MHz, 11.33 W, 0 %
53, 210 MHz, 11.36 W, 0 %
53, 210 MHz, 11.44 W, 0 %
53, 210 MHz, 11.36 W, 0 %
53, 210 MHz, 11.47 W, 0 %
52, 210 MHz, 11.41 W, 0 %
52, 210 MHz, 11.40 W, 0 %
52, 210 MHz, 11.38 W, 0 %
52, 210 MHz, 11.38 W, 0 %
52, 210 MHz, 11.36 W, 0 %
53, 210 MHz, 11.51 W, 0 %
53, 210 MHz, 11.41 W, 0 %
53, 210 MHz, 11.42 W, 0 %
53, 210 MHz, 11.43 W, 0 %
53, 210 MHz, 11.44 W, 0 %
53, 210 MHz, 11.39 W, 0 %
53, 210 MHz, 11.40 W, 0 %
53, 210 MHz, 11.42 W, 0 %
53, 210 MHz, 11.43 W, 0 %
53, 210 MHz, 11.52 W, 0 %
53, 210 MHz, 11.43 W, 0 %
53, 210 MHz, 11.40 W, 0 %
53, 210 MHz, 11.42 W, 0 %
53, 210 MHz, 11.50 W, 0 %
53, 210 MHz, 11.41 W, 0 %
53, 210 MHz, 11.43 W, 0 %
53, 210 MHz, 11.43 W, 0 %
53, 210 MHz, 11.45 W, 0 %
53, 210 MHz, 11.44 W, 0 %
53, 210 MHz, 11.42 W, 0 %
53, 210 MHz, 11.39 W, 0 %
53, 210 MHz, 11.45 W, 0 %
53, 210 MHz, 11.45 W, 0 %
53, 210 MHz, 11.43 W, 0 %
53, 210 MHz, 11.52 W, 0 %
53, 210 MHz, 11.48 W, 0 %
53, 210 MHz, 11.45 W, 0 %
53, 210 MHz, 11.43 W, 0 %
53, 210 MHz, 11.46 W, 0 %
53, 210 MHz, 11.44 W, 0 %
53, 210 MHz, 11.43 W, 0 %
53, 210 MHz, 11.43 W, 0 %
53, 210 MHz, 11.42 W, 0 %
53, 210 MHz, 11.45 W, 0 %
53, 210 MHz, 11.46 W, 0 %
53, 210 MHz, 11.43 W, 0 %
53, 210 MHz, 11.49 W, 0 %
53, 210 MHz, 11.46 W, 0 %
53, 210 MHz, 11.45 W, 0 %
53, 210 MHz, 11.50 W, 0 %
53, 210 MHz, 11.46 W, 0 %
53, 210 MHz, 11.44 W, 0 %
53, 210 MHz, 11.49 W, 0 %
53, 210 MHz, 11.47 W, 0 %
53, 210 MHz, 11.52 W, 0 %
53, 210 MHz, 11.47 W, 0 %
53, 210 MHz, 11.47 W, 0 %
53, 210 MHz, 11.52 W, 0 %
53, 210 MHz, 11.48 W, 0 %
53, 210 MHz, 11.47 W, 0 %
53, 210 MHz, 11.49 W, 0 %
53, 210 MHz, 11.44 W, 0 %
53, 210 MHz, 11.48 W, 0 %
53, 210 MHz, 11.45 W, 0 %
53, 210 MHz, 11.48 W, 0 %
53, 210 MHz, 11.53 W, 0 %
53, 210 MHz, 11.45 W, 0 %
53, 210 MHz, 11.45 W, 0 %
53, 210 MHz, 11.47 W, 0 %
53, 210 MHz, 11.46 W, 0 %
53, 210 MHz, 11.47 W, 0 %
53, 210 MHz, 11.54 W, 0 %
53, 210 MHz, 11.46 W, 0 %
53, 210 MHz, 11.49 W, 0 %
53, 210 MHz, 11.47 W, 0 %
53, 210 MHz, 11.46 W, 0 %
53, 210 MHz, 11.53 W, 0 %
53, 210 MHz, 11.48 W, 0 %
53, 210 MHz, 11.51 W, 0 %
53, 210 MHz, 11.53 W, 0 %
53, 210 MHz, 11.48 W, 0 %
53, 210 MHz, 11.45 W, 0 %
53, 210 MHz, 11.48 W, 0 %
53, 210 MHz, 11.44 W, 0 %
53, 210 MHz, 11.44 W, 0 %
53, 210 MHz, 11.44 W, 0 %
53, 210 MHz, 11.44 W, 0 %
53, 210 MHz, 11.39 W, 0 %
53, 210 MHz, 11.45 W, 0 %
53, 210 MHz, 11.49 W, 0 %
53, 210 MHz, 11.50 W, 0 %
53, 210 MHz, 11.56 W, 0 %
53, 210 MHz, 11.44 W, 0 %
53, 210 MHz, 11.45 W, 0 %
53, 210 MHz, 11.43 W, 0 %
53, 210 MHz, 11.52 W, 0 %
53, 210 MHz, 11.46 W, 0 %
53, 210 MHz, 11.45 W, 0 %
53, 210 MHz, 11.43 W, 0 %
53, 210 MHz, 11.45 W, 0 %
53, 210 MHz, 11.52 W, 0 %
53, 210 MHz, 11.45 W, 0 %
53, 210 MHz, 11.43 W, 0 %
53, 210 MHz, 11.42 W, 0 %
53, 210 MHz, 11.48 W, 0 %
53, 210 MHz, 11.44 W, 0 %
53, 210 MHz, 11.42 W, 0 %
53, 210 MHz, 11.43 W, 0 %
53, 210 MHz, 11.42 W, 0 %
53, 210 MHz, 11.42 W, 0 %
53, 210 MHz, 11.43 W, 0 %
53, 210 MHz, 11.43 W, 0 %
53, 210 MHz, 11.43 W, 0 %
53, 210 MHz, 11.47 W, 0 %
53, 210 MHz, 11.52 W, 0 %
53, 210 MHz, 11.44 W, 0 %
53, 210 MHz, 11.45 W, 0 %
53, 210 MHz, 11.40 W, 0 %
53, 210 MHz, 11.43 W, 0 %
53, 210 MHz, 11.43 W, 0 %
53, 210 MHz, 11.43 W, 0 %
53, 210 MHz, 11.40 W, 0 %
53, 210 MHz, 11.42 W, 0 %
53, 210 MHz, 11.46 W, 0 %
53, 210 MHz, 11.42 W, 0 %
53, 210 MHz, 11.40 W, 0 %
53, 210 MHz, 11.45 W, 0 %
53, 210 MHz, 11.48 W, 0 %
53, 210 MHz, 11.38 W, 0 %
53, 210 MHz, 11.39 W, 0 %
53, 210 MHz, 11.38 W, 0 %
53, 210 MHz, 11.48 W, 0 %
53, 210 MHz, 11.44 W, 0 %
53, 210 MHz, 11.45 W, 0 %
53, 210 MHz, 11.38 W, 0 %
53, 210 MHz, 11.40 W, 0 %
53, 210 MHz, 11.45 W, 0 %
53, 210 MHz, 11.44 W, 0 %
53, 210 MHz, 11.43 W, 0 %
53, 210 MHz, 11.47 W, 0 %
53, 210 MHz, 11.44 W, 0 %
53, 210 MHz, 11.48 W, 0 %
53, 210 MHz, 11.50 W, 0 %
53, 210 MHz, 11.49 W, 0 %
53, 210 MHz, 11.42 W, 0 %
53, 210 MHz, 11.42 W, 0 %
53, 210 MHz, 11.46 W, 0 %
53, 210 MHz, 11.43 W, 0 %
53, 210 MHz, 11.43 W, 0 %
53, 210 MHz, 11.47 W, 0 %
53, 210 MHz, 11.41 W, 0 %
53, 210 MHz, 11.52 W, 0 %
53, 210 MHz, 11.41 W, 0 %
53, 210 MHz, 11.46 W, 0 %
53, 210 MHz, 11.46 W, 0 %
53, 210 MHz, 11.54 W, 0 %
53, 210 MHz, 11.46 W, 0 %
53, 210 MHz, 11.44 W, 0 %
53, 210 MHz, 11.42 W, 0 %
53, 210 MHz, 11.43 W, 0 %
53, 210 MHz, 11.43 W, 0 %
53, 210 MHz, 11.45 W, 0 %
53, 210 MHz, 11.42 W, 0 %
53, 210 MHz, 11.52 W, 0 %
53, 210 MHz, 11.44 W, 0 %
53, 210 MHz, 11.44 W, 0 %
53, 210 MHz, 11.44 W, 0 %
53, 210 MHz, 11.50 W, 0 %
53, 210 MHz, 11.43 W, 0 %
53, 210 MHz, 11.45 W, 0 %
53, 210 MHz, 11.47 W, 0 %
53, 210 MHz, 11.44 W, 0 %
53, 210 MHz, 11.43 W, 0 %
53, 210 MHz, 11.41 W, 0 %
53, 210 MHz, 11.51 W, 0 %
53, 210 MHz, 11.56 W, 0 %
53, 210 MHz, 11.50 W, 0 %
53, 210 MHz, 11.41 W, 0 %
53, 210 MHz, 11.46 W, 0 %
53, 210 MHz, 11.45 W, 0 %
53, 210 MHz, 11.44 W, 0 %
53, 210 MHz, 11.44 W, 0 %
53, 210 MHz, 11.48 W, 0 %
53, 210 MHz, 11.44 W, 0 %
53, 210 MHz, 11.44 W, 0 %
53, 210 MHz, 11.46 W, 0 %
53, 210 MHz, 11.41 W, 0 %
53, 210 MHz, 11.43 W, 0 %
53, 210 MHz, 11.47 W, 0 %
53, 210 MHz, 11.44 W, 0 %
53, 210 MHz, 11.44 W, 0 %
53, 210 MHz, 11.42 W, 0 %
53, 210 MHz, 11.39 W, 0 %
53, 210 MHz, 11.39 W, 0 %
53, 210 MHz, 11.43 W, 0 %
53, 210 MHz, 11.43 W, 0 %
53, 210 MHz, 11.38 W, 0 %
53, 210 MHz, 11.41 W, 0 %
53, 210 MHz, 11.42 W, 0 %
53, 210 MHz, 11.50 W, 0 %
53, 210 MHz, 11.40 W, 0 %
53, 210 MHz, 11.43 W, 0 %
53, 210 MHz, 11.41 W, 0 %
53, 210 MHz, 11.45 W, 0 %
53, 210 MHz, 11.45 W, 0 %
53, 210 MHz, 11.45 W, 0 %
53, 210 MHz, 11.41 W, 0 %
53, 210 MHz, 11.42 W, 0 %
53, 210 MHz, 11.41 W, 0 %
53, 210 MHz, 11.43 W, 0 %
53, 210 MHz, 11.43 W, 0 %
53, 210 MHz, 11.41 W, 0 %
53, 210 MHz, 11.52 W, 0 %
54, 210 MHz, 11.41 W, 0 %
53, 210 MHz, 11.44 W, 0 %
53, 210 MHz, 11.45 W, 0 %
53, 210 MHz, 11.45 W, 0 %
53, 210 MHz, 11.41 W, 0 %
53, 210 MHz, 11.42 W, 0 %
53, 210 MHz, 11.43 W, 0 %
53, 210 MHz, 11.42 W, 0 %
53, 210 MHz, 11.41 W, 0 %
53, 210 MHz, 11.45 W, 0 %
53, 210 MHz, 11.53 W, 0 %
53, 210 MHz, 11.46 W, 0 %
53, 210 MHz, 11.43 W, 0 %
53, 210 MHz, 11.49 W, 0 %
53, 210 MHz, 11.48 W, 0 %
53, 210 MHz, 11.55 W, 0 %
53, 210 MHz, 11.51 W, 0 %
53, 210 MHz, 11.44 W, 0 %
53, 210 MHz, 11.45 W, 0 %
53, 210 MHz, 11.49 W, 0 %
53, 210 MHz, 11.49 W, 0 %
53, 210 MHz, 11.45 W, 0 %
53, 210 MHz, 11.49 W, 0 %
53, 210 MHz, 11.44 W, 0 %
53, 210 MHz, 11.48 W, 0 %
53, 210 MHz, 11.51 W, 0 %
53, 210 MHz, 11.49 W, 0 %
53, 210 MHz, 11.43 W, 0 %
53, 210 MHz, 11.49 W, 0 %
53, 210 MHz, 11.40 W, 0 %
53, 210 MHz, 11.46 W, 0 %
53, 210 MHz, 11.50 W, 0 %
53, 210 MHz, 11.52 W, 0 %
53, 210 MHz, 11.46 W, 0 %
53, 210 MHz, 11.47 W, 0 %
53, 210 MHz, 11.50 W, 0 %
53, 210 MHz, 11.46 W, 0 %
53, 210 MHz, 11.49 W, 0 %
53, 210 MHz, 11.47 W, 0 %
53, 210 MHz, 11.48 W, 0 %
53, 210 MHz, 11.50 W, 0 %
53, 210 MHz, 11.54 W, 0 %
53, 210 MHz, 11.45 W, 0 %
53, 210 MHz, 11.53 W, 0 %
53, 210 MHz, 11.48 W, 0 %
53, 210 MHz, 11.41 W, 0 %
53, 210 MHz, 11.48 W, 0 %
53, 210 MHz, 11.45 W, 0 %
53, 210 MHz, 11.43 W, 0 %
53, 210 MHz, 11.41 W, 0 %
53, 210 MHz, 11.42 W, 0 %
53, 210 MHz, 11.54 W, 0 %
53, 210 MHz, 11.46 W, 0 %
53, 210 MHz, 11.45 W, 0 %
53, 210 MHz, 11.44 W, 0 %
53, 210 MHz, 11.40 W, 0 %
53, 210 MHz, 11.47 W, 0 %
53, 210 MHz, 11.45 W, 0 %
53, 210 MHz, 11.54 W, 0 %
53, 210 MHz, 11.41 W, 0 %
53, 210 MHz, 11.46 W, 0 %
53, 210 MHz, 11.48 W, 0 %
53, 210 MHz, 11.47 W, 0 %
53, 210 MHz, 11.51 W, 0 %
53, 210 MHz, 11.39 W, 0 %
53, 210 MHz, 11.45 W, 0 %
53, 210 MHz, 11.45 W, 0 %
53, 210 MHz, 11.51 W, 0 %
54, 210 MHz, 11.49 W, 0 %
54, 210 MHz, 11.44 W, 0 %
54, 210 MHz, 11.53 W, 0 %
54, 210 MHz, 11.47 W, 0 %
53, 210 MHz, 11.46 W, 0 %
53, 210 MHz, 11.50 W, 0 %
53, 210 MHz, 11.45 W, 0 %
53, 210 MHz, 11.54 W, 0 %
53, 210 MHz, 11.47 W, 0 %
53, 210 MHz, 11.44 W, 0 %
53, 210 MHz, 11.45 W, 0 %
53, 210 MHz, 11.42 W, 0 %
53, 210 MHz, 11.45 W, 0 %
53, 210 MHz, 11.45 W, 0 %
53, 210 MHz, 11.48 W, 0 %
53, 210 MHz, 11.52 W, 0 %
53, 210 MHz, 11.48 W, 0 %
53, 210 MHz, 11.44 W, 0 %
53, 210 MHz, 11.43 W, 0 %
53, 210 MHz, 11.44 W, 0 %
53, 210 MHz, 11.43 W, 0 %
53, 210 MHz, 11.46 W, 0 %
53, 210 MHz, 11.48 W, 0 %
53, 210 MHz, 11.45 W, 0 %
53, 210 MHz, 11.54 W, 0 %
53, 210 MHz, 11.49 W, 0 %
53, 210 MHz, 11.47 W, 0 %
53, 210 MHz, 11.46 W, 0 %
53, 210 MHz, 11.46 W, 0 %
53, 210 MHz, 11.48 W, 0 %
53, 210 MHz, 11.44 W, 0 %
53, 210 MHz, 11.51 W, 0 %
53, 210 MHz, 11.50 W, 0 %
53, 210 MHz, 11.47 W, 0 %
53, 210 MHz, 11.51 W, 0 %
53, 210 MHz, 11.48 W, 0 %
53, 210 MHz, 11.44 W, 0 %
53, 210 MHz, 11.43 W, 0 %
53, 210 MHz, 11.53 W, 0 %
54, 210 MHz, 11.47 W, 0 %
54, 210 MHz, 11.45 W, 0 %
54, 210 MHz, 11.45 W, 0 %
54, 210 MHz, 11.49 W, 0 %
54, 210 MHz, 11.47 W, 0 %
54, 210 MHz, 11.47 W, 0 %
54, 210 MHz, 11.49 W, 0 %
54, 210 MHz, 11.46 W, 0 %
53, 210 MHz, 11.49 W, 0 %
53, 210 MHz, 11.47 W, 0 %
53, 210 MHz, 11.54 W, 0 %
53, 210 MHz, 11.49 W, 0 %
53, 210 MHz, 11.47 W, 0 %
53, 210 MHz, 11.47 W, 0 %
53, 210 MHz, 11.49 W, 0 %
53, 210 MHz, 11.44 W, 0 %
53, 210 MHz, 11.43 W, 0 %
53, 210 MHz, 11.48 W, 0 %
53, 210 MHz, 11.46 W, 0 %
53, 210 MHz, 11.45 W, 0 %
53, 210 MHz, 11.47 W, 0 %
53, 210 MHz, 11.49 W, 0 %
53, 210 MHz, 11.55 W, 0 %
54, 210 MHz, 11.46 W, 0 %
53, 210 MHz, 11.47 W, 0 %
53, 210 MHz, 11.49 W, 0 %
53, 210 MHz, 11.54 W, 0 %
53, 210 MHz, 11.49 W, 0 %
53, 210 MHz, 11.46 W, 0 %
53, 210 MHz, 11.52 W, 0 %
53, 210 MHz, 11.46 W, 0 %
53, 210 MHz, 11.42 W, 0 %
53, 210 MHz, 11.41 W, 0 %
53, 210 MHz, 11.44 W, 0 %
53, 210 MHz, 11.43 W, 0 %
53, 210 MHz, 11.46 W, 0 %
53, 210 MHz, 11.50 W, 0 %
53, 210 MHz, 11.45 W, 0 %
53, 210 MHz, 11.45 W, 0 %
53, 210 MHz, 11.48 W, 0 %
53, 210 MHz, 11.47 W, 0 %
53, 210 MHz, 11.45 W, 0 %
53, 210 MHz, 11.43 W, 0 %
53, 210 MHz, 11.42 W, 0 %
53, 210 MHz, 11.45 W, 0 %
53, 210 MHz, 11.44 W, 0 %
53, 210 MHz, 11.53 W, 0 %
53, 210 MHz, 11.46 W, 0 %
53, 210 MHz, 11.44 W, 0 %
53, 210 MHz, 11.46 W, 0 %
53, 210 MHz, 11.45 W, 0 %
53, 210 MHz, 11.39 W, 0 %
53, 210 MHz, 11.46 W, 0 %
54, 210 MHz, 11.54 W, 0 %
53, 210 MHz, 11.48 W, 0 %
53, 210 MHz, 11.42 W, 0 %
53, 210 MHz, 11.44 W, 0 %
53, 210 MHz, 11.47 W, 0 %
53, 210 MHz, 11.45 W, 0 %
53, 210 MHz, 11.50 W, 0 %
53, 210 MHz, 11.41 W, 0 %
53, 210 MHz, 11.43 W, 0 %
53, 210 MHz, 11.45 W, 0 %
53, 210 MHz, 11.48 W, 0 %
54, 210 MHz, 11.54 W, 0 %
54, 210 MHz, 11.46 W, 0 %
54, 210 MHz, 11.45 W, 0 %
54, 210 MHz, 11.49 W, 0 %
54, 210 MHz, 11.48 W, 0 %
54, 210 MHz, 11.46 W, 0 %
54, 210 MHz, 11.48 W, 0 %
54, 210 MHz, 11.53 W, 0 %
54, 210 MHz, 11.51 W, 0 %
54, 210 MHz, 11.45 W, 0 %
53, 210 MHz, 11.50 W, 0 %
53, 210 MHz, 11.48 W, 0 %
53, 210 MHz, 11.47 W, 0 %
54, 210 MHz, 11.51 W, 0 %
54, 210 MHz, 11.47 W, 0 %
54, 210 MHz, 11.44 W, 0 %
54, 210 MHz, 11.49 W, 0 %
54, 210 MHz, 11.44 W, 0 %
54, 210 MHz, 11.51 W, 0 %
54, 210 MHz, 11.45 W, 0 %
54, 210 MHz, 11.47 W, 0 %
54, 210 MHz, 11.48 W, 0 %
54, 210 MHz, 11.46 W, 0 %
54, 210 MHz, 11.46 W, 0 %
54, 210 MHz, 11.44 W, 0 %
54, 210 MHz, 11.53 W, 0 %
54, 210 MHz, 11.46 W, 0 %
54, 210 MHz, 11.44 W, 0 %
54, 210 MHz, 11.48 W, 0 %
54, 210 MHz, 11.48 W, 0 %
53, 210 MHz, 11.44 W, 0 %
54, 210 MHz, 11.57 W, 0 %
54, 210 MHz, 11.46 W, 0 %
53, 210 MHz, 11.46 W, 0 %
53, 210 MHz, 11.46 W, 0 %
53, 210 MHz, 11.42 W, 0 %
53, 210 MHz, 11.42 W, 0 %
53, 210 MHz, 11.45 W, 0 %
53, 210 MHz, 11.47 W, 0 %
53, 210 MHz, 11.45 W, 0 %
53, 210 MHz, 11.48 W, 0 %
53, 210 MHz, 11.51 W, 0 %
53, 210 MHz, 11.46 W, 0 %
53, 210 MHz, 11.45 W, 0 %
54, 210 MHz, 11.45 W, 0 %
53, 210 MHz, 11.48 W, 0 %
54, 210 MHz, 11.47 W, 0 %
54, 210 MHz, 11.43 W, 0 %
54, 210 MHz, 11.48 W, 0 %
54, 210 MHz, 11.55 W, 0 %
54, 210 MHz, 11.48 W, 0 %
54, 210 MHz, 11.43 W, 0 %
54, 210 MHz, 11.49 W, 0 %
54, 210 MHz, 11.48 W, 0 %
54, 210 MHz, 11.53 W, 0 %
54, 210 MHz, 11.48 W, 0 %
53, 210 MHz, 11.54 W, 0 %
54, 210 MHz, 11.45 W, 0 %
53, 210 MHz, 11.49 W, 0 %
54, 210 MHz, 11.49 W, 0 %
54, 210 MHz, 11.49 W, 0 %
54, 210 MHz, 11.56 W, 0 %
54, 210 MHz, 11.53 W, 0 %
54, 210 MHz, 11.48 W, 0 %
54, 210 MHz, 11.52 W, 0 %
54, 210 MHz, 11.50 W, 0 %
54, 210 MHz, 11.50 W, 0 %
54, 210 MHz, 11.54 W, 0 %
54, 210 MHz, 11.52 W, 0 %
54, 210 MHz, 11.51 W, 0 %
54, 210 MHz, 11.51 W, 0 %
54, 210 MHz, 11.48 W, 0 %
54, 210 MHz, 11.47 W, 0 %
54, 210 MHz, 11.57 W, 0 %
54, 210 MHz, 11.52 W, 0 %
54, 210 MHz, 11.46 W, 0 %
54, 210 MHz, 11.45 W, 0 %
54, 210 MHz, 11.46 W, 0 %
54, 210 MHz, 11.47 W, 0 %
53, 210 MHz, 11.47 W, 0 %
54, 210 MHz, 11.58 W, 0 %
54, 210 MHz, 11.47 W, 0 %
54, 210 MHz, 11.48 W, 0 %
54, 210 MHz, 11.48 W, 0 %
53, 210 MHz, 11.49 W, 0 %
53, 210 MHz, 11.45 W, 0 %
54, 210 MHz, 11.48 W, 0 %
54, 210 MHz, 11.52 W, 0 %
53, 210 MHz, 11.46 W, 0 %
53, 210 MHz, 11.47 W, 0 %
53, 210 MHz, 11.46 W, 0 %
54, 210 MHz, 11.54 W, 0 %
54, 210 MHz, 11.47 W, 0 %
54, 210 MHz, 11.44 W, 0 %
54, 210 MHz, 11.47 W, 0 %
53, 210 MHz, 11.48 W, 0 %
53, 210 MHz, 11.46 W, 0 %
53, 210 MHz, 11.39 W, 0 %
53, 210 MHz, 11.45 W, 0 %
53, 210 MHz, 11.42 W, 0 %
53, 210 MHz, 11.49 W, 0 %
53, 210 MHz, 11.44 W, 0 %
53, 210 MHz, 11.50 W, 0 %
53, 210 MHz, 11.47 W, 0 %
53, 210 MHz, 11.48 W, 0 %
53, 210 MHz, 11.50 W, 0 %
53, 210 MHz, 11.47 W, 0 %
53, 210 MHz, 11.49 W, 0 %
53, 210 MHz, 11.45 W, 0 %
53, 210 MHz, 11.45 W, 0 %
53, 210 MHz, 11.56 W, 0 %
53, 210 MHz, 11.44 W, 0 %
53, 210 MHz, 11.48 W, 0 %
53, 210 MHz, 11.51 W, 0 %
53, 210 MHz, 11.51 W, 0 %
54, 210 MHz, 11.48 W, 0 %
54, 210 MHz, 11.45 W, 0 %
53, 210 MHz, 11.48 W, 0 %
53, 210 MHz, 11.47 W, 0 %
53, 210 MHz, 11.44 W, 0 %
53, 210 MHz, 11.48 W, 0 %
53, 210 MHz, 11.49 W, 0 %
53, 210 MHz, 11.54 W, 0 %
53, 210 MHz, 11.49 W, 0 %
53, 210 MHz, 11.47 W, 0 %
53, 210 MHz, 11.49 W, 0 %
53, 210 MHz, 11.50 W, 0 %
53, 210 MHz, 11.46 W, 0 %
53, 210 MHz, 11.47 W, 0 %
53, 210 MHz, 11.52 W, 0 %
53, 210 MHz, 11.56 W, 0 %
53, 210 MHz, 11.49 W, 0 %
53, 210 MHz, 11.48 W, 0 %
53, 210 MHz, 11.49 W, 0 %
53, 210 MHz, 11.47 W, 0 %
53, 210 MHz, 11.43 W, 0 %
53, 210 MHz, 11.48 W, 0 %
53, 210 MHz, 11.48 W, 0 %
53, 210 MHz, 11.45 W, 0 %
54, 210 MHz, 11.53 W, 0 %
53, 210 MHz, 11.51 W, 0 %
53, 210 MHz, 11.48 W, 0 %
53, 210 MHz, 11.48 W, 0 %
53, 210 MHz, 11.51 W, 0 %
53, 210 MHz, 11.48 W, 0 %
53, 210 MHz, 11.49 W, 0 %
53, 210 MHz, 11.55 W, 0 %
53, 210 MHz, 11.45 W, 0 %
53, 210 MHz, 11.47 W, 0 %
53, 210 MHz, 11.46 W, 0 %
53, 210 MHz, 11.46 W, 0 %
53, 210 MHz, 11.49 W, 0 %
53, 210 MHz, 11.55 W, 0 %
53, 210 MHz, 11.43 W, 0 %
53, 210 MHz, 11.46 W, 0 %
53, 210 MHz, 11.47 W, 0 %
53, 210 MHz, 11.48 W, 0 %
54, 210 MHz, 11.45 W, 0 %
54, 210 MHz, 11.50 W, 0 %
54, 210 MHz, 11.48 W, 0 %
54, 210 MHz, 11.46 W, 0 %
54, 210 MHz, 11.45 W, 0 %
54, 210 MHz, 11.48 W, 0 %
54, 210 MHz, 11.46 W, 0 %
54, 210 MHz, 11.41 W, 0 %
54, 210 MHz, 11.46 W, 0 %
54, 210 MHz, 11.46 W, 0 %
53, 210 MHz, 11.43 W, 0 %
53, 210 MHz, 11.44 W, 0 %
53, 210 MHz, 11.56 W, 0 %
53, 210 MHz, 11.51 W, 0 %
53, 210 MHz, 11.49 W, 0 %
53, 210 MHz, 11.53 W, 0 %
54, 210 MHz, 11.50 W, 0 %
54, 210 MHz, 11.50 W, 0 %
54, 210 MHz, 11.49 W, 0 %
54, 210 MHz, 11.48 W, 0 %
54, 210 MHz, 11.48 W, 0 %
54, 210 MHz, 11.48 W, 0 %
54, 210 MHz, 11.54 W, 0 %
54, 210 MHz, 11.48 W, 0 %
54, 210 MHz, 11.56 W, 0 %
54, 210 MHz, 11.48 W, 0 %
53, 210 MHz, 11.50 W, 0 %
53, 210 MHz, 11.47 W, 0 %
53, 210 MHz, 11.46 W, 0 %
53, 210 MHz, 11.45 W, 0 %
53, 210 MHz, 11.46 W, 0 %
53, 210 MHz, 11.48 W, 0 %
53, 210 MHz, 11.45 W, 0 %
53, 210 MHz, 11.42 W, 0 %
53, 210 MHz, 11.46 W, 0 %
53, 210 MHz, 11.49 W, 0 %
53, 210 MHz, 11.51 W, 0 %
54, 210 MHz, 11.45 W, 0 %
54, 210 MHz, 11.49 W, 0 %
54, 210 MHz, 11.49 W, 0 %
54, 210 MHz, 11.46 W, 0 %
54, 210 MHz, 11.41 W, 0 %
54, 210 MHz, 11.56 W, 0 %
54, 210 MHz, 11.45 W, 0 %
54, 210 MHz, 11.47 W, 0 %
54, 210 MHz, 11.47 W, 0 %
54, 210 MHz, 11.44 W, 0 %
54, 210 MHz, 11.47 W, 0 %
54, 210 MHz, 11.58 W, 0 %
54, 210 MHz, 11.44 W, 0 %
54, 210 MHz, 11.44 W, 0 %
54, 210 MHz, 11.50 W, 0 %
54, 210 MHz, 11.46 W, 0 %
54, 210 MHz, 11.44 W, 0 %
54, 210 MHz, 11.47 W, 0 %
54, 210 MHz, 11.50 W, 0 %
54, 210 MHz, 11.47 W, 0 %
54, 210 MHz, 11.49 W, 0 %
54, 210 MHz, 11.58 W, 0 %
54, 210 MHz, 11.49 W, 0 %
54, 210 MHz, 11.50 W, 0 %
54, 210 MHz, 11.49 W, 0 %
54, 210 MHz, 11.50 W, 0 %
54, 210 MHz, 11.52 W, 0 %
54, 210 MHz, 11.50 W, 0 %
54, 210 MHz, 11.47 W, 0 %
53, 210 MHz, 11.48 W, 0 %
53, 210 MHz, 11.48 W, 0 %
53, 210 MHz, 11.49 W, 0 %
53, 210 MHz, 11.48 W, 0 %
53, 210 MHz, 11.41 W, 0 %
53, 210 MHz, 11.48 W, 0 %
53, 210 MHz, 11.51 W, 0 %
53, 210 MHz, 11.47 W, 0 %
54, 210 MHz, 11.58 W, 0 %
54, 210 MHz, 11.59 W, 0 %
54, 210 MHz, 11.52 W, 0 %
54, 210 MHz, 11.50 W, 0 %
54, 210 MHz, 11.50 W, 0 %
54, 210 MHz, 11.47 W, 0 %
54, 210 MHz, 11.50 W, 0 %
54, 210 MHz, 11.53 W, 0 %
54, 210 MHz, 11.47 W, 0 %
54, 210 MHz, 11.49 W, 0 %
54, 210 MHz, 11.51 W, 0 %
54, 210 MHz, 11.49 W, 0 %
54, 210 MHz, 11.49 W, 0 %
54, 210 MHz, 11.46 W, 0 %
54, 210 MHz, 11.49 W, 0 %
54, 210 MHz, 11.52 W, 0 %
54, 210 MHz, 11.52 W, 0 %
54, 210 MHz, 11.46 W, 0 %
54, 210 MHz, 11.50 W, 0 %
53, 210 MHz, 11.50 W, 0 %
54, 210 MHz, 11.51 W, 0 %
54, 210 MHz, 11.47 W, 0 %
54, 210 MHz, 11.45 W, 0 %
54, 210 MHz, 11.49 W, 0 %
54, 210 MHz, 11.52 W, 0 %
54, 210 MHz, 11.46 W, 0 %
54, 210 MHz, 11.46 W, 0 %
54, 210 MHz, 11.50 W, 0 %
54, 210 MHz, 11.48 W, 0 %
54, 210 MHz, 11.46 W, 0 %
54, 210 MHz, 11.51 W, 0 %
54, 210 MHz, 11.53 W, 0 %
54, 210 MHz, 11.49 W, 0 %
54, 210 MHz, 11.44 W, 0 %
54, 210 MHz, 11.43 W, 0 %
54, 210 MHz, 11.55 W, 0 %
54, 210 MHz, 11.47 W, 0 %
54, 210 MHz, 11.47 W, 0 %
54, 210 MHz, 11.50 W, 0 %
54, 210 MHz, 11.48 W, 0 %
54, 210 MHz, 11.55 W, 0 %
54, 210 MHz, 11.53 W, 0 %
54, 210 MHz, 11.48 W, 0 %
54, 210 MHz, 11.48 W, 0 %
54, 210 MHz, 11.51 W, 0 %
54, 210 MHz, 11.42 W, 0 %
54, 210 MHz, 11.45 W, 0 %
54, 210 MHz, 11.46 W, 0 %
54, 210 MHz, 11.44 W, 0 %
54, 210 MHz, 11.46 W, 0 %
54, 210 MHz, 11.48 W, 0 %
54, 210 MHz, 11.48 W, 0 %
54, 210 MHz, 11.52 W, 0 %
54, 210 MHz, 11.50 W, 0 %
54, 210 MHz, 11.41 W, 0 %
54, 210 MHz, 11.52 W, 0 %
54, 210 MHz, 11.47 W, 0 %
54, 210 MHz, 11.43 W, 0 %
54, 210 MHz, 11.43 W, 0 %
54, 210 MHz, 11.46 W, 0 %
54, 210 MHz, 11.56 W, 0 %
54, 210 MHz, 11.49 W, 0 %
54, 210 MHz, 11.45 W, 0 %
53, 210 MHz, 11.45 W, 0 %
53, 210 MHz, 11.50 W, 0 %
53, 210 MHz, 11.47 W, 0 %
54, 210 MHz, 11.52 W, 0 %
54, 210 MHz, 11.48 W, 0 %
54, 210 MHz, 11.46 W, 0 %
54, 210 MHz, 11.43 W, 0 %
54, 210 MHz, 11.45 W, 0 %
54, 210 MHz, 11.50 W, 0 %
54, 210 MHz, 11.57 W, 0 %
54, 210 MHz, 11.50 W, 0 %
54, 210 MHz, 11.52 W, 0 %
54, 210 MHz, 11.50 W, 0 %
54, 210 MHz, 11.51 W, 0 %
54, 210 MHz, 11.46 W, 0 %
54, 210 MHz, 11.42 W, 0 %
54, 210 MHz, 11.41 W, 0 %
54, 210 MHz, 11.53 W, 0 %
54, 210 MHz, 11.44 W, 0 %
54, 210 MHz, 11.42 W, 0 %
54, 210 MHz, 11.45 W, 0 %
54, 210 MHz, 11.39 W, 0 %
53, 210 MHz, 11.41 W, 0 %
53, 210 MHz, 11.47 W, 0 %
53, 210 MHz, 11.44 W, 0 %
54, 210 MHz, 11.45 W, 0 %
53, 210 MHz, 11.44 W, 0 %
53, 210 MHz, 11.41 W, 0 %
53, 210 MHz, 11.44 W, 0 %
53, 210 MHz, 11.46 W, 0 %
53, 210 MHz, 11.49 W, 0 %
54, 210 MHz, 11.47 W, 0 %
54, 210 MHz, 11.44 W, 0 %
54, 210 MHz, 11.55 W, 0 %
54, 210 MHz, 11.45 W, 0 %
54, 210 MHz, 11.42 W, 0 %
54, 210 MHz, 11.47 W, 0 %
54, 210 MHz, 11.44 W, 0 %
54, 210 MHz, 11.50 W, 0 %
53, 210 MHz, 11.47 W, 0 %
54, 210 MHz, 11.45 W, 0 %
53, 210 MHz, 11.44 W, 0 %
53, 210 MHz, 11.43 W, 0 %
53, 210 MHz, 11.48 W, 0 %
53, 210 MHz, 11.42 W, 0 %
54, 210 MHz, 11.48 W, 0 %
53, 210 MHz, 11.40 W, 0 %
53, 210 MHz, 11.42 W, 0 %
53, 210 MHz, 11.49 W, 0 %
54, 210 MHz, 11.49 W, 0 %
54, 210 MHz, 11.41 W, 0 %
54, 210 MHz, 11.45 W, 0 %
54, 210 MHz, 11.43 W, 0 %
54, 210 MHz, 11.47 W, 0 %
54, 210 MHz, 11.49 W, 0 %
54, 210 MHz, 11.47 W, 0 %
54, 210 MHz, 11.49 W, 0 %
54, 210 MHz, 11.45 W, 0 %
54, 210 MHz, 11.44 W, 0 %
54, 210 MHz, 11.40 W, 0 %
54, 210 MHz, 11.47 W, 0 %
53, 210 MHz, 11.44 W, 0 %
53, 210 MHz, 11.45 W, 0 %
53, 210 MHz, 11.45 W, 0 %
53, 210 MHz, 11.41 W, 0 %
53, 210 MHz, 11.44 W, 0 %
53, 210 MHz, 11.51 W, 0 %
53, 210 MHz, 11.47 W, 0 %
53, 210 MHz, 11.48 W, 0 %
53, 210 MHz, 11.47 W, 0 %
54, 210 MHz, 11.41 W, 0 %
53, 210 MHz, 11.44 W, 0 %
53, 210 MHz, 11.41 W, 0 %
54, 210 MHz, 11.44 W, 0 %
54, 210 MHz, 11.42 W, 0 %
54, 210 MHz, 11.45 W, 0 %
54, 210 MHz, 11.44 W, 0 %
54, 210 MHz, 11.45 W, 0 %
54, 210 MHz, 11.48 W, 0 %
54, 210 MHz, 11.44 W, 0 %
54, 210 MHz, 11.48 W, 0 %
54, 210 MHz, 11.45 W, 0 %
54, 210 MHz, 11.51 W, 0 %
54, 210 MHz, 11.42 W, 0 %
54, 210 MHz, 11.39 W, 0 %
54, 210 MHz, 11.43 W, 0 %
54, 210 MHz, 11.48 W, 0 %
54, 210 MHz, 11.41 W, 0 %
53, 210 MHz, 11.41 W, 0 %
53, 210 MHz, 11.42 W, 0 %
53, 210 MHz, 11.44 W, 0 %
53, 210 MHz, 11.47 W, 0 %
53, 210 MHz, 11.44 W, 0 %
53, 210 MHz, 11.43 W, 0 %
53, 210 MHz, 11.44 W, 0 %
53, 210 MHz, 11.45 W, 0 %
53, 210 MHz, 11.43 W, 0 %
54, 210 MHz, 11.43 W, 0 %
54, 210 MHz, 11.43 W, 0 %
53, 210 MHz, 11.46 W, 0 %
54, 210 MHz, 11.43 W, 0 %
54, 210 MHz, 11.37 W, 0 %
54, 210 MHz, 11.43 W, 0 %
54, 210 MHz, 11.37 W, 0 %
54, 210 MHz, 11.42 W, 0 %
54, 210 MHz, 11.43 W, 0 %
54, 210 MHz, 11.39 W, 0 %
54, 210 MHz, 11.42 W, 0 %
54, 210 MHz, 11.42 W, 0 %
54, 210 MHz, 11.42 W, 0 %
54, 210 MHz, 11.45 W, 0 %
53, 210 MHz, 11.43 W, 0 %
53, 210 MHz, 11.46 W, 0 %
53, 210 MHz, 11.44 W, 0 %
53, 210 MHz, 11.44 W, 0 %
54, 210 MHz, 11.42 W, 0 %
54, 210 MHz, 11.39 W, 0 %
54, 210 MHz, 11.42 W, 0 %
54, 210 MHz, 11.42 W, 0 %
54, 210 MHz, 11.42 W, 0 %
54, 210 MHz, 11.44 W, 0 %
54, 210 MHz, 11.49 W, 0 %
54, 210 MHz, 11.43 W, 0 %
54, 210 MHz, 11.43 W, 0 %
54, 210 MHz, 11.46 W, 0 %
54, 210 MHz, 11.46 W, 0 %
54, 210 MHz, 11.46 W, 0 %
54, 210 MHz, 11.42 W, 0 %
54, 210 MHz, 11.49 W, 0 %
54, 210 MHz, 11.44 W, 0 %
54, 210 MHz, 11.44 W, 0 %
53, 210 MHz, 11.47 W, 0 %
53, 210 MHz, 11.49 W, 0 %
53, 210 MHz, 11.41 W, 0 %
53, 210 MHz, 11.36 W, 0 %
53, 210 MHz, 11.46 W, 0 %
53, 210 MHz, 11.49 W, 0 %
53, 210 MHz, 11.43 W, 0 %
53, 210 MHz, 11.49 W, 0 %
53, 210 MHz, 11.46 W, 0 %
54, 210 MHz, 11.44 W, 0 %
54, 210 MHz, 11.51 W, 0 %
54, 210 MHz, 11.56 W, 0 %
54, 210 MHz, 11.41 W, 0 %
54, 210 MHz, 11.44 W, 0 %
54, 210 MHz, 11.44 W, 0 %
54, 210 MHz, 11.45 W, 0 %
54, 210 MHz, 11.45 W, 0 %
54, 210 MHz, 11.48 W, 0 %
54, 210 MHz, 11.40 W, 0 %
53, 210 MHz, 11.52 W, 0 %
53, 210 MHz, 11.46 W, 0 %
53, 210 MHz, 11.43 W, 0 %
54, 210 MHz, 11.45 W, 0 %
53, 210 MHz, 11.52 W, 0 %
54, 210 MHz, 11.51 W, 0 %
54, 210 MHz, 11.43 W, 0 %
54, 210 MHz, 11.47 W, 0 %
54, 210 MHz, 11.45 W, 0 %
54, 210 MHz, 11.54 W, 0 %
54, 210 MHz, 11.43 W, 0 %
54, 210 MHz, 11.47 W, 0 %
54, 210 MHz, 11.43 W, 0 %
54, 210 MHz, 11.39 W, 0 %
54, 210 MHz, 11.42 W, 0 %
54, 210 MHz, 11.45 W, 0 %
54, 210 MHz, 11.47 W, 0 %
54, 210 MHz, 11.42 W, 0 %
54, 210 MHz, 11.46 W, 0 %
54, 210 MHz, 11.39 W, 0 %
54, 210 MHz, 11.41 W, 0 %
54, 210 MHz, 11.48 W, 0 %
54, 210 MHz, 11.40 W, 0 %
54, 210 MHz, 11.43 W, 0 %
54, 210 MHz, 11.47 W, 0 %
54, 210 MHz, 11.50 W, 0 %
54, 210 MHz, 11.42 W, 0 %
54, 210 MHz, 11.45 W, 0 %
54, 210 MHz, 11.48 W, 0 %
54, 210 MHz, 11.44 W, 0 %
54, 210 MHz, 11.45 W, 0 %
54, 210 MHz, 11.48 W, 0 %
54, 210 MHz, 11.49 W, 0 %
54, 210 MHz, 11.47 W, 0 %
54, 210 MHz, 11.43 W, 0 %
54, 210 MHz, 11.41 W, 0 %
54, 210 MHz, 11.43 W, 0 %
54, 210 MHz, 11.48 W, 0 %
54, 210 MHz, 11.48 W, 0 %
54, 210 MHz, 11.44 W, 0 %
54, 210 MHz, 11.47 W, 0 %
54, 210 MHz, 11.46 W, 0 %
54, 210 MHz, 11.45 W, 0 %
54, 210 MHz, 11.44 W, 0 %
54, 210 MHz, 11.45 W, 0 %
54, 210 MHz, 11.45 W, 0 %
54, 210 MHz, 11.47 W, 0 %
54, 210 MHz, 11.41 W, 0 %
54, 210 MHz, 11.52 W, 0 %
54, 210 MHz, 11.43 W, 0 %
54, 210 MHz, 11.47 W, 0 %
54, 210 MHz, 11.47 W, 0 %
54, 210 MHz, 11.43 W, 0 %
54, 210 MHz, 11.48 W, 0 %
54, 210 MHz, 11.50 W, 0 %
54, 210 MHz, 11.44 W, 0 %
54, 210 MHz, 11.48 W, 0 %
54, 210 MHz, 11.49 W, 0 %
54, 210 MHz, 11.46 W, 0 %
54, 210 MHz, 11.44 W, 0 %
54, 210 MHz, 11.46 W, 0 %
54, 210 MHz, 11.48 W, 0 %
54, 210 MHz, 11.49 W, 0 %
54, 210 MHz, 11.43 W, 0 %
54, 210 MHz, 11.49 W, 0 %
54, 210 MHz, 11.55 W, 0 %
54, 210 MHz, 11.45 W, 0 %
54, 210 MHz, 11.46 W, 0 %
54, 210 MHz, 11.42 W, 0 %
54, 210 MHz, 11.41 W, 0 %
54, 210 MHz, 11.51 W, 0 %
54, 210 MHz, 11.43 W, 0 %
54, 210 MHz, 11.45 W, 0 %
54, 210 MHz, 11.45 W, 0 %
54, 210 MHz, 11.42 W, 0 %
54, 210 MHz, 11.45 W, 0 %
54, 210 MHz, 11.46 W, 0 %
54, 210 MHz, 11.47 W, 0 %
54, 210 MHz, 11.47 W, 0 %
54, 210 MHz, 11.46 W, 0 %
54, 210 MHz, 11.41 W, 0 %
54, 210 MHz, 11.43 W, 0 %
54, 210 MHz, 11.43 W, 0 %
54, 210 MHz, 11.56 W, 0 %
54, 210 MHz, 11.43 W, 0 %
54, 210 MHz, 11.42 W, 0 %
54, 210 MHz, 11.42 W, 0 %
54, 210 MHz, 11.43 W, 0 %
53, 210 MHz, 11.45 W, 0 %
54, 210 MHz, 11.51 W, 0 %
54, 210 MHz, 11.52 W, 0 %
54, 210 MHz, 11.47 W, 0 %
54, 210 MHz, 11.43 W, 0 %
54, 210 MHz, 11.47 W, 0 %
54, 210 MHz, 11.47 W, 0 %
54, 210 MHz, 11.45 W, 0 %
54, 210 MHz, 11.44 W, 0 %
54, 210 MHz, 11.49 W, 0 %
54, 210 MHz, 11.45 W, 0 %
54, 210 MHz, 11.48 W, 0 %
54, 210 MHz, 11.49 W, 0 %
54, 210 MHz, 11.54 W, 0 %
54, 210 MHz, 11.43 W, 0 %
54, 210 MHz, 11.49 W, 0 %
54, 210 MHz, 11.47 W, 0 %
54, 210 MHz, 11.44 W, 0 %
54, 210 MHz, 11.42 W, 0 %
54, 210 MHz, 11.45 W, 0 %
54, 210 MHz, 11.42 W, 0 %
54, 210 MHz, 11.45 W, 0 %
54, 210 MHz, 11.45 W, 0 %
54, 210 MHz, 11.48 W, 0 %
54, 210 MHz, 11.40 W, 0 %
54, 210 MHz, 11.51 W, 0 %
54, 210 MHz, 11.50 W, 0 %
54, 210 MHz, 11.43 W, 0 %
54, 210 MHz, 11.50 W, 0 %
54, 210 MHz, 11.45 W, 0 %
54, 210 MHz, 11.43 W, 0 %
54, 210 MHz, 11.44 W, 0 %
54, 210 MHz, 11.55 W, 0 %
54, 210 MHz, 11.52 W, 0 %
54, 210 MHz, 11.48 W, 0 %
54, 210 MHz, 11.47 W, 0 %
54, 210 MHz, 11.51 W, 0 %
54, 210 MHz, 11.56 W, 0 %
54, 210 MHz, 11.48 W, 0 %
54, 210 MHz, 11.51 W, 0 %
54, 210 MHz, 11.44 W, 0 %
54, 210 MHz, 11.50 W, 0 %
54, 210 MHz, 11.52 W, 0 %
54, 210 MHz, 11.46 W, 0 %
54, 210 MHz, 11.45 W, 0 %
54, 210 MHz, 11.46 W, 0 %
54, 210 MHz, 11.50 W, 0 %
54, 210 MHz, 11.52 W, 0 %
54, 210 MHz, 11.48 W, 0 %
54, 210 MHz, 11.58 W, 0 %
54, 210 MHz, 11.46 W, 0 %
54, 210 MHz, 11.47 W, 0 %
54, 210 MHz, 11.48 W, 0 %
54, 210 MHz, 11.43 W, 0 %
54, 210 MHz, 11.47 W, 0 %
54, 210 MHz, 11.45 W, 0 %
54, 210 MHz, 11.45 W, 0 %
54, 210 MHz, 11.49 W, 0 %
54, 210 MHz, 11.45 W, 0 %
54, 210 MHz, 11.43 W, 0 %
54, 210 MHz, 11.48 W, 0 %
54, 210 MHz, 11.50 W, 0 %
54, 210 MHz, 11.49 W, 0 %
54, 210 MHz, 11.44 W, 0 %
54, 210 MHz, 11.48 W, 0 %
54, 210 MHz, 11.46 W, 0 %
54, 210 MHz, 11.48 W, 0 %
54, 210 MHz, 11.43 W, 0 %
54, 210 MHz, 11.49 W, 0 %
54, 210 MHz, 11.50 W, 0 %
54, 210 MHz, 11.48 W, 0 %
54, 210 MHz, 11.38 W, 0 %
54, 210 MHz, 11.38 W, 0 %
54, 210 MHz, 11.47 W, 0 %
54, 210 MHz, 11.47 W, 0 %
54, 210 MHz, 11.40 W, 0 %
54, 210 MHz, 11.44 W, 0 %
54, 210 MHz, 11.44 W, 0 %
54, 210 MHz, 11.40 W, 0 %
54, 210 MHz, 11.37 W, 0 %
54, 210 MHz, 11.44 W, 0 %
54, 210 MHz, 11.42 W, 0 %
54, 210 MHz, 11.42 W, 0 %
54, 210 MHz, 11.38 W, 0 %
54, 210 MHz, 11.40 W, 0 %
54, 210 MHz, 11.42 W, 0 %
54, 210 MHz, 11.48 W, 0 %
54, 210 MHz, 11.51 W, 0 %
54, 210 MHz, 11.45 W, 0 %
54, 210 MHz, 11.41 W, 0 %
54, 210 MHz, 11.44 W, 0 %
53, 210 MHz, 11.44 W, 0 %
54, 210 MHz, 11.53 W, 0 %
54, 210 MHz, 11.49 W, 0 %
54, 210 MHz, 11.47 W, 0 %
54, 210 MHz, 11.40 W, 0 %
54, 210 MHz, 11.49 W, 0 %
54, 210 MHz, 11.44 W, 0 %
54, 210 MHz, 11.50 W, 0 %
54, 210 MHz, 11.48 W, 0 %
54, 210 MHz, 11.44 W, 0 %
54, 210 MHz, 11.54 W, 0 %
54, 210 MHz, 11.48 W, 0 %
54, 210 MHz, 11.43 W, 0 %
54, 210 MHz, 11.43 W, 0 %
54, 210 MHz, 11.43 W, 0 %
54, 210 MHz, 11.44 W, 0 %
54, 210 MHz, 11.48 W, 0 %
54, 210 MHz, 11.49 W, 0 %
54, 210 MHz, 11.45 W, 0 %
54, 210 MHz, 11.51 W, 0 %
54, 210 MHz, 11.42 W, 0 %
54, 210 MHz, 11.44 W, 0 %
54, 210 MHz, 11.40 W, 0 %
54, 210 MHz, 11.41 W, 0 %
54, 210 MHz, 11.44 W, 0 %
54, 210 MHz, 11.42 W, 0 %
54, 210 MHz, 11.42 W, 0 %
54, 210 MHz, 11.50 W, 0 %
54, 210 MHz, 11.43 W, 0 %
54, 210 MHz, 11.49 W, 0 %
54, 210 MHz, 11.49 W, 0 %
54, 210 MHz, 11.49 W, 0 %
54, 210 MHz, 11.42 W, 0 %
54, 210 MHz, 11.46 W, 0 %
54, 210 MHz, 11.50 W, 0 %
54, 210 MHz, 11.51 W, 0 %
54, 210 MHz, 11.47 W, 0 %
54, 210 MHz, 11.45 W, 0 %
54, 210 MHz, 11.48 W, 0 %
54, 210 MHz, 11.45 W, 0 %
54, 210 MHz, 11.45 W, 0 %
54, 210 MHz, 11.46 W, 0 %
54, 210 MHz, 11.50 W, 0 %
54, 210 MHz, 11.52 W, 0 %
54, 210 MHz, 11.48 W, 0 %
54, 210 MHz, 11.44 W, 0 %
54, 210 MHz, 11.43 W, 0 %
54, 210 MHz, 11.44 W, 0 %
54, 210 MHz, 11.46 W, 0 %
54, 210 MHz, 11.50 W, 0 %
54, 210 MHz, 11.45 W, 0 %
54, 210 MHz, 11.43 W, 0 %
54, 210 MHz, 11.41 W, 0 %
54, 210 MHz, 11.44 W, 0 %
54, 210 MHz, 11.43 W, 0 %
54, 210 MHz, 11.55 W, 0 %
54, 210 MHz, 11.50 W, 0 %
54, 210 MHz, 11.49 W, 0 %
54, 210 MHz, 11.48 W, 0 %
54, 210 MHz, 11.47 W, 0 %
54, 210 MHz, 11.50 W, 0 %
54, 210 MHz, 11.45 W, 0 %
54, 210 MHz, 11.48 W, 0 %
54, 210 MHz, 11.45 W, 0 %
54, 210 MHz, 11.45 W, 0 %
54, 210 MHz, 11.46 W, 0 %
54, 210 MHz, 11.42 W, 0 %
54, 210 MHz, 11.58 W, 0 %
54, 210 MHz, 11.52 W, 0 %
54, 210 MHz, 11.48 W, 0 %
54, 210 MHz, 11.49 W, 0 %
54, 210 MHz, 11.51 W, 0 %
54, 210 MHz, 11.50 W, 0 %
54, 210 MHz, 11.49 W, 0 %
54, 210 MHz, 11.48 W, 0 %
54, 210 MHz, 11.49 W, 0 %
54, 210 MHz, 11.48 W, 0 %
54, 210 MHz, 11.50 W, 0 %
54, 210 MHz, 11.41 W, 0 %
54, 210 MHz, 11.54 W, 0 %
54, 210 MHz, 11.44 W, 0 %
54, 210 MHz, 11.43 W, 0 %
54, 210 MHz, 11.40 W, 0 %
54, 210 MHz, 11.42 W, 0 %
54, 210 MHz, 11.44 W, 0 %
54, 210 MHz, 11.48 W, 0 %
54, 210 MHz, 11.40 W, 0 %
53, 210 MHz, 11.44 W, 0 %
53, 210 MHz, 11.46 W, 0 %
54, 210 MHz, 11.42 W, 0 %
54, 210 MHz, 11.43 W, 0 %
54, 210 MHz, 11.54 W, 0 %
54, 210 MHz, 11.48 W, 0 %
54, 210 MHz, 11.45 W, 0 %
54, 210 MHz, 11.48 W, 0 %
54, 210 MHz, 11.53 W, 0 %
54, 210 MHz, 11.47 W, 0 %
54, 210 MHz, 11.46 W, 0 %
54, 210 MHz, 11.50 W, 0 %
54, 210 MHz, 11.43 W, 0 %
54, 210 MHz, 11.38 W, 0 %
54, 210 MHz, 11.48 W, 0 %
54, 210 MHz, 11.42 W, 0 %
54, 210 MHz, 11.49 W, 0 %
54, 210 MHz, 11.45 W, 0 %
54, 210 MHz, 11.44 W, 0 %
54, 210 MHz, 11.37 W, 0 %
54, 210 MHz, 11.45 W, 0 %
54, 210 MHz, 11.48 W, 0 %
54, 210 MHz, 11.47 W, 0 %
54, 210 MHz, 11.45 W, 0 %
54, 210 MHz, 11.47 W, 0 %
54, 210 MHz, 11.54 W, 0 %
54, 210 MHz, 11.51 W, 0 %
54, 210 MHz, 11.52 W, 0 %
54, 210 MHz, 11.56 W, 0 %
54, 210 MHz, 11.48 W, 0 %
54, 210 MHz, 11.45 W, 0 %
54, 210 MHz, 11.48 W, 0 %
54, 210 MHz, 11.51 W, 0 %
54, 210 MHz, 11.52 W, 0 %
54, 210 MHz, 11.51 W, 0 %
54, 210 MHz, 11.44 W, 0 %
54, 210 MHz, 11.45 W, 0 %
54, 210 MHz, 11.48 W, 0 %
54, 210 MHz, 11.47 W, 0 %
54, 210 MHz, 11.44 W, 0 %
54, 210 MHz, 11.46 W, 0 %
54, 210 MHz, 11.52 W, 0 %
54, 210 MHz, 11.52 W, 0 %
54, 210 MHz, 11.49 W, 0 %
54, 210 MHz, 11.48 W, 0 %
54, 210 MHz, 11.43 W, 0 %
54, 210 MHz, 11.45 W, 0 %
54, 210 MHz, 11.49 W, 0 %
54, 210 MHz, 11.48 W, 0 %
54, 210 MHz, 11.51 W, 0 %
54, 210 MHz, 11.43 W, 0 %
54, 210 MHz, 11.43 W, 0 %
54, 210 MHz, 11.45 W, 0 %
54, 210 MHz, 11.51 W, 0 %
54, 210 MHz, 11.48 W, 0 %
54, 210 MHz, 11.47 W, 0 %
54, 210 MHz, 11.45 W, 0 %
54, 210 MHz, 11.46 W, 0 %
54, 210 MHz, 11.44 W, 0 %
54, 210 MHz, 11.42 W, 0 %
53, 210 MHz, 11.47 W, 0 %
53, 210 MHz, 11.41 W, 0 %
53, 210 MHz, 11.48 W, 0 %
53, 210 MHz, 11.43 W, 0 %
53, 210 MHz, 11.53 W, 0 %
54, 210 MHz, 11.47 W, 0 %
53, 210 MHz, 11.43 W, 0 %
54, 210 MHz, 11.43 W, 0 %
54, 210 MHz, 11.45 W, 0 %
54, 210 MHz, 11.45 W, 0 %
54, 210 MHz, 11.45 W, 0 %
54, 210 MHz, 11.48 W, 0 %
54, 210 MHz, 11.46 W, 0 %
54, 210 MHz, 11.46 W, 0 %
54, 210 MHz, 11.44 W, 0 %
54, 210 MHz, 11.44 W, 0 %
54, 210 MHz, 11.45 W, 0 %
54, 210 MHz, 11.49 W, 0 %
54, 210 MHz, 11.42 W, 0 %
54, 210 MHz, 11.39 W, 0 %
54, 210 MHz, 11.48 W, 0 %
54, 210 MHz, 11.43 W, 0 %
54, 210 MHz, 11.58 W, 0 %
54, 210 MHz, 11.49 W, 0 %
54, 210 MHz, 11.45 W, 0 %
54, 210 MHz, 11.43 W, 0 %
54, 210 MHz, 11.42 W, 0 %
54, 210 MHz, 11.46 W, 0 %
54, 210 MHz, 11.46 W, 0 %
54, 210 MHz, 11.53 W, 0 %
54, 210 MHz, 11.47 W, 0 %
54, 210 MHz, 11.48 W, 0 %
54, 210 MHz, 11.44 W, 0 %
54, 210 MHz, 11.49 W, 0 %
54, 210 MHz, 11.46 W, 0 %
54, 210 MHz, 11.43 W, 0 %
54, 210 MHz, 11.41 W, 0 %
54, 210 MHz, 11.45 W, 0 %
54, 210 MHz, 11.42 W, 0 %
54, 210 MHz, 11.43 W, 0 %
54, 210 MHz, 11.44 W, 0 %
54, 210 MHz, 11.48 W, 0 %
54, 210 MHz, 11.45 W, 0 %
54, 210 MHz, 11.47 W, 0 %
54, 210 MHz, 11.43 W, 0 %
54, 210 MHz, 11.52 W, 0 %
54, 210 MHz, 11.51 W, 0 %
54, 210 MHz, 11.43 W, 0 %
54, 210 MHz, 11.40 W, 0 %
54, 210 MHz, 11.39 W, 0 %
54, 210 MHz, 11.39 W, 0 %
54, 210 MHz, 11.41 W, 0 %
54, 210 MHz, 11.41 W, 0 %
54, 210 MHz, 11.51 W, 0 %
54, 210 MHz, 11.44 W, 0 %
54, 210 MHz, 11.50 W, 0 %
54, 210 MHz, 11.47 W, 0 %
54, 210 MHz, 11.44 W, 0 %
54, 210 MHz, 11.44 W, 0 %
54, 210 MHz, 11.55 W, 0 %
54, 210 MHz, 11.52 W, 0 %
54, 210 MHz, 11.48 W, 0 %
54, 210 MHz, 11.44 W, 0 %
54, 210 MHz, 11.50 W, 0 %
54, 210 MHz, 11.40 W, 0 %
54, 210 MHz, 11.46 W, 0 %
54, 210 MHz, 11.47 W, 0 %
54, 210 MHz, 11.43 W, 0 %
54, 210 MHz, 11.41 W, 0 %
54, 210 MHz, 11.46 W, 0 %
54, 210 MHz, 11.41 W, 0 %
54, 210 MHz, 11.46 W, 0 %
54, 210 MHz, 11.45 W, 0 %
54, 210 MHz, 11.43 W, 0 %
54, 210 MHz, 11.49 W, 0 %
54, 210 MHz, 11.49 W, 0 %
54, 210 MHz, 11.57 W, 0 %
54, 210 MHz, 11.53 W, 0 %
54, 210 MHz, 11.44 W, 0 %
54, 210 MHz, 11.52 W, 0 %
54, 210 MHz, 11.49 W, 0 %
54, 210 MHz, 11.49 W, 0 %
54, 210 MHz, 11.50 W, 0 %
54, 210 MHz, 11.51 W, 0 %
54, 210 MHz, 11.50 W, 0 %
54, 210 MHz, 11.45 W, 0 %
54, 210 MHz, 11.51 W, 0 %
54, 210 MHz, 11.51 W, 0 %
54, 210 MHz, 11.52 W, 0 %
54, 210 MHz, 11.54 W, 0 %
54, 210 MHz, 11.44 W, 0 %
54, 210 MHz, 11.47 W, 0 %
54, 210 MHz, 11.51 W, 0 %
54, 210 MHz, 11.48 W, 0 %
54, 210 MHz, 11.48 W, 0 %
54, 210 MHz, 11.46 W, 0 %
54, 210 MHz, 11.45 W, 0 %
54, 210 MHz, 11.43 W, 0 %
54, 210 MHz, 11.47 W, 0 %
54, 210 MHz, 11.56 W, 0 %
54, 210 MHz, 11.48 W, 0 %
54, 210 MHz, 11.48 W, 0 %
54, 210 MHz, 11.47 W, 0 %
54, 210 MHz, 11.47 W, 0 %
54, 210 MHz, 11.47 W, 0 %
54, 210 MHz, 11.47 W, 0 %
54, 210 MHz, 11.47 W, 0 %
54, 210 MHz, 11.50 W, 0 %
54, 210 MHz, 11.48 W, 0 %
54, 210 MHz, 11.48 W, 0 %
54, 210 MHz, 11.47 W, 0 %
54, 210 MHz, 11.50 W, 0 %
54, 210 MHz, 11.61 W, 0 %
54, 210 MHz, 11.53 W, 0 %
54, 210 MHz, 11.49 W, 0 %
54, 210 MHz, 11.47 W, 0 %
54, 210 MHz, 11.51 W, 0 %
54, 210 MHz, 11.48 W, 0 %
54, 210 MHz, 11.42 W, 0 %
54, 210 MHz, 11.47 W, 0 %
54, 210 MHz, 11.49 W, 0 %
54, 210 MHz, 11.58 W, 0 %
54, 210 MHz, 11.48 W, 0 %
54, 210 MHz, 11.47 W, 0 %
54, 210 MHz, 11.51 W, 0 %
54, 210 MHz, 11.49 W, 0 %
54, 210 MHz, 11.61 W, 0 %
54, 210 MHz, 11.47 W, 0 %
54, 210 MHz, 11.49 W, 0 %
54, 210 MHz, 11.52 W, 0 %
54, 210 MHz, 11.50 W, 0 %
54, 210 MHz, 11.48 W, 0 %
54, 210 MHz, 11.51 W, 0 %
54, 210 MHz, 11.52 W, 0 %
54, 210 MHz, 11.49 W, 0 %
54, 210 MHz, 11.48 W, 0 %
54, 210 MHz, 11.48 W, 0 %
54, 210 MHz, 11.47 W, 0 %
54, 210 MHz, 11.57 W, 0 %
54, 210 MHz, 11.52 W, 0 %
54, 210 MHz, 11.45 W, 0 %
54, 210 MHz, 11.49 W, 0 %
54, 210 MHz, 11.54 W, 0 %
54, 210 MHz, 11.51 W, 0 %
54, 210 MHz, 11.48 W, 0 %
54, 210 MHz, 11.53 W, 0 %
54, 210 MHz, 11.52 W, 0 %
54, 210 MHz, 11.50 W, 0 %
54, 210 MHz, 11.64 W, 0 %
54, 210 MHz, 11.53 W, 0 %
54, 210 MHz, 11.51 W, 0 %
54, 210 MHz, 11.55 W, 0 %
54, 210 MHz, 11.54 W, 0 %
54, 210 MHz, 11.53 W, 0 %
54, 210 MHz, 11.65 W, 0 %
54, 210 MHz, 11.54 W, 0 %
54, 210 MHz, 11.53 W, 0 %
54, 210 MHz, 11.50 W, 0 %
54, 210 MHz, 11.53 W, 0 %
54, 210 MHz, 11.52 W, 0 %
54, 210 MHz, 11.53 W, 0 %
54, 210 MHz, 11.51 W, 0 %
54, 210 MHz, 11.47 W, 0 %
54, 210 MHz, 11.49 W, 0 %
54, 210 MHz, 11.58 W, 0 %
54, 210 MHz, 11.56 W, 0 %
54, 210 MHz, 11.54 W, 0 %
54, 210 MHz, 11.53 W, 0 %
54, 210 MHz, 11.54 W, 0 %
54, 210 MHz, 11.56 W, 0 %
54, 210 MHz, 11.53 W, 0 %
54, 210 MHz, 11.51 W, 0 %
54, 210 MHz, 11.57 W, 0 %
54, 210 MHz, 11.50 W, 0 %
54, 210 MHz, 11.49 W, 0 %
54, 210 MHz, 11.49 W, 0 %
54, 210 MHz, 11.49 W, 0 %
54, 210 MHz, 11.53 W, 0 %
54, 210 MHz, 11.49 W, 0 %
54, 210 MHz, 11.52 W, 0 %
54, 210 MHz, 11.50 W, 0 %
54, 210 MHz, 11.46 W, 0 %
54, 210 MHz, 11.47 W, 0 %
54, 210 MHz, 11.59 W, 0 %
54, 210 MHz, 11.55 W, 0 %
54, 210 MHz, 11.54 W, 0 %
54, 210 MHz, 11.52 W, 0 %
54, 210 MHz, 11.53 W, 0 %
54, 210 MHz, 11.53 W, 0 %
54, 210 MHz, 11.53 W, 0 %
54, 210 MHz, 11.60 W, 0 %
54, 210 MHz, 11.55 W, 0 %
54, 210 MHz, 11.57 W, 0 %
54, 210 MHz, 11.51 W, 0 %
54, 210 MHz, 11.55 W, 0 %
54, 210 MHz, 11.53 W, 0 %
54, 210 MHz, 11.57 W, 0 %
54, 210 MHz, 11.59 W, 0 %
54, 210 MHz, 11.53 W, 0 %
54, 210 MHz, 11.53 W, 0 %
54, 210 MHz, 11.52 W, 0 %
54, 210 MHz, 11.51 W, 0 %
54, 210 MHz, 11.59 W, 0 %
54, 210 MHz, 11.49 W, 0 %
54, 210 MHz, 11.55 W, 0 %
54, 210 MHz, 11.54 W, 0 %
54, 210 MHz, 11.52 W, 0 %
54, 210 MHz, 11.52 W, 0 %
54, 210 MHz, 11.55 W, 0 %
54, 210 MHz, 11.52 W, 0 %
54, 210 MHz, 11.58 W, 0 %
54, 210 MHz, 11.62 W, 0 %
54, 210 MHz, 11.54 W, 0 %
54, 210 MHz, 11.54 W, 0 %
54, 210 MHz, 11.54 W, 0 %
54, 210 MHz, 11.51 W, 0 %
54, 210 MHz, 11.55 W, 0 %
54, 210 MHz, 11.54 W, 0 %
54, 210 MHz, 11.47 W, 0 %
54, 210 MHz, 11.49 W, 0 %
54, 210 MHz, 11.57 W, 0 %
54, 210 MHz, 11.51 W, 0 %
54, 210 MHz, 11.55 W, 0 %
54, 210 MHz, 11.50 W, 0 %
54, 210 MHz, 11.49 W, 0 %
54, 210 MHz, 11.51 W, 0 %
54, 210 MHz, 11.56 W, 0 %
54, 210 MHz, 11.51 W, 0 %
54, 210 MHz, 11.53 W, 0 %
54, 210 MHz, 11.51 W, 0 %
54, 210 MHz, 11.56 W, 0 %
54, 210 MHz, 11.52 W, 0 %
54, 210 MHz, 11.54 W, 0 %
54, 210 MHz, 11.52 W, 0 %
54, 210 MHz, 11.53 W, 0 %
54, 210 MHz, 11.51 W, 0 %
54, 210 MHz, 11.44 W, 0 %
54, 210 MHz, 11.54 W, 0 %
54, 210 MHz, 11.64 W, 0 %
54, 210 MHz, 11.60 W, 0 %
54, 210 MHz, 11.60 W, 0 %
54, 210 MHz, 11.57 W, 0 %
54, 210 MHz, 11.58 W, 0 %
54, 210 MHz, 11.58 W, 0 %
54, 210 MHz, 11.62 W, 0 %
54, 210 MHz, 11.59 W, 0 %
54, 210 MHz, 11.59 W, 0 %
54, 210 MHz, 11.66 W, 0 %
54, 210 MHz, 11.55 W, 0 %
54, 210 MHz, 11.55 W, 0 %
54, 210 MHz, 11.58 W, 0 %
54, 210 MHz, 11.55 W, 0 %
54, 210 MHz, 11.56 W, 0 %
54, 210 MHz, 11.61 W, 0 %
54, 210 MHz, 11.58 W, 0 %
54, 210 MHz, 11.60 W, 0 %
54, 210 MHz, 11.55 W, 0 %
54, 210 MHz, 11.56 W, 0 %
54, 210 MHz, 11.58 W, 0 %
54, 210 MHz, 11.54 W, 0 %
54, 210 MHz, 11.60 W, 0 %
54, 210 MHz, 11.58 W, 0 %
54, 210 MHz, 11.53 W, 0 %
54, 210 MHz, 11.55 W, 0 %
54, 210 MHz, 11.50 W, 0 %
53, 210 MHz, 11.49 W, 0 %
53, 210 MHz, 11.51 W, 0 %
53, 210 MHz, 11.50 W, 0 %
53, 210 MHz, 11.48 W, 0 %
53, 210 MHz, 11.49 W, 0 %
53, 210 MHz, 11.48 W, 0 %
53, 210 MHz, 11.50 W, 0 %
53, 210 MHz, 11.49 W, 0 %
53, 210 MHz, 11.49 W, 0 %
53, 210 MHz, 11.55 W, 0 %
53, 210 MHz, 11.46 W, 0 %
53, 210 MHz, 11.49 W, 0 %
53, 210 MHz, 11.48 W, 0 %
54, 210 MHz, 11.52 W, 0 %
54, 1702 MHz, 18.54 W, 0 %
54, 1702 MHz, 18.46 W, 0 %
54, 1702 MHz, 18.81 W, 0 %
54, 1702 MHz, 24.83 W, 0 %
