step,tokens,train_ce,aux_loss,lr
2442,20004864,4.07084,0.00000,5.2909e-04
2443,20013056,4.09590,0.00000,5.2892e-04
2444,20021248,3.89747,0.00000,5.2876e-04
2445,20029440,4.02775,0.00000,5.2859e-04
2446,20037632,3.95701,0.00000,5.2842e-04
2447,20045824,4.04303,0.00000,5.2826e-04
2448,20054016,3.99591,0.00000,5.2809e-04
2449,20062208,3.91777,0.00000,5.2792e-04
2450,20070400,3.91177,0.00000,5.2776e-04
2451,20078592,3.98488,0.00000,5.2759e-04
2452,20086784,4.05386,0.00000,5.2742e-04
2453,20094976,4.30507,0.00000,5.2726e-04
2454,20103168,4.00713,0.00000,5.2709e-04
2455,20111360,4.09960,0.00000,5.2692e-04
2456,20119552,4.12665,0.00000,5.2676e-04
2457,20127744,3.89179,0.00000,5.2659e-04
2458,20135936,4.09053,0.00000,5.2642e-04
2459,20144128,3.89020,0.00000,5.2626e-04
2460,20152320,4.13654,0.00000,5.2609e-04
2461,20160512,4.18610,0.00000,5.2592e-04
2462,20168704,4.00091,0.00000,5.2575e-04
2463,20176896,4.03698,0.00000,5.2559e-04
2464,20185088,4.08429,0.00000,5.2542e-04
2465,20193280,4.03160,0.00000,5.2525e-04
2466,20201472,4.09589,0.00000,5.2509e-04
2467,20209664,4.09701,0.00000,5.2492e-04
2468,20217856,4.02598,0.00000,5.2475e-04
2469,20226048,4.07218,0.00000,5.2458e-04
2470,20234240,4.11094,0.00000,5.2442e-04
2471,20242432,3.93032,0.00000,5.2425e-04
2472,20250624,4.01410,0.00000,5.2408e-04
2473,20258816,4.17742,0.00000,5.2392e-04
2474,20267008,4.05179,0.00000,5.2375e-04
2475,20275200,4.09804,0.00000,5.2358e-04
2476,20283392,3.95610,0.00000,5.2341e-04
2477,20291584,4.10447,0.00000,5.2325e-04
2478,20299776,3.97188,0.00000,5.2308e-04
2479,20307968,4.42060,0.00000,5.2291e-04
2480,20316160,4.08887,0.00000,5.2274e-04
2481,20324352,4.15049,0.00000,5.2258e-04
2482,20332544,4.09084,0.00000,5.2241e-04
2483,20340736,4.12336,0.00000,5.2224e-04
2484,20348928,3.97773,0.00000,5.2207e-04
2485,20357120,4.08344,0.00000,5.2191e-04
2486,20365312,3.90013,0.00000,5.2174e-04
2487,20373504,4.07235,0.00000,5.2157e-04
2488,20381696,4.08365,0.00000,5.2140e-04
2489,20389888,4.01081,0.00000,5.2123e-04
2490,20398080,4.12110,0.00000,5.2107e-04
2491,20406272,4.12927,0.00000,5.2090e-04
2492,20414464,3.96997,0.00000,5.2073e-04
2493,20422656,4.00645,0.00000,5.2056e-04
2494,20430848,3.98765,0.00000,5.2039e-04
2495,20439040,4.01121,0.00000,5.2023e-04
2496,20447232,4.17629,0.00000,5.2006e-04
2497,20455424,4.03178,0.00000,5.1989e-04
2498,20463616,4.18170,0.00000,5.1972e-04
2499,20471808,4.15716,0.00000,5.1955e-04
2500,20480000,4.15584,0.00000,5.1939e-04
2501,20488192,4.08854,0.00000,5.1922e-04
2502,20496384,4.04971,0.00000,5.1905e-04
2503,20504576,4.02442,0.00000,5.1888e-04
2504,20512768,4.03251,0.00000,5.1871e-04
2505,20520960,4.07849,0.00000,5.1855e-04
2506,20529152,4.02032,0.00000,5.1838e-04
2507,20537344,4.08826,0.00000,5.1821e-04
2508,20545536,4.17020,0.00000,5.1804e-04
2509,20553728,3.97082,0.00000,5.1787e-04
2510,20561920,3.96886,0.00000,5.1770e-04
2511,20570112,3.94427,0.00000,5.1753e-04
2512,20578304,4.11439,0.00000,5.1737e-04
2513,20586496,3.88109,0.00000,5.1720e-04
2514,20594688,4.05239,0.00000,5.1703e-04
2515,20602880,4.09942,0.00000,5.1686e-04
2516,20611072,3.92501,0.00000,5.1669e-04
2517,20619264,3.94671,0.00000,5.1652e-04
2518,20627456,4.03052,0.00000,5.1635e-04
2519,20635648,4.11999,0.00000,5.1619e-04
2520,20643840,3.93632,0.00000,5.1602e-04
2521,20652032,4.05920,0.00000,5.1585e-04
2522,20660224,4.07567,0.00000,5.1568e-04
2523,20668416,4.00400,0.00000,5.1551e-04
2524,20676608,4.00347,0.00000,5.1534e-04
2525,20684800,4.14495,0.00000,5.1517e-04
2526,20692992,4.04424,0.00000,5.1500e-04
2527,20701184,4.06014,0.00000,5.1484e-04
2528,20709376,3.97270,0.00000,5.1467e-04
2529,20717568,3.94908,0.00000,5.1450e-04
2530,20725760,3.98252,0.00000,5.1433e-04
2531,20733952,4.08432,0.00000,5.1416e-04
2532,20742144,4.05490,0.00000,5.1399e-04
2533,20750336,3.97599,0.00000,5.1382e-04
2534,20758528,4.13399,0.00000,5.1365e-04
2535,20766720,3.96239,0.00000,5.1348e-04
2536,20774912,4.04143,0.00000,5.1331e-04
2537,20783104,4.02553,0.00000,5.1314e-04
2538,20791296,3.93453,0.00000,5.1298e-04
2539,20799488,4.04264,0.00000,5.1281e-04
2540,20807680,4.14248,0.00000,5.1264e-04
2541,20815872,4.01466,0.00000,5.1247e-04
2542,20824064,4.06211,0.00000,5.1230e-04
2543,20832256,4.02409,0.00000,5.1213e-04
2544,20840448,3.99107,0.00000,5.1196e-04
2545,20848640,3.92596,0.00000,5.1179e-04
2546,20856832,4.06844,0.00000,5.1162e-04
2547,20865024,4.13147,0.00000,5.1145e-04
2548,20873216,3.98796,0.00000,5.1128e-04
2549,20881408,4.08607,0.00000,5.1111e-04
2550,20889600,4.10724,0.00000,5.1094e-04
2551,20897792,4.03587,0.00000,5.1077e-04
2552,20905984,3.93554,0.00000,5.1060e-04
2553,20914176,4.02434,0.00000,5.1043e-04
2554,20922368,3.95085,0.00000,5.1026e-04
2555,20930560,4.12005,0.00000,5.1009e-04
2556,20938752,3.89954,0.00000,5.0992e-04
2557,20946944,4.12688,0.00000,5.0976e-04
2558,20955136,4.08816,0.00000,5.0959e-04
2559,20963328,4.06026,0.00000,5.0942e-04
2560,20971520,3.89692,0.00000,5.0925e-04
2561,20979712,4.06974,0.00000,5.0908e-04
2562,20987904,3.90849,0.00000,5.0891e-04
2563,20996096,3.99366,0.00000,5.0874e-04
2564,21004288,4.02401,0.00000,5.0857e-04
2565,21012480,4.09062,0.00000,5.0840e-04
2566,21020672,4.05319,0.00000,5.0823e-04
2567,21028864,4.16325,0.00000,5.0806e-04
2568,21037056,3.98788,0.00000,5.0789e-04
2569,21045248,4.12235,0.00000,5.0772e-04
2570,21053440,4.00978,0.00000,5.0755e-04
2571,21061632,4.10295,0.00000,5.0738e-04
2572,21069824,4.04371,0.00000,5.0721e-04
2573,21078016,3.94728,0.00000,5.0704e-04
2574,21086208,4.07158,0.00000,5.0687e-04
2575,21094400,3.93488,0.00000,5.0670e-04
2576,21102592,3.92207,0.00000,5.0653e-04
2577,21110784,4.07733,0.00000,5.0635e-04
2578,21118976,4.03960,0.00000,5.0618e-04
2579,21127168,4.04883,0.00000,5.0601e-04
2580,21135360,4.16434,0.00000,5.0584e-04
2581,21143552,3.85883,0.00000,5.0567e-04
2582,21151744,3.85077,0.00000,5.0550e-04
2583,21159936,4.03831,0.00000,5.0533e-04
2584,21168128,4.13096,0.00000,5.0516e-04
2585,21176320,4.02506,0.00000,5.0499e-04
2586,21184512,3.91186,0.00000,5.0482e-04
2587,21192704,3.98370,0.00000,5.0465e-04
2588,21200896,4.08339,0.00000,5.0448e-04
2589,21209088,4.15821,0.00000,5.0431e-04
2590,21217280,4.07990,0.00000,5.0414e-04
2591,21225472,3.97037,0.00000,5.0397e-04
2592,21233664,4.08118,0.00000,5.0380e-04
2593,21241856,4.12141,0.00000,5.0363e-04
2594,21250048,4.27463,0.00000,5.0346e-04
2595,21258240,4.00709,0.00000,5.0329e-04
2596,21266432,3.99312,0.00000,5.0311e-04
2597,21274624,4.10965,0.00000,5.0294e-04
2598,21282816,4.08996,0.00000,5.0277e-04
2599,21291008,4.03001,0.00000,5.0260e-04
2600,21299200,3.99016,0.00000,5.0243e-04
2601,21307392,3.90810,0.00000,5.0226e-04
2602,21315584,4.07077,0.00000,5.0209e-04
2603,21323776,4.04979,0.00000,5.0192e-04
2604,21331968,4.04968,0.00000,5.0175e-04
2605,21340160,3.96760,0.00000,5.0158e-04
2606,21348352,4.18970,0.00000,5.0141e-04
2607,21356544,4.11243,0.00000,5.0123e-04
2608,21364736,4.06631,0.00000,5.0106e-04
2609,21372928,3.97323,0.00000,5.0089e-04
2610,21381120,3.85947,0.00000,5.0072e-04
2611,21389312,4.11638,0.00000,5.0055e-04
2612,21397504,4.18267,0.00000,5.0038e-04
2613,21405696,3.94186,0.00000,5.0021e-04
2614,21413888,4.07536,0.00000,5.0004e-04
2615,21422080,3.92200,0.00000,4.9987e-04
2616,21430272,3.97971,0.00000,4.9969e-04
2617,21438464,4.04048,0.00000,4.9952e-04
2618,21446656,4.07449,0.00000,4.9935e-04
2619,21454848,4.11877,0.00000,4.9918e-04
2620,21463040,4.08902,0.00000,4.9901e-04
2621,21471232,4.21347,0.00000,4.9884e-04
2622,21479424,3.94359,0.00000,4.9867e-04
2623,21487616,3.99057,0.00000,4.9850e-04
2624,21495808,3.93245,0.00000,4.9832e-04
2625,21504000,4.04577,0.00000,4.9815e-04
2626,21512192,3.92683,0.00000,4.9798e-04
2627,21520384,4.11659,0.00000,4.9781e-04
2628,21528576,4.10948,0.00000,4.9764e-04
2629,21536768,4.08616,0.00000,4.9747e-04
2630,21544960,4.00546,0.00000,4.9729e-04
2631,21553152,4.07340,0.00000,4.9712e-04
2632,21561344,3.93915,0.00000,4.9695e-04
2633,21569536,4.08045,0.00000,4.9678e-04
2634,21577728,4.06258,0.00000,4.9661e-04
2635,21585920,3.93980,0.00000,4.9644e-04
2636,21594112,3.90405,0.00000,4.9626e-04
2637,21602304,3.99011,0.00000,4.9609e-04
2638,21610496,4.08855,0.00000,4.9592e-04
2639,21618688,4.06380,0.00000,4.9575e-04
2640,21626880,4.09695,0.00000,4.9558e-04
2641,21635072,4.07945,0.00000,4.9541e-04
2642,21643264,4.15655,0.00000,4.9523e-04
2643,21651456,3.95472,0.00000,4.9506e-04
2644,21659648,4.02485,0.00000,4.9489e-04
2645,21667840,3.95012,0.00000,4.9472e-04
2646,21676032,3.80823,0.00000,4.9455e-04
2647,21684224,4.02891,0.00000,4.9437e-04
2648,21692416,4.05398,0.00000,4.9420e-04
2649,21700608,3.99957,0.00000,4.9403e-04
2650,21708800,4.05462,0.00000,4.9386e-04
2651,21716992,3.92661,0.00000,4.9369e-04
2652,21725184,4.02232,0.00000,4.9351e-04
2653,21733376,4.05579,0.00000,4.9334e-04
2654,21741568,3.96115,0.00000,4.9317e-04
2655,21749760,4.03098,0.00000,4.9300e-04
2656,21757952,4.14079,0.00000,4.9283e-04
2657,21766144,3.92764,0.00000,4.9265e-04
2658,21774336,4.11025,0.00000,4.9248e-04
2659,21782528,4.08399,0.00000,4.9231e-04
2660,21790720,4.01798,0.00000,4.9214e-04
2661,21798912,4.00239,0.00000,4.9196e-04
2662,21807104,4.05080,0.00000,4.9179e-04
2663,21815296,4.20612,0.00000,4.9162e-04
2664,21823488,4.09549,0.00000,4.9145e-04
2665,21831680,4.07311,0.00000,4.9127e-04
2666,21839872,4.07128,0.00000,4.9110e-04
2667,21848064,4.06888,0.00000,4.9093e-04
2668,21856256,4.03423,0.00000,4.9076e-04
2669,21864448,4.08750,0.00000,4.9059e-04
2670,21872640,4.02663,0.00000,4.9041e-04
2671,21880832,4.03485,0.00000,4.9024e-04
2672,21889024,3.96490,0.00000,4.9007e-04
2673,21897216,4.07783,0.00000,4.8990e-04
2674,21905408,3.96911,0.00000,4.8972e-04
2675,21913600,4.08797,0.00000,4.8955e-04
2676,21921792,4.01851,0.00000,4.8938e-04
2677,21929984,4.08634,0.00000,4.8920e-04
2678,21938176,3.95222,0.00000,4.8903e-04
2679,21946368,4.07896,0.00000,4.8886e-04
2680,21954560,3.91618,0.00000,4.8869e-04
2681,21962752,4.10733,0.00000,4.8851e-04
2682,21970944,3.94758,0.00000,4.8834e-04
2683,21979136,4.21317,0.00000,4.8817e-04
2684,21987328,4.01066,0.00000,4.8800e-04
2685,21995520,4.07963,0.00000,4.8782e-04
2686,22003712,4.05898,0.00000,4.8765e-04
2687,22011904,3.90941,0.00000,4.8748e-04
2688,22020096,3.90893,0.00000,4.8730e-04
2689,22028288,3.96305,0.00000,4.8713e-04
2690,22036480,3.89949,0.00000,4.8696e-04
2691,22044672,3.87887,0.00000,4.8679e-04
2692,22052864,3.85788,0.00000,4.8661e-04
2693,22061056,4.03606,0.00000,4.8644e-04
2694,22069248,4.15966,0.00000,4.8627e-04
2695,22077440,4.15444,0.00000,4.8609e-04
2696,22085632,4.15014,0.00000,4.8592e-04
2697,22093824,4.02055,0.00000,4.8575e-04
2698,22102016,3.90959,0.00000,4.8557e-04
2699,22110208,4.01722,0.00000,4.8540e-04
2700,22118400,3.95514,0.00000,4.8523e-04
2701,22126592,3.99286,0.00000,4.8506e-04
2702,22134784,4.04433,0.00000,4.8488e-04
2703,22142976,4.12877,0.00000,4.8471e-04
2704,22151168,4.00405,0.00000,4.8454e-04
2705,22159360,3.99190,0.00000,4.8436e-04
2706,22167552,4.06293,0.00000,4.8419e-04
2707,22175744,3.90872,0.00000,4.8402e-04
2708,22183936,4.03623,0.00000,4.8384e-04
2709,22192128,3.99537,0.00000,4.8367e-04
2710,22200320,4.10550,0.00000,4.8350e-04
2711,22208512,4.06895,0.00000,4.8332e-04
2712,22216704,4.03725,0.00000,4.8315e-04
2713,22224896,4.05416,0.00000,4.8298e-04
2714,22233088,4.07197,0.00000,4.8280e-04
2715,22241280,4.18621,0.00000,4.8263e-04
2716,22249472,3.98579,0.00000,4.8246e-04
2717,22257664,4.08939,0.00000,4.8228e-04
2718,22265856,4.02306,0.00000,4.8211e-04
2719,22274048,4.17273,0.00000,4.8194e-04
2720,22282240,4.00220,0.00000,4.8176e-04
2721,22290432,4.18983,0.00000,4.8159e-04
2722,22298624,4.07514,0.00000,4.8142e-04
2723,22306816,4.05335,0.00000,4.8124e-04
2724,22315008,4.08693,0.00000,4.8107e-04
2725,22323200,3.92416,0.00000,4.8089e-04
2726,22331392,3.92708,0.00000,4.8072e-04
2727,22339584,4.05335,0.00000,4.8055e-04
2728,22347776,4.12500,0.00000,4.8037e-04
2729,22355968,3.95217,0.00000,4.8020e-04
2730,22364160,4.03775,0.00000,4.8003e-04
2731,22372352,4.10212,0.00000,4.7985e-04
2732,22380544,3.85835,0.00000,4.7968e-04
2733,22388736,3.93020,0.00000,4.7951e-04
2734,22396928,3.93636,0.00000,4.7933e-04
2735,22405120,4.08095,0.00000,4.7916e-04
2736,22413312,3.95586,0.00000,4.7898e-04
2737,22421504,4.13971,0.00000,4.7881e-04
2738,22429696,4.00672,0.00000,4.7864e-04
2739,22437888,4.03647,0.00000,4.7846e-04
2740,22446080,4.00918,0.00000,4.7829e-04
2741,22454272,3.95519,0.00000,4.7811e-04
2742,22462464,3.99893,0.00000,4.7794e-04
2743,22470656,3.93298,0.00000,4.7777e-04
2744,22478848,3.93997,0.00000,4.7759e-04
2745,22487040,4.02135,0.00000,4.7742e-04
2746,22495232,4.11396,0.00000,4.7725e-04
2747,22503424,3.79874,0.00000,4.7707e-04
2748,22511616,3.95426,0.00000,4.7690e-04
2749,22519808,4.02553,0.00000,4.7672e-04
2750,22528000,4.09930,0.00000,4.7655e-04
2751,22536192,4.08496,0.00000,4.7637e-04
2752,22544384,3.98468,0.00000,4.7620e-04
2753,22552576,4.16671,0.00000,4.7603e-04
2754,22560768,3.99847,0.00000,4.7585e-04
2755,22568960,3.95103,0.00000,4.7568e-04
2756,22577152,4.14830,0.00000,4.7550e-04
2757,22585344,3.88041,0.00000,4.7533e-04
2758,22593536,3.98696,0.00000,4.7516e-04
2759,22601728,4.00949,0.00000,4.7498e-04
2760,22609920,4.09536,0.00000,4.7481e-04
2761,22618112,3.95300,0.00000,4.7463e-04
2762,22626304,3.87082,0.00000,4.7446e-04
2763,22634496,3.99750,0.00000,4.7428e-04
2764,22642688,3.90085,0.00000,4.7411e-04
2765,22650880,3.95602,0.00000,4.7394e-04
2766,22659072,4.09283,0.00000,4.7376e-04
2767,22667264,4.07776,0.00000,4.7359e-04
2768,22675456,3.83924,0.00000,4.7341e-04
2769,22683648,3.99786,0.00000,4.7324e-04
2770,22691840,3.86390,0.00000,4.7306e-04
2771,22700032,4.10780,0.00000,4.7289e-04
2772,22708224,3.90789,0.00000,4.7272e-04
2773,22716416,3.98470,0.00000,4.7254e-04
2774,22724608,4.02080,0.00000,4.7237e-04
2775,22732800,4.00293,0.00000,4.7219e-04
2776,22740992,3.97348,0.00000,4.7202e-04
2777,22749184,4.04117,0.00000,4.7184e-04
2778,22757376,4.03641,0.00000,4.7167e-04
2779,22765568,4.02878,0.00000,4.7149e-04
2780,22773760,3.93436,0.00000,4.7132e-04
2781,22781952,4.02568,0.00000,4.7115e-04
2782,22790144,4.00432,0.00000,4.7097e-04
2783,22798336,3.97314,0.00000,4.7080e-04
2784,22806528,4.05723,0.00000,4.7062e-04
2785,22814720,4.03284,0.00000,4.7045e-04
2786,22822912,4.01229,0.00000,4.7027e-04
2787,22831104,4.09175,0.00000,4.7010e-04
2788,22839296,4.08001,0.00000,4.6992e-04
2789,22847488,4.03554,0.00000,4.6975e-04
2790,22855680,4.02182,0.00000,4.6957e-04
2791,22863872,3.94514,0.00000,4.6940e-04
2792,22872064,3.91197,0.00000,4.6922e-04
2793,22880256,3.95472,0.00000,4.6905e-04
2794,22888448,4.00712,0.00000,4.6887e-04
2795,22896640,4.04917,0.00000,4.6870e-04
2796,22904832,3.95052,0.00000,4.6852e-04
2797,22913024,3.81662,0.00000,4.6835e-04
2798,22921216,4.02888,0.00000,4.6817e-04
2799,22929408,4.02458,0.00000,4.6800e-04
2800,22937600,4.14251,0.00000,4.6783e-04
2801,22945792,4.00850,0.00000,4.6765e-04
2802,22953984,3.93700,0.00000,4.6748e-04
2803,22962176,3.88621,0.00000,4.6730e-04
2804,22970368,3.97343,0.00000,4.6713e-04
2805,22978560,4.11553,0.00000,4.6695e-04
2806,22986752,3.96192,0.00000,4.6678e-04
2807,22994944,3.95685,0.00000,4.6660e-04
2808,23003136,3.91547,0.00000,4.6643e-04
2809,23011328,3.79800,0.00000,4.6625e-04
2810,23019520,4.07208,0.00000,4.6608e-04
2811,23027712,4.07230,0.00000,4.6590e-04
2812,23035904,4.04856,0.00000,4.6573e-04
2813,23044096,4.03006,0.00000,4.6555e-04
2814,23052288,3.94741,0.00000,4.6538e-04
2815,23060480,3.93451,0.00000,4.6520e-04
2816,23068672,3.91871,0.00000,4.6503e-04
2817,23076864,4.06832,0.00000,4.6485e-04
2818,23085056,3.98851,0.00000,4.6467e-04
2819,23093248,3.97067,0.00000,4.6450e-04
2820,23101440,3.77294,0.00000,4.6432e-04
2821,23109632,4.03540,0.00000,4.6415e-04
2822,23117824,3.99627,0.00000,4.6397e-04
2823,23126016,3.91628,0.00000,4.6380e-04
2824,23134208,3.81537,0.00000,4.6362e-04
2825,23142400,4.10243,0.00000,4.6345e-04
2826,23150592,3.95865,0.00000,4.6327e-04
2827,23158784,3.91667,0.00000,4.6310e-04
2828,23166976,3.98034,0.00000,4.6292e-04
2829,23175168,3.81664,0.00000,4.6275e-04
2830,23183360,3.98290,0.00000,4.6257e-04
2831,23191552,4.11109,0.00000,4.6240e-04
2832,23199744,4.10157,0.00000,4.6222e-04
2833,23207936,3.72510,0.00000,4.6205e-04
2834,23216128,3.92465,0.00000,4.6187e-04
2835,23224320,4.13690,0.00000,4.6170e-04
2836,23232512,3.93578,0.00000,4.6152e-04
2837,23240704,3.88469,0.00000,4.6134e-04
2838,23248896,3.89277,0.00000,4.6117e-04
2839,23257088,4.07767,0.00000,4.6099e-04
2840,23265280,4.10774,0.00000,4.6082e-04
2841,23273472,3.99176,0.00000,4.6064e-04
2842,23281664,3.92542,0.00000,4.6047e-04
2843,23289856,4.09302,0.00000,4.6029e-04
2844,23298048,3.96690,0.00000,4.6012e-04
2845,23306240,3.93296,0.00000,4.5994e-04
2846,23314432,4.00367,0.00000,4.5977e-04
2847,23322624,4.00407,0.00000,4.5959e-04
2848,23330816,3.82008,0.00000,4.5941e-04
2849,23339008,4.07086,0.00000,4.5924e-04
2850,23347200,3.94742,0.00000,4.5906e-04
2851,23355392,4.02696,0.00000,4.5889e-04
2852,23363584,4.03125,0.00000,4.5871e-04
2853,23371776,3.90020,0.00000,4.5854e-04
2854,23379968,3.89155,0.00000,4.5836e-04
2855,23388160,3.85654,0.00000,4.5819e-04
2856,23396352,3.88396,0.00000,4.5801e-04
2857,23404544,3.99763,0.00000,4.5783e-04
2858,23412736,3.96974,0.00000,4.5766e-04
2859,23420928,3.94494,0.00000,4.5748e-04
2860,23429120,3.92003,0.00000,4.5731e-04
2861,23437312,3.99539,0.00000,4.5713e-04
2862,23445504,3.91618,0.00000,4.5696e-04
2863,23453696,4.08636,0.00000,4.5678e-04
2864,23461888,3.92945,0.00000,4.5660e-04
2865,23470080,3.87508,0.00000,4.5643e-04
2866,23478272,3.95929,0.00000,4.5625e-04
2867,23486464,3.91281,0.00000,4.5608e-04
2868,23494656,3.87766,0.00000,4.5590e-04
2869,23502848,4.09656,0.00000,4.5572e-04
2870,23511040,3.90456,0.00000,4.5555e-04
2871,23519232,3.89896,0.00000,4.5537e-04
2872,23527424,3.97556,0.00000,4.5520e-04
2873,23535616,4.04455,0.00000,4.5502e-04
2874,23543808,3.97701,0.00000,4.5485e-04
2875,23552000,4.03308,0.00000,4.5467e-04
2876,23560192,4.04609,0.00000,4.5449e-04
2877,23568384,4.00187,0.00000,4.5432e-04
2878,23576576,4.05461,0.00000,4.5414e-04
2879,23584768,4.00648,0.00000,4.5397e-04
2880,23592960,3.98934,0.00000,4.5379e-04
2881,23601152,4.06363,0.00000,4.5361e-04
2882,23609344,3.78610,0.00000,4.5344e-04
2883,23617536,4.01058,0.00000,4.5326e-04
2884,23625728,4.15214,0.00000,4.5309e-04
2885,23633920,3.99431,0.00000,4.5291e-04
2886,23642112,3.90098,0.00000,4.5273e-04
2887,23650304,3.89695,0.00000,4.5256e-04
2888,23658496,4.02329,0.00000,4.5238e-04
2889,23666688,4.00353,0.00000,4.5221e-04
2890,23674880,4.01076,0.00000,4.5203e-04
2891,23683072,3.90619,0.00000,4.5185e-04
2892,23691264,3.99904,0.00000,4.5168e-04
2893,23699456,4.11352,0.00000,4.5150e-04
2894,23707648,3.90191,0.00000,4.5133e-04
2895,23715840,4.03128,0.00000,4.5115e-04
2896,23724032,4.14026,0.00000,4.5097e-04
2897,23732224,4.02149,0.00000,4.5080e-04
2898,23740416,3.88446,0.00000,4.5062e-04
2899,23748608,3.83131,0.00000,4.5045e-04
2900,23756800,3.99219,0.00000,4.5027e-04
2901,23764992,3.97569,0.00000,4.5009e-04
2902,23773184,3.90314,0.00000,4.4992e-04
2903,23781376,3.93509,0.00000,4.4974e-04
2904,23789568,4.06123,0.00000,4.4956e-04
2905,23797760,3.98513,0.00000,4.4939e-04
2906,23805952,4.06038,0.00000,4.4921e-04
2907,23814144,3.91411,0.00000,4.4904e-04
2908,23822336,3.94006,0.00000,4.4886e-04
2909,23830528,3.97619,0.00000,4.4868e-04
2910,23838720,3.94907,0.00000,4.4851e-04
2911,23846912,3.94855,0.00000,4.4833e-04
2912,23855104,4.01638,0.00000,4.4815e-04
2913,23863296,4.02047,0.00000,4.4798e-04
2914,23871488,3.91794,0.00000,4.4780e-04
2915,23879680,4.04371,0.00000,4.4763e-04
2916,23887872,4.07268,0.00000,4.4745e-04
2917,23896064,3.91174,0.00000,4.4727e-04
2918,23904256,3.96142,0.00000,4.4710e-04
2919,23912448,4.13253,0.00000,4.4692e-04
2920,23920640,3.90605,0.00000,4.4674e-04
2921,23928832,3.93574,0.00000,4.4657e-04
2922,23937024,3.99080,0.00000,4.4639e-04
2923,23945216,4.07119,0.00000,4.4621e-04
2924,23953408,3.94834,0.00000,4.4604e-04
2925,23961600,3.98711,0.00000,4.4586e-04
2926,23969792,3.94777,0.00000,4.4569e-04
2927,23977984,3.98347,0.00000,4.4551e-04
2928,23986176,3.87604,0.00000,4.4533e-04
2929,23994368,3.87000,0.00000,4.4516e-04
2930,24002560,3.94298,0.00000,4.4498e-04
2931,24010752,4.01997,0.00000,4.4480e-04
2932,24018944,4.00606,0.00000,4.4463e-04
2933,24027136,4.01232,0.00000,4.4445e-04
2934,24035328,3.95187,0.00000,4.4427e-04
2935,24043520,3.78135,0.00000,4.4410e-04
2936,24051712,3.93122,0.00000,4.4392e-04
2937,24059904,3.99854,0.00000,4.4374e-04
2938,24068096,3.79573,0.00000,4.4357e-04
2939,24076288,3.91193,0.00000,4.4339e-04
2940,24084480,3.93943,0.00000,4.4321e-04
2941,24092672,4.02204,0.00000,4.4304e-04
2942,24100864,4.08658,0.00000,4.4286e-04
2943,24109056,4.00475,0.00000,4.4269e-04
2944,24117248,3.98908,0.00000,4.4251e-04
2945,24125440,4.11236,0.00000,4.4233e-04
2946,24133632,3.94531,0.00000,4.4216e-04
2947,24141824,3.99620,0.00000,4.4198e-04
2948,24150016,3.92830,0.00000,4.4180e-04
2949,24158208,3.76462,0.00000,4.4163e-04
2950,24166400,3.93115,0.00000,4.4145e-04
2951,24174592,4.01987,0.00000,4.4127e-04
2952,24182784,4.07949,0.00000,4.4110e-04
2953,24190976,4.04998,0.00000,4.4092e-04
2954,24199168,4.07090,0.00000,4.4074e-04
2955,24207360,3.90735,0.00000,4.4057e-04
2956,24215552,3.88257,0.00000,4.4039e-04
2957,24223744,4.00483,0.00000,4.4021e-04
2958,24231936,4.00571,0.00000,4.4004e-04
2959,24240128,4.05149,0.00000,4.3986e-04
2960,24248320,4.08417,0.00000,4.3968e-04
2961,24256512,3.97722,0.00000,4.3951e-04
2962,24264704,3.98454,0.00000,4.3933e-04
2963,24272896,3.92770,0.00000,4.3915e-04
2964,24281088,3.87968,0.00000,4.3898e-04
2965,24289280,3.99006,0.00000,4.3880e-04
2966,24297472,4.17849,0.00000,4.3862e-04
2967,24305664,4.06876,0.00000,4.3845e-04
2968,24313856,3.91764,0.00000,4.3827e-04
2969,24322048,3.84516,0.00000,4.3809e-04
2970,24330240,3.95946,0.00000,4.3792e-04
2971,24338432,4.06272,0.00000,4.3774e-04
2972,24346624,3.89876,0.00000,4.3756e-04
2973,24354816,3.97272,0.00000,4.3738e-04
2974,24363008,4.05322,0.00000,4.3721e-04
2975,24371200,3.94203,0.00000,4.3703e-04
2976,24379392,3.99713,0.00000,4.3685e-04
2977,24387584,3.98394,0.00000,4.3668e-04
2978,24395776,3.83302,0.00000,4.3650e-04
2979,24403968,3.94324,0.00000,4.3632e-04
2980,24412160,4.03536,0.00000,4.3615e-04
2981,24420352,3.96941,0.00000,4.3597e-04
2982,24428544,3.94633,0.00000,4.3579e-04
2983,24436736,3.86889,0.00000,4.3562e-04
2984,24444928,3.86667,0.00000,4.3544e-04
2985,24453120,4.02302,0.00000,4.3526e-04
2986,24461312,3.85434,0.00000,4.3509e-04
2987,24469504,4.16961,0.00000,4.3491e-04
2988,24477696,3.97507,0.00000,4.3473e-04
2989,24485888,3.95508,0.00000,4.3456e-04
2990,24494080,3.94872,0.00000,4.3438e-04
2991,24502272,3.85473,0.00000,4.3420e-04
2992,24510464,3.93243,0.00000,4.3402e-04
2993,24518656,3.91198,0.00000,4.3385e-04
2994,24526848,3.95875,0.00000,4.3367e-04
2995,24535040,4.11753,0.00000,4.3349e-04
2996,24543232,3.93122,0.00000,4.3332e-04
2997,24551424,4.02461,0.00000,4.3314e-04
2998,24559616,4.10597,0.00000,4.3296e-04
2999,24567808,3.80769,0.00000,4.3279e-04
3000,24576000,4.04673,0.00000,4.3261e-04
3001,24584192,3.92325,0.00000,4.3243e-04
3002,24592384,3.85950,0.00000,4.3225e-04
3003,24600576,3.96282,0.00000,4.3208e-04
3004,24608768,3.97892,0.00000,4.3190e-04
3005,24616960,3.94650,0.00000,4.3172e-04
3006,24625152,3.93988,0.00000,4.3155e-04
3007,24633344,4.03055,0.00000,4.3137e-04
3008,24641536,4.03942,0.00000,4.3119e-04
3009,24649728,4.04749,0.00000,4.3102e-04
3010,24657920,3.91791,0.00000,4.3084e-04
3011,24666112,3.84729,0.00000,4.3066e-04
3012,24674304,4.06754,0.00000,4.3048e-04
3013,24682496,3.91381,0.00000,4.3031e-04
3014,24690688,4.05072,0.00000,4.3013e-04
3015,24698880,3.98321,0.00000,4.2995e-04
3016,24707072,3.96968,0.00000,4.2978e-04
3017,24715264,3.84512,0.00000,4.2960e-04
3018,24723456,4.05874,0.00000,4.2942e-04
3019,24731648,4.10423,0.00000,4.2925e-04
3020,24739840,3.87281,0.00000,4.2907e-04
3021,24748032,4.04259,0.00000,4.2889e-04
3022,24756224,3.88162,0.00000,4.2871e-04
3023,24764416,4.09795,0.00000,4.2854e-04
3024,24772608,3.90307,0.00000,4.2836e-04
3025,24780800,3.94702,0.00000,4.2818e-04
3026,24788992,4.01421,0.00000,4.2801e-04
3027,24797184,4.05566,0.00000,4.2783e-04
3028,24805376,4.02735,0.00000,4.2765e-04
3029,24813568,4.10779,0.00000,4.2747e-04
3030,24821760,4.01844,0.00000,4.2730e-04
3031,24829952,3.99952,0.00000,4.2712e-04
3032,24838144,3.77552,0.00000,4.2694e-04
3033,24846336,4.10071,0.00000,4.2677e-04
3034,24854528,3.86384,0.00000,4.2659e-04
3035,24862720,4.03682,0.00000,4.2641e-04
3036,24870912,3.97518,0.00000,4.2624e-04
3037,24879104,3.90952,0.00000,4.2606e-04
3038,24887296,3.87674,0.00000,4.2588e-04
3039,24895488,3.91232,0.00000,4.2570e-04
3040,24903680,3.79862,0.00000,4.2553e-04
3041,24911872,3.83167,0.00000,4.2535e-04
3042,24920064,3.92193,0.00000,4.2517e-04
3043,24928256,4.03844,0.00000,4.2500e-04
3044,24936448,4.00529,0.00000,4.2482e-04
3045,24944640,3.87072,0.00000,4.2464e-04
3046,24952832,3.96524,0.00000,4.2446e-04
3047,24961024,3.79632,0.00000,4.2429e-04
3048,24969216,4.07146,0.00000,4.2411e-04
3049,24977408,3.92559,0.00000,4.2393e-04
3050,24985600,4.06981,0.00000,4.2375e-04
3051,24993792,3.95533,0.00000,4.2358e-04
3052,25001984,4.03320,0.00000,4.2340e-04
3053,25010176,3.96199,0.00000,4.2322e-04
3054,25018368,3.98714,0.00000,4.2305e-04
3055,25026560,3.66735,0.00000,4.2287e-04
3056,25034752,4.11916,0.00000,4.2269e-04
3057,25042944,3.92604,0.00000,4.2251e-04
3058,25051136,4.04536,0.00000,4.2234e-04
3059,25059328,4.00350,0.00000,4.2216e-04
3060,25067520,3.92705,0.00000,4.2198e-04
3061,25075712,4.07408,0.00000,4.2181e-04
3062,25083904,3.98047,0.00000,4.2163e-04
3063,25092096,3.98477,0.00000,4.2145e-04
3064,25100288,3.99593,0.00000,4.2127e-04
3065,25108480,4.09610,0.00000,4.2110e-04
3066,25116672,3.86747,0.00000,4.2092e-04
3067,25124864,3.94581,0.00000,4.2074e-04
3068,25133056,3.91058,0.00000,4.2057e-04
3069,25141248,3.98644,0.00000,4.2039e-04
3070,25149440,4.04382,0.00000,4.2021e-04
3071,25157632,3.95684,0.00000,4.2003e-04
3072,25165824,3.96164,0.00000,4.1986e-04
3073,25174016,3.78716,0.00000,4.1968e-04
3074,25182208,3.95575,0.00000,4.1950e-04
3075,25190400,3.92522,0.00000,4.1932e-04
3076,25198592,3.94064,0.00000,4.1915e-04
3077,25206784,3.94086,0.00000,4.1897e-04
3078,25214976,3.81262,0.00000,4.1879e-04
3079,25223168,4.07007,0.00000,4.1862e-04
3080,25231360,3.79786,0.00000,4.1844e-04
3081,25239552,4.04797,0.00000,4.1826e-04
3082,25247744,4.09274,0.00000,4.1808e-04
3083,25255936,4.07159,0.00000,4.1791e-04
3084,25264128,3.83813,0.00000,4.1773e-04
3085,25272320,3.86910,0.00000,4.1755e-04
3086,25280512,4.07758,0.00000,4.1737e-04
3087,25288704,4.01166,0.00000,4.1720e-04
3088,25296896,3.88394,0.00000,4.1702e-04
3089,25305088,3.74520,0.00000,4.1684e-04
3090,25313280,3.92299,0.00000,4.1667e-04
3091,25321472,4.00105,0.00000,4.1649e-04
3092,25329664,3.88901,0.00000,4.1631e-04
3093,25337856,4.00909,0.00000,4.1613e-04
3094,25346048,4.04020,0.00000,4.1596e-04
3095,25354240,3.85659,0.00000,4.1578e-04
3096,25362432,3.89021,0.00000,4.1560e-04
3097,25370624,4.06071,0.00000,4.1543e-04
3098,25378816,4.01665,0.00000,4.1525e-04
3099,25387008,4.15602,0.00000,4.1507e-04
3100,25395200,3.95231,0.00000,4.1489e-04
3101,25403392,3.97785,0.00000,4.1472e-04
3102,25411584,3.83692,0.00000,4.1454e-04
3103,25419776,3.91040,0.00000,4.1436e-04
3104,25427968,4.05951,0.00000,4.1418e-04
3105,25436160,3.95639,0.00000,4.1401e-04
3106,25444352,4.08287,0.00000,4.1383e-04
3107,25452544,4.00000,0.00000,4.1365e-04
3108,25460736,3.93923,0.00000,4.1348e-04
3109,25468928,3.93561,0.00000,4.1330e-04
3110,25477120,3.82236,0.00000,4.1312e-04
3111,25485312,3.94037,0.00000,4.1294e-04
3112,25493504,3.95377,0.00000,4.1277e-04
3113,25501696,3.81850,0.00000,4.1259e-04
3114,25509888,3.95046,0.00000,4.1241e-04
3115,25518080,4.06410,0.00000,4.1223e-04
3116,25526272,4.07933,0.00000,4.1206e-04
3117,25534464,3.84168,0.00000,4.1188e-04
3118,25542656,4.03480,0.00000,4.1170e-04
3119,25550848,3.91042,0.00000,4.1152e-04
3120,25559040,3.94754,0.00000,4.1135e-04
3121,25567232,3.93020,0.00000,4.1117e-04
3122,25575424,4.09796,0.00000,4.1099e-04
3123,25583616,3.88456,0.00000,4.1082e-04
3124,25591808,3.66309,0.00000,4.1064e-04
3125,25600000,3.85900,0.00000,4.1046e-04
3126,25608192,4.04640,0.00000,4.1028e-04
3127,25616384,3.99968,0.00000,4.1011e-04
3128,25624576,4.03306,0.00000,4.0993e-04
3129,25632768,3.93233,0.00000,4.0975e-04
3130,25640960,3.90207,0.00000,4.0957e-04
3131,25649152,3.97860,0.00000,4.0940e-04
3132,25657344,3.99350,0.00000,4.0922e-04
3133,25665536,3.89842,0.00000,4.0904e-04
3134,25673728,3.97573,0.00000,4.0887e-04
3135,25681920,4.03215,0.00000,4.0869e-04
3136,25690112,3.96168,0.00000,4.0851e-04
3137,25698304,3.82317,0.00000,4.0833e-04
3138,25706496,3.96306,0.00000,4.0816e-04
3139,25714688,3.84790,0.00000,4.0798e-04
3140,25722880,4.01339,0.00000,4.0780e-04
3141,25731072,3.98133,0.00000,4.0763e-04
3142,25739264,3.85738,0.00000,4.0745e-04
3143,25747456,3.94747,0.00000,4.0727e-04
3144,25755648,3.81299,0.00000,4.0709e-04
3145,25763840,3.93771,0.00000,4.0692e-04
3146,25772032,3.93731,0.00000,4.0674e-04
3147,25780224,4.04826,0.00000,4.0656e-04
3148,25788416,3.78697,0.00000,4.0638e-04
3149,25796608,3.95030,0.00000,4.0621e-04
3150,25804800,3.91407,0.00000,4.0603e-04
3151,25812992,3.94745,0.00000,4.0585e-04
3152,25821184,3.77999,0.00000,4.0568e-04
3153,25829376,3.87100,0.00000,4.0550e-04
3154,25837568,3.83445,0.00000,4.0532e-04
3155,25845760,3.94042,0.00000,4.0514e-04
3156,25853952,4.00351,0.00000,4.0497e-04
3157,25862144,4.00215,0.00000,4.0479e-04
3158,25870336,3.94658,0.00000,4.0461e-04
3159,25878528,3.97897,0.00000,4.0443e-04
3160,25886720,3.93091,0.00000,4.0426e-04
3161,25894912,3.83784,0.00000,4.0408e-04
3162,25903104,3.96727,0.00000,4.0390e-04
3163,25911296,3.76221,0.00000,4.0373e-04
3164,25919488,3.82371,0.00000,4.0355e-04
3165,25927680,3.98732,0.00000,4.0337e-04
3166,25935872,3.93810,0.00000,4.0319e-04
3167,25944064,3.80747,0.00000,4.0302e-04
3168,25952256,3.97171,0.00000,4.0284e-04
3169,25960448,3.95012,0.00000,4.0266e-04
3170,25968640,4.02369,0.00000,4.0249e-04
3171,25976832,3.98952,0.00000,4.0231e-04
3172,25985024,3.96838,0.00000,4.0213e-04
3173,25993216,3.94620,0.00000,4.0195e-04
3174,26001408,4.10552,0.00000,4.0178e-04
3175,26009600,3.98900,0.00000,4.0160e-04
3176,26017792,3.99989,0.00000,4.0142e-04
3177,26025984,3.91407,0.00000,4.0125e-04
3178,26034176,3.89174,0.00000,4.0107e-04
3179,26042368,3.86590,0.00000,4.0089e-04
3180,26050560,3.86257,0.00000,4.0071e-04
3181,26058752,3.66258,0.00000,4.0054e-04
3182,26066944,3.82579,0.00000,4.0036e-04
3183,26075136,3.78621,0.00000,4.0018e-04
3184,26083328,3.84519,0.00000,4.0000e-04
3185,26091520,3.79587,0.00000,3.9983e-04
3186,26099712,3.87214,0.00000,3.9965e-04
3187,26107904,3.94242,0.00000,3.9947e-04
3188,26116096,3.85875,0.00000,3.9930e-04
3189,26124288,3.91678,0.00000,3.9912e-04
3190,26132480,3.80868,0.00000,3.9894e-04
3191,26140672,4.03568,0.00000,3.9876e-04
3192,26148864,3.91282,0.00000,3.9859e-04
3193,26157056,3.88663,0.00000,3.9841e-04
3194,26165248,3.83695,0.00000,3.9823e-04
3195,26173440,3.95712,0.00000,3.9806e-04
3196,26181632,3.97363,0.00000,3.9788e-04
3197,26189824,3.88028,0.00000,3.9770e-04
3198,26198016,3.97305,0.00000,3.9753e-04
3199,26206208,3.94822,0.00000,3.9735e-04
3200,26214400,3.88951,0.00000,3.9717e-04
3201,26222592,3.92432,0.00000,3.9699e-04
3202,26230784,3.97082,0.00000,3.9682e-04
3203,26238976,3.98658,0.00000,3.9664e-04
3204,26247168,3.86136,0.00000,3.9646e-04
3205,26255360,4.00478,0.00000,3.9629e-04
3206,26263552,3.98877,0.00000,3.9611e-04
3207,26271744,3.94914,0.00000,3.9593e-04
3208,26279936,3.82564,0.00000,3.9575e-04
3209,26288128,3.85719,0.00000,3.9558e-04
3210,26296320,4.09415,0.00000,3.9540e-04
3211,26304512,3.90735,0.00000,3.9522e-04
3212,26312704,3.93442,0.00000,3.9505e-04
3213,26320896,3.81451,0.00000,3.9487e-04
3214,26329088,3.93153,0.00000,3.9469e-04
3215,26337280,3.87399,0.00000,3.9452e-04
3216,26345472,3.92397,0.00000,3.9434e-04
3217,26353664,3.91545,0.00000,3.9416e-04
3218,26361856,3.88391,0.00000,3.9398e-04
3219,26370048,3.87246,0.00000,3.9381e-04
3220,26378240,3.90365,0.00000,3.9363e-04
3221,26386432,3.95071,0.00000,3.9345e-04
3222,26394624,3.89470,0.00000,3.9328e-04
3223,26402816,4.00756,0.00000,3.9310e-04
3224,26411008,3.90086,0.00000,3.9292e-04
3225,26419200,3.90628,0.00000,3.9275e-04
3226,26427392,3.86237,0.00000,3.9257e-04
3227,26435584,3.82008,0.00000,3.9239e-04
3228,26443776,3.99465,0.00000,3.9221e-04
3229,26451968,3.84730,0.00000,3.9204e-04
3230,26460160,3.92375,0.00000,3.9186e-04
3231,26468352,3.95922,0.00000,3.9168e-04
3232,26476544,3.98488,0.00000,3.9151e-04
3233,26484736,3.90536,0.00000,3.9133e-04
3234,26492928,3.94482,0.00000,3.9115e-04
3235,26501120,3.99081,0.00000,3.9098e-04
3236,26509312,3.73105,0.00000,3.9080e-04
3237,26517504,4.00345,0.00000,3.9062e-04
3238,26525696,3.83381,0.00000,3.9044e-04
3239,26533888,4.04341,0.00000,3.9027e-04
3240,26542080,3.88160,0.00000,3.9009e-04
3241,26550272,3.88287,0.00000,3.8991e-04
3242,26558464,3.99079,0.00000,3.8974e-04
3243,26566656,3.97322,0.00000,3.8956e-04
3244,26574848,3.79673,0.00000,3.8938e-04
3245,26583040,3.85645,0.00000,3.8921e-04
3246,26591232,3.91221,0.00000,3.8903e-04
3247,26599424,3.95356,0.00000,3.8885e-04
3248,26607616,3.99781,0.00000,3.8868e-04
3249,26615808,3.94594,0.00000,3.8850e-04
3250,26624000,3.95382,0.00000,3.8832e-04
3251,26632192,3.93222,0.00000,3.8815e-04
3252,26640384,3.84839,0.00000,3.8797e-04
3253,26648576,3.94917,0.00000,3.8779e-04
3254,26656768,3.85761,0.00000,3.8762e-04
3255,26664960,3.84293,0.00000,3.8744e-04
3256,26673152,3.90077,0.00000,3.8726e-04
3257,26681344,3.88880,0.00000,3.8708e-04
3258,26689536,3.92925,0.00000,3.8691e-04
3259,26697728,3.85400,0.00000,3.8673e-04
3260,26705920,3.81336,0.00000,3.8655e-04
3261,26714112,3.96954,0.00000,3.8638e-04
3262,26722304,3.94520,0.00000,3.8620e-04
3263,26730496,3.94481,0.00000,3.8602e-04
3264,26738688,3.96743,0.00000,3.8585e-04
3265,26746880,3.88013,0.00000,3.8567e-04
3266,26755072,4.04943,0.00000,3.8549e-04
3267,26763264,3.96881,0.00000,3.8532e-04
3268,26771456,3.97712,0.00000,3.8514e-04
3269,26779648,3.95926,0.00000,3.8496e-04
3270,26787840,4.00739,0.00000,3.8479e-04
3271,26796032,4.01063,0.00000,3.8461e-04
3272,26804224,3.86479,0.00000,3.8443e-04
3273,26812416,3.97890,0.00000,3.8426e-04
3274,26820608,4.02864,0.00000,3.8408e-04
3275,26828800,3.78300,0.00000,3.8390e-04
3276,26836992,3.85457,0.00000,3.8373e-04
3277,26845184,3.92769,0.00000,3.8355e-04
3278,26853376,4.04999,0.00000,3.8337e-04
3279,26861568,3.87822,0.00000,3.8320e-04
3280,26869760,3.90945,0.00000,3.8302e-04
3281,26877952,3.89339,0.00000,3.8284e-04
3282,26886144,3.93675,0.00000,3.8267e-04
3283,26894336,3.80793,0.00000,3.8249e-04
3284,26902528,3.91264,0.00000,3.8231e-04
3285,26910720,3.85553,0.00000,3.8214e-04
3286,26918912,3.96142,0.00000,3.8196e-04
3287,26927104,3.94476,0.00000,3.8179e-04
3288,26935296,3.73510,0.00000,3.8161e-04
3289,26943488,4.07838,0.00000,3.8143e-04
3290,26951680,3.92231,0.00000,3.8126e-04
3291,26959872,3.96551,0.00000,3.8108e-04
3292,26968064,4.04169,0.00000,3.8090e-04
3293,26976256,3.81643,0.00000,3.8073e-04
3294,26984448,3.97738,0.00000,3.8055e-04
3295,26992640,4.04436,0.00000,3.8037e-04
3296,27000832,3.87060,0.00000,3.8020e-04
3297,27009024,3.97809,0.00000,3.8002e-04
3298,27017216,3.81036,0.00000,3.7984e-04
3299,27025408,3.68134,0.00000,3.7967e-04
3300,27033600,3.93314,0.00000,3.7949e-04
3301,27041792,3.77290,0.00000,3.7931e-04
3302,27049984,3.84658,0.00000,3.7914e-04
3303,27058176,3.98746,0.00000,3.7896e-04
3304,27066368,3.84542,0.00000,3.7879e-04
3305,27074560,3.78241,0.00000,3.7861e-04
3306,27082752,3.79566,0.00000,3.7843e-04
3307,27090944,3.85586,0.00000,3.7826e-04
3308,27099136,3.87243,0.00000,3.7808e-04
3309,27107328,3.96245,0.00000,3.7790e-04
3310,27115520,3.90267,0.00000,3.7773e-04
3311,27123712,3.96197,0.00000,3.7755e-04
3312,27131904,4.02217,0.00000,3.7737e-04
3313,27140096,3.77660,0.00000,3.7720e-04
3314,27148288,3.90209,0.00000,3.7702e-04
3315,27156480,3.84753,0.00000,3.7685e-04
3316,27164672,3.92169,0.00000,3.7667e-04
3317,27172864,3.84973,0.00000,3.7649e-04
3318,27181056,3.85160,0.00000,3.7632e-04
3319,27189248,3.85086,0.00000,3.7614e-04
3320,27197440,3.91482,0.00000,3.7596e-04
3321,27205632,3.98074,0.00000,3.7579e-04
3322,27213824,3.98961,0.00000,3.7561e-04
3323,27222016,3.81554,0.00000,3.7544e-04
3324,27230208,3.91345,0.00000,3.7526e-04
3325,27238400,3.91442,0.00000,3.7508e-04
3326,27246592,3.90053,0.00000,3.7491e-04
3327,27254784,3.89614,0.00000,3.7473e-04
3328,27262976,3.87246,0.00000,3.7455e-04
3329,27271168,3.77109,0.00000,3.7438e-04
3330,27279360,3.92711,0.00000,3.7420e-04
3331,27287552,3.83234,0.00000,3.7403e-04
3332,27295744,3.87154,0.00000,3.7385e-04
3333,27303936,3.90601,0.00000,3.7367e-04
3334,27312128,3.79162,0.00000,3.7350e-04
3335,27320320,3.90086,0.00000,3.7332e-04
3336,27328512,3.82615,0.00000,3.7315e-04
3337,27336704,3.79036,0.00000,3.7297e-04
3338,27344896,3.86934,0.00000,3.7279e-04
3339,27353088,4.00260,0.00000,3.7262e-04
3340,27361280,3.82830,0.00000,3.7244e-04
3341,27369472,3.88542,0.00000,3.7227e-04
3342,27377664,3.88466,0.00000,3.7209e-04
3343,27385856,3.96360,0.00000,3.7191e-04
3344,27394048,3.97022,0.00000,3.7174e-04
3345,27402240,4.11727,0.00000,3.7156e-04
3346,27410432,3.87633,0.00000,3.7139e-04
3347,27418624,3.89102,0.00000,3.7121e-04
3348,27426816,3.97395,0.00000,3.7103e-04
3349,27435008,3.90873,0.00000,3.7086e-04
3350,27443200,3.97665,0.00000,3.7068e-04
3351,27451392,3.85772,0.00000,3.7051e-04
3352,27459584,3.92272,0.00000,3.7033e-04
3353,27467776,3.82333,0.00000,3.7015e-04
3354,27475968,3.91174,0.00000,3.6998e-04
3355,27484160,3.94518,0.00000,3.6980e-04
3356,27492352,4.01197,0.00000,3.6963e-04
3357,27500544,3.84851,0.00000,3.6945e-04
3358,27508736,3.69008,0.00000,3.6928e-04
3359,27516928,3.85140,0.00000,3.6910e-04
3360,27525120,3.80765,0.00000,3.6892e-04
3361,27533312,4.00997,0.00000,3.6875e-04
3362,27541504,3.87718,0.00000,3.6857e-04
3363,27549696,3.87007,0.00000,3.6840e-04
3364,27557888,3.87896,0.00000,3.6822e-04
3365,27566080,3.87484,0.00000,3.6804e-04
3366,27574272,3.74149,0.00000,3.6787e-04
3367,27582464,3.85628,0.00000,3.6769e-04
3368,27590656,3.94061,0.00000,3.6752e-04
3369,27598848,3.85993,0.00000,3.6734e-04
3370,27607040,3.78271,0.00000,3.6717e-04
3371,27615232,3.98771,0.00000,3.6699e-04
3372,27623424,3.97064,0.00000,3.6681e-04
3373,27631616,3.87163,0.00000,3.6664e-04
3374,27639808,3.92679,0.00000,3.6646e-04
3375,27648000,3.92010,0.00000,3.6629e-04
3376,27656192,3.88836,0.00000,3.6611e-04
3377,27664384,3.91481,0.00000,3.6594e-04
3378,27672576,3.80536,0.00000,3.6576e-04
3379,27680768,3.92317,0.00000,3.6559e-04
3380,27688960,3.89484,0.00000,3.6541e-04
3381,27697152,3.99549,0.00000,3.6523e-04
3382,27705344,3.96093,0.00000,3.6506e-04
3383,27713536,3.81634,0.00000,3.6488e-04
3384,27721728,3.88072,0.00000,3.6471e-04
3385,27729920,3.69327,0.00000,3.6453e-04
3386,27738112,3.86532,0.00000,3.6436e-04
3387,27746304,3.92646,0.00000,3.6418e-04
3388,27754496,3.94768,0.00000,3.6401e-04
3389,27762688,4.12616,0.00000,3.6383e-04
3390,27770880,3.95636,0.00000,3.6366e-04
3391,27779072,4.07038,0.00000,3.6348e-04
3392,27787264,4.14533,0.00000,3.6330e-04
3393,27795456,3.89626,0.00000,3.6313e-04
3394,27803648,3.90905,0.00000,3.6295e-04
3395,27811840,3.84233,0.00000,3.6278e-04
3396,27820032,4.01658,0.00000,3.6260e-04
3397,27828224,3.77160,0.00000,3.6243e-04
3398,27836416,3.73011,0.00000,3.6225e-04
3399,27844608,3.86243,0.00000,3.6208e-04
3400,27852800,3.95092,0.00000,3.6190e-04
3401,27860992,3.95250,0.00000,3.6173e-04
3402,27869184,3.94524,0.00000,3.6155e-04
3403,27877376,3.88375,0.00000,3.6138e-04
3404,27885568,3.93365,0.00000,3.6120e-04
3405,27893760,3.90137,0.00000,3.6103e-04
3406,27901952,3.84346,0.00000,3.6085e-04
3407,27910144,3.93214,0.00000,3.6068e-04
3408,27918336,3.92283,0.00000,3.6050e-04
3409,27926528,4.00103,0.00000,3.6033e-04
3410,27934720,3.92479,0.00000,3.6015e-04
3411,27942912,3.83880,0.00000,3.5997e-04
3412,27951104,3.94634,0.00000,3.5980e-04
3413,27959296,3.96743,0.00000,3.5962e-04
3414,27967488,3.96715,0.00000,3.5945e-04
3415,27975680,3.94125,0.00000,3.5927e-04
3416,27983872,3.88276,0.00000,3.5910e-04
3417,27992064,4.00651,0.00000,3.5892e-04
3418,28000256,4.08285,0.00000,3.5875e-04
3419,28008448,3.78808,0.00000,3.5857e-04
3420,28016640,3.92442,0.00000,3.5840e-04
3421,28024832,3.79235,0.00000,3.5822e-04
3422,28033024,3.88781,0.00000,3.5805e-04
3423,28041216,3.85292,0.00000,3.5787e-04
3424,28049408,3.85756,0.00000,3.5770e-04
3425,28057600,3.93257,0.00000,3.5752e-04
3426,28065792,3.76902,0.00000,3.5735e-04
3427,28073984,3.83430,0.00000,3.5717e-04
3428,28082176,3.81575,0.00000,3.5700e-04
3429,28090368,4.02748,0.00000,3.5683e-04
3430,28098560,3.91682,0.00000,3.5665e-04
3431,28106752,3.87569,0.00000,3.5648e-04
3432,28114944,3.86307,0.00000,3.5630e-04
3433,28123136,3.87830,0.00000,3.5613e-04
3434,28131328,3.85097,0.00000,3.5595e-04
3435,28139520,4.03760,0.00000,3.5578e-04
3436,28147712,4.01575,0.00000,3.5560e-04
3437,28155904,3.84960,0.00000,3.5543e-04
3438,28164096,3.86826,0.00000,3.5525e-04
3439,28172288,3.92809,0.00000,3.5508e-04
3440,28180480,3.88075,0.00000,3.5490e-04
3441,28188672,3.97703,0.00000,3.5473e-04
3442,28196864,3.92356,0.00000,3.5455e-04
3443,28205056,3.81235,0.00000,3.5438e-04
3444,28213248,3.86767,0.00000,3.5420e-04
3445,28221440,3.85823,0.00000,3.5403e-04
3446,28229632,3.84214,0.00000,3.5385e-04
3447,28237824,3.73446,0.00000,3.5368e-04
3448,28246016,3.90439,0.00000,3.5351e-04
3449,28254208,3.90751,0.00000,3.5333e-04
3450,28262400,3.96750,0.00000,3.5316e-04
3451,28270592,3.86966,0.00000,3.5298e-04
3452,28278784,3.87018,0.00000,3.5281e-04
3453,28286976,3.89070,0.00000,3.5263e-04
3454,28295168,3.73233,0.00000,3.5246e-04
3455,28303360,3.90369,0.00000,3.5228e-04
3456,28311552,3.87633,0.00000,3.5211e-04
3457,28319744,3.88088,0.00000,3.5194e-04
3458,28327936,3.87379,0.00000,3.5176e-04
3459,28336128,3.83140,0.00000,3.5159e-04
3460,28344320,3.94160,0.00000,3.5141e-04
3461,28352512,3.89035,0.00000,3.5124e-04
3462,28360704,3.79522,0.00000,3.5106e-04
3463,28368896,3.93430,0.00000,3.5089e-04
3464,28377088,3.95966,0.00000,3.5072e-04
3465,28385280,3.96261,0.00000,3.5054e-04
3466,28393472,3.95726,0.00000,3.5037e-04
3467,28401664,3.87928,0.00000,3.5019e-04
3468,28409856,3.85374,0.00000,3.5002e-04
3469,28418048,3.86134,0.00000,3.4984e-04
3470,28426240,4.04349,0.00000,3.4967e-04
3471,28434432,3.85485,0.00000,3.4950e-04
3472,28442624,3.92834,0.00000,3.4932e-04
3473,28450816,3.71309,0.00000,3.4915e-04
3474,28459008,3.92103,0.00000,3.4897e-04
3475,28467200,3.84546,0.00000,3.4880e-04
3476,28475392,3.80544,0.00000,3.4863e-04
3477,28483584,3.94940,0.00000,3.4845e-04
3478,28491776,3.90634,0.00000,3.4828e-04
3479,28499968,3.89674,0.00000,3.4810e-04
3480,28508160,3.99425,0.00000,3.4793e-04
3481,28516352,3.87028,0.00000,3.4775e-04
3482,28524544,3.79089,0.00000,3.4758e-04
3483,28532736,3.83446,0.00000,3.4741e-04
3484,28540928,3.83457,0.00000,3.4723e-04
3485,28549120,3.90975,0.00000,3.4706e-04
3486,28557312,3.84836,0.00000,3.4689e-04
3487,28565504,3.85743,0.00000,3.4671e-04
3488,28573696,3.86272,0.00000,3.4654e-04
3489,28581888,3.87028,0.00000,3.4636e-04
3490,28590080,3.78562,0.00000,3.4619e-04
3491,28598272,3.88995,0.00000,3.4602e-04
3492,28606464,3.90699,0.00000,3.4584e-04
3493,28614656,3.90965,0.00000,3.4567e-04
3494,28622848,3.85979,0.00000,3.4549e-04
3495,28631040,3.81529,0.00000,3.4532e-04
3496,28639232,3.66746,0.00000,3.4515e-04
3497,28647424,3.92342,0.00000,3.4497e-04
3498,28655616,3.96267,0.00000,3.4480e-04
3499,28663808,3.73779,0.00000,3.4463e-04
3500,28672000,3.95452,0.00000,3.4445e-04
3501,28680192,3.85165,0.00000,3.4428e-04
3502,28688384,3.86868,0.00000,3.4411e-04
3503,28696576,3.82082,0.00000,3.4393e-04
3504,28704768,4.00723,0.00000,3.4376e-04
3505,28712960,3.76796,0.00000,3.4358e-04
3506,28721152,3.90389,0.00000,3.4341e-04
3507,28729344,4.00474,0.00000,3.4324e-04
3508,28737536,3.90417,0.00000,3.4306e-04
3509,28745728,3.97252,0.00000,3.4289e-04
3510,28753920,3.98194,0.00000,3.4272e-04
3511,28762112,4.12133,0.00000,3.4254e-04
3512,28770304,4.04586,0.00000,3.4237e-04
3513,28778496,3.87509,0.00000,3.4220e-04
3514,28786688,3.78665,0.00000,3.4202e-04
3515,28794880,3.84016,0.00000,3.4185e-04
3516,28803072,3.87408,0.00000,3.4168e-04
3517,28811264,3.82879,0.00000,3.4150e-04
3518,28819456,3.73887,0.00000,3.4133e-04
3519,28827648,3.87723,0.00000,3.4116e-04
3520,28835840,3.87117,0.00000,3.4098e-04
3521,28844032,3.97148,0.00000,3.4081e-04
3522,28852224,3.80369,0.00000,3.4064e-04
3523,28860416,3.79217,0.00000,3.4046e-04
3524,28868608,3.84600,0.00000,3.4029e-04
3525,28876800,3.78695,0.00000,3.4012e-04
3526,28884992,3.77988,0.00000,3.3994e-04
3527,28893184,3.85071,0.00000,3.3977e-04
3528,28901376,3.87231,0.00000,3.3960e-04
3529,28909568,4.00166,0.00000,3.3943e-04
3530,28917760,3.76126,0.00000,3.3925e-04
3531,28925952,3.68130,0.00000,3.3908e-04
3532,28934144,3.84946,0.00000,3.3891e-04
3533,28942336,3.86082,0.00000,3.3873e-04
3534,28950528,3.91146,0.00000,3.3856e-04
3535,28958720,3.85069,0.00000,3.3839e-04
3536,28966912,3.84491,0.00000,3.3821e-04
3537,28975104,3.79549,0.00000,3.3804e-04
3538,28983296,3.71543,0.00000,3.3787e-04
3539,28991488,3.86220,0.00000,3.3770e-04
3540,28999680,4.02134,0.00000,3.3752e-04
3541,29007872,3.95150,0.00000,3.3735e-04
3542,29016064,3.77161,0.00000,3.3718e-04
3543,29024256,4.06545,0.00000,3.3700e-04
3544,29032448,4.04307,0.00000,3.3683e-04
3545,29040640,3.84234,0.00000,3.3666e-04
3546,29048832,3.83114,0.00000,3.3649e-04
3547,29057024,3.90063,0.00000,3.3631e-04
3548,29065216,3.96491,0.00000,3.3614e-04
3549,29073408,3.95938,0.00000,3.3597e-04
3550,29081600,3.99940,0.00000,3.3580e-04
3551,29089792,3.82297,0.00000,3.3562e-04
3552,29097984,3.85289,0.00000,3.3545e-04
3553,29106176,3.80017,0.00000,3.3528e-04
3554,29114368,3.76611,0.00000,3.3510e-04
3555,29122560,3.71145,0.00000,3.3493e-04
3556,29130752,3.76207,0.00000,3.3476e-04
3557,29138944,3.85819,0.00000,3.3459e-04
3558,29147136,3.88472,0.00000,3.3441e-04
3559,29155328,3.84611,0.00000,3.3424e-04
3560,29163520,3.83944,0.00000,3.3407e-04
3561,29171712,3.84680,0.00000,3.3390e-04
3562,29179904,3.81240,0.00000,3.3373e-04
3563,29188096,3.95560,0.00000,3.3355e-04
3564,29196288,3.86703,0.00000,3.3338e-04
3565,29204480,3.80188,0.00000,3.3321e-04
3566,29212672,3.75603,0.00000,3.3304e-04
3567,29220864,3.88567,0.00000,3.3286e-04
3568,29229056,3.90279,0.00000,3.3269e-04
3569,29237248,3.93126,0.00000,3.3252e-04
3570,29245440,3.93532,0.00000,3.3235e-04
3571,29253632,3.96737,0.00000,3.3217e-04
3572,29261824,3.85122,0.00000,3.3200e-04
3573,29270016,3.83900,0.00000,3.3183e-04
3574,29278208,3.86142,0.00000,3.3166e-04
3575,29286400,3.81467,0.00000,3.3149e-04
3576,29294592,3.98682,0.00000,3.3131e-04
3577,29302784,3.97090,0.00000,3.3114e-04
3578,29310976,3.86153,0.00000,3.3097e-04
3579,29319168,4.05681,0.00000,3.3080e-04
3580,29327360,3.89064,0.00000,3.3063e-04
3581,29335552,3.75490,0.00000,3.3045e-04
3582,29343744,3.91338,0.00000,3.3028e-04
3583,29351936,3.99674,0.00000,3.3011e-04
3584,29360128,3.87814,0.00000,3.2994e-04
3585,29368320,3.85961,0.00000,3.2977e-04
3586,29376512,3.79384,0.00000,3.2959e-04
3587,29384704,3.95213,0.00000,3.2942e-04
3588,29392896,3.83539,0.00000,3.2925e-04
3589,29401088,3.80809,0.00000,3.2908e-04
3590,29409280,4.03572,0.00000,3.2891e-04
3591,29417472,3.77628,0.00000,3.2874e-04
3592,29425664,3.84073,0.00000,3.2856e-04
3593,29433856,3.89518,0.00000,3.2839e-04
3594,29442048,3.88403,0.00000,3.2822e-04
3595,29450240,3.88803,0.00000,3.2805e-04
3596,29458432,3.77010,0.00000,3.2788e-04
3597,29466624,3.83806,0.00000,3.2771e-04
3598,29474816,3.98236,0.00000,3.2753e-04
3599,29483008,3.87974,0.00000,3.2736e-04
3600,29491200,3.96105,0.00000,3.2719e-04
3601,29499392,3.83884,0.00000,3.2702e-04
3602,29507584,3.78523,0.00000,3.2685e-04
3603,29515776,3.95934,0.00000,3.2668e-04
3604,29523968,3.90210,0.00000,3.2650e-04
3605,29532160,3.88384,0.00000,3.2633e-04
3606,29540352,3.96474,0.00000,3.2616e-04
3607,29548544,3.97042,0.00000,3.2599e-04
3608,29556736,3.88698,0.00000,3.2582e-04
3609,29564928,3.87174,0.00000,3.2565e-04
3610,29573120,3.80877,0.00000,3.2548e-04
3611,29581312,3.87166,0.00000,3.2531e-04
3612,29589504,3.98697,0.00000,3.2513e-04
3613,29597696,3.86769,0.00000,3.2496e-04
3614,29605888,3.90704,0.00000,3.2479e-04
3615,29614080,3.86541,0.00000,3.2462e-04
3616,29622272,3.82746,0.00000,3.2445e-04
3617,29630464,3.91356,0.00000,3.2428e-04
3618,29638656,3.86404,0.00000,3.2411e-04
3619,29646848,3.68491,0.00000,3.2394e-04
3620,29655040,3.82325,0.00000,3.2377e-04
3621,29663232,3.85980,0.00000,3.2359e-04
3622,29671424,3.80385,0.00000,3.2342e-04
3623,29679616,3.65572,0.00000,3.2325e-04
3624,29687808,3.91341,0.00000,3.2308e-04
3625,29696000,3.75527,0.00000,3.2291e-04
3626,29704192,3.84099,0.00000,3.2274e-04
3627,29712384,3.89234,0.00000,3.2257e-04
3628,29720576,3.80325,0.00000,3.2240e-04
3629,29728768,3.85553,0.00000,3.2223e-04
3630,29736960,3.80447,0.00000,3.2206e-04
3631,29745152,3.89034,0.00000,3.2189e-04
3632,29753344,3.86888,0.00000,3.2171e-04
3633,29761536,3.80910,0.00000,3.2154e-04
3634,29769728,3.81823,0.00000,3.2137e-04
3635,29777920,3.72657,0.00000,3.2120e-04
3636,29786112,3.86205,0.00000,3.2103e-04
3637,29794304,3.85606,0.00000,3.2086e-04
3638,29802496,3.80360,0.00000,3.2069e-04
3639,29810688,3.83284,0.00000,3.2052e-04
3640,29818880,3.69771,0.00000,3.2035e-04
3641,29827072,3.89762,0.00000,3.2018e-04
3642,29835264,3.85735,0.00000,3.2001e-04
3643,29843456,3.90715,0.00000,3.1984e-04
3644,29851648,3.96245,0.00000,3.1967e-04
3645,29859840,3.87852,0.00000,3.1950e-04
3646,29868032,3.65100,0.00000,3.1933e-04
3647,29876224,3.80900,0.00000,3.1916e-04
3648,29884416,3.64713,0.00000,3.1899e-04
3649,29892608,3.94681,0.00000,3.1882e-04
3650,29900800,3.88115,0.00000,3.1865e-04
3651,29908992,3.89574,0.00000,3.1847e-04
3652,29917184,3.73555,0.00000,3.1830e-04
3653,29925376,4.03033,0.00000,3.1813e-04
3654,29933568,3.96956,0.00000,3.1796e-04
3655,29941760,3.79165,0.00000,3.1779e-04
3656,29949952,3.95933,0.00000,3.1762e-04
3657,29958144,3.86520,0.00000,3.1745e-04
3658,29966336,3.78339,0.00000,3.1728e-04
3659,29974528,3.87416,0.00000,3.1711e-04
3660,29982720,3.76551,0.00000,3.1694e-04
3661,29990912,3.84229,0.00000,3.1677e-04
3662,29999104,3.90734,0.00000,3.1660e-04
3663,30007296,3.90400,0.00000,3.1643e-04
3664,30015488,3.78257,0.00000,3.1626e-04
3665,30023680,3.83928,0.00000,3.1609e-04
3666,30031872,3.84970,0.00000,3.1592e-04
3667,30040064,3.85588,0.00000,3.1575e-04
3668,30048256,3.89806,0.00000,3.1558e-04
3669,30056448,3.78569,0.00000,3.1541e-04
3670,30064640,3.86702,0.00000,3.1524e-04
3671,30072832,3.75078,0.00000,3.1508e-04
3672,30081024,3.67439,0.00000,3.1491e-04
3673,30089216,3.84292,0.00000,3.1474e-04
3674,30097408,3.84646,0.00000,3.1457e-04
3675,30105600,3.86879,0.00000,3.1440e-04
3676,30113792,3.86387,0.00000,3.1423e-04
3677,30121984,3.84254,0.00000,3.1406e-04
3678,30130176,3.89117,0.00000,3.1389e-04
3679,30138368,3.85826,0.00000,3.1372e-04
3680,30146560,3.93628,0.00000,3.1355e-04
3681,30154752,3.73408,0.00000,3.1338e-04
3682,30162944,4.01942,0.00000,3.1321e-04
3683,30171136,3.82188,0.00000,3.1304e-04
3684,30179328,3.91996,0.00000,3.1287e-04
3685,30187520,3.79988,0.00000,3.1270e-04
3686,30195712,3.93453,0.00000,3.1253e-04
3687,30203904,3.90040,0.00000,3.1236e-04
3688,30212096,3.90658,0.00000,3.1219e-04
3689,30220288,3.87202,0.00000,3.1202e-04
3690,30228480,3.87520,0.00000,3.1186e-04
3691,30236672,3.85757,0.00000,3.1169e-04
3692,30244864,3.68580,0.00000,3.1152e-04
3693,30253056,3.79824,0.00000,3.1135e-04
3694,30261248,3.92951,0.00000,3.1118e-04
3695,30269440,3.80138,0.00000,3.1101e-04
3696,30277632,3.83879,0.00000,3.1084e-04
3697,30285824,3.86153,0.00000,3.1067e-04
3698,30294016,3.81874,0.00000,3.1050e-04
3699,30302208,3.74153,0.00000,3.1033e-04
3700,30310400,3.82899,0.00000,3.1016e-04
3701,30318592,3.88139,0.00000,3.1000e-04
3702,30326784,3.83780,0.00000,3.0983e-04
3703,30334976,3.78728,0.00000,3.0966e-04
3704,30343168,3.75629,0.00000,3.0949e-04
3705,30351360,3.77413,0.00000,3.0932e-04
3706,30359552,3.79894,0.00000,3.0915e-04
3707,30367744,3.78722,0.00000,3.0898e-04
3708,30375936,3.75360,0.00000,3.0881e-04
3709,30384128,3.86893,0.00000,3.0865e-04
3710,30392320,3.88868,0.00000,3.0848e-04
3711,30400512,3.83163,0.00000,3.0831e-04
3712,30408704,3.92008,0.00000,3.0814e-04
3713,30416896,3.89538,0.00000,3.0797e-04
3714,30425088,3.80692,0.00000,3.0780e-04
3715,30433280,3.96457,0.00000,3.0763e-04
3716,30441472,3.94052,0.00000,3.0747e-04
3717,30449664,3.92840,0.00000,3.0730e-04
3718,30457856,3.76002,0.00000,3.0713e-04
3719,30466048,3.98602,0.00000,3.0696e-04
3720,30474240,3.67948,0.00000,3.0679e-04
3721,30482432,3.81309,0.00000,3.0662e-04
3722,30490624,3.94534,0.00000,3.0645e-04
3723,30498816,3.84069,0.00000,3.0629e-04
3724,30507008,3.73103,0.00000,3.0612e-04
3725,30515200,3.82478,0.00000,3.0595e-04
3726,30523392,3.98593,0.00000,3.0578e-04
3727,30531584,3.81099,0.00000,3.0561e-04
3728,30539776,3.90953,0.00000,3.0545e-04
3729,30547968,3.85732,0.00000,3.0528e-04
3730,30556160,3.95923,0.00000,3.0511e-04
3731,30564352,3.72923,0.00000,3.0494e-04
3732,30572544,3.92926,0.00000,3.0477e-04
3733,30580736,3.76027,0.00000,3.0461e-04
3734,30588928,3.90899,0.00000,3.0444e-04
3735,30597120,3.84321,0.00000,3.0427e-04
3736,30605312,3.93901,0.00000,3.0410e-04
3737,30613504,3.91972,0.00000,3.0393e-04
3738,30621696,3.85932,0.00000,3.0377e-04
3739,30629888,3.87303,0.00000,3.0360e-04
3740,30638080,3.75598,0.00000,3.0343e-04
3741,30646272,3.93183,0.00000,3.0326e-04
3742,30654464,3.80758,0.00000,3.0309e-04
3743,30662656,3.92412,0.00000,3.0293e-04
3744,30670848,4.03129,0.00000,3.0276e-04
3745,30679040,3.81178,0.00000,3.0259e-04
3746,30687232,3.85629,0.00000,3.0242e-04
3747,30695424,3.80170,0.00000,3.0226e-04
3748,30703616,3.72504,0.00000,3.0209e-04
3749,30711808,3.71490,0.00000,3.0192e-04
3750,30720000,3.69291,0.00000,3.0175e-04
3751,30728192,3.98103,0.00000,3.0159e-04
3752,30736384,3.89508,0.00000,3.0142e-04
3753,30744576,3.89036,0.00000,3.0125e-04
3754,30752768,3.59494,0.00000,3.0108e-04
3755,30760960,3.86927,0.00000,3.0092e-04
3756,30769152,3.84785,0.00000,3.0075e-04
3757,30777344,3.92773,0.00000,3.0058e-04
3758,30785536,3.83966,0.00000,3.0042e-04
3759,30793728,3.90140,0.00000,3.0025e-04
3760,30801920,3.89584,0.00000,3.0008e-04
3761,30810112,3.81543,0.00000,2.9991e-04
3762,30818304,3.86967,0.00000,2.9975e-04
3763,30826496,3.93751,0.00000,2.9958e-04
3764,30834688,3.89224,0.00000,2.9941e-04
3765,30842880,3.86926,0.00000,2.9925e-04
3766,30851072,3.92505,0.00000,2.9908e-04
3767,30859264,3.75855,0.00000,2.9891e-04
3768,30867456,3.92594,0.00000,2.9874e-04
3769,30875648,3.88810,0.00000,2.9858e-04
3770,30883840,3.90621,0.00000,2.9841e-04
3771,30892032,3.79699,0.00000,2.9824e-04
3772,30900224,3.81224,0.00000,2.9808e-04
3773,30908416,3.84152,0.00000,2.9791e-04
3774,30916608,4.02482,0.00000,2.9774e-04
3775,30924800,3.89166,0.00000,2.9758e-04
3776,30932992,3.89353,0.00000,2.9741e-04
3777,30941184,3.91407,0.00000,2.9724e-04
3778,30949376,3.71138,0.00000,2.9708e-04
3779,30957568,3.77597,0.00000,2.9691e-04
3780,30965760,3.97084,0.00000,2.9674e-04
3781,30973952,3.84940,0.00000,2.9658e-04
3782,30982144,3.95445,0.00000,2.9641e-04
3783,30990336,3.84883,0.00000,2.9624e-04
3784,30998528,3.75889,0.00000,2.9608e-04
3785,31006720,3.82730,0.00000,2.9591e-04
3786,31014912,3.74550,0.00000,2.9575e-04
3787,31023104,3.82794,0.00000,2.9558e-04
3788,31031296,3.95557,0.00000,2.9541e-04
3789,31039488,3.85789,0.00000,2.9525e-04
3790,31047680,3.74806,0.00000,2.9508e-04
3791,31055872,3.72309,0.00000,2.9491e-04
3792,31064064,3.95132,0.00000,2.9475e-04
3793,31072256,4.00553,0.00000,2.9458e-04
3794,31080448,3.95098,0.00000,2.9442e-04
3795,31088640,3.85640,0.00000,2.9425e-04
3796,31096832,3.99898,0.00000,2.9408e-04
3797,31105024,3.80725,0.00000,2.9392e-04
3798,31113216,3.91463,0.00000,2.9375e-04
3799,31121408,3.81393,0.00000,2.9359e-04
3800,31129600,3.91659,0.00000,2.9342e-04
3801,31137792,3.75140,0.00000,2.9325e-04
3802,31145984,3.83700,0.00000,2.9309e-04
3803,31154176,3.67404,0.00000,2.9292e-04
3804,31162368,3.76999,0.00000,2.9276e-04
3805,31170560,3.76708,0.00000,2.9259e-04
3806,31178752,3.92799,0.00000,2.9243e-04
3807,31186944,3.86954,0.00000,2.9226e-04
3808,31195136,3.80951,0.00000,2.9209e-04
3809,31203328,3.87453,0.00000,2.9193e-04
3810,31211520,3.83461,0.00000,2.9176e-04
3811,31219712,3.88507,0.00000,2.9160e-04
3812,31227904,3.95785,0.00000,2.9143e-04
3813,31236096,3.82173,0.00000,2.9127e-04
3814,31244288,3.71995,0.00000,2.9110e-04
3815,31252480,3.82586,0.00000,2.9094e-04
3816,31260672,3.70424,0.00000,2.9077e-04
3817,31268864,3.76883,0.00000,2.9061e-04
3818,31277056,3.90829,0.00000,2.9044e-04
3819,31285248,3.78934,0.00000,2.9027e-04
3820,31293440,3.89919,0.00000,2.9011e-04
3821,31301632,3.76828,0.00000,2.8994e-04
3822,31309824,3.85562,0.00000,2.8978e-04
3823,31318016,3.69581,0.00000,2.8961e-04
3824,31326208,3.77753,0.00000,2.8945e-04
3825,31334400,3.74663,0.00000,2.8928e-04
3826,31342592,3.84657,0.00000,2.8912e-04
3827,31350784,3.82907,0.00000,2.8895e-04
3828,31358976,3.84292,0.00000,2.8879e-04
3829,31367168,3.92223,0.00000,2.8862e-04
3830,31375360,3.77024,0.00000,2.8846e-04
3831,31383552,3.84835,0.00000,2.8829e-04
3832,31391744,3.69923,0.00000,2.8813e-04
3833,31399936,3.74428,0.00000,2.8796e-04
3834,31408128,3.77435,0.00000,2.8780e-04
3835,31416320,3.74055,0.00000,2.8764e-04
3836,31424512,3.64391,0.00000,2.8747e-04
3837,31432704,3.54342,0.00000,2.8731e-04
3838,31440896,3.74794,0.00000,2.8714e-04
3839,31449088,3.90308,0.00000,2.8698e-04
3840,31457280,3.93854,0.00000,2.8681e-04
3841,31465472,3.78931,0.00000,2.8665e-04
3842,31473664,3.65083,0.00000,2.8648e-04
3843,31481856,3.86076,0.00000,2.8632e-04
3844,31490048,3.88254,0.00000,2.8615e-04
3845,31498240,3.94831,0.00000,2.8599e-04
3846,31506432,3.92643,0.00000,2.8583e-04
3847,31514624,3.86568,0.00000,2.8566e-04
3848,31522816,3.80038,0.00000,2.8550e-04
3849,31531008,3.87874,0.00000,2.8533e-04
3850,31539200,3.94412,0.00000,2.8517e-04
3851,31547392,3.79622,0.00000,2.8500e-04
3852,31555584,3.70583,0.00000,2.8484e-04
3853,31563776,3.81582,0.00000,2.8468e-04
3854,31571968,3.91578,0.00000,2.8451e-04
3855,31580160,3.87010,0.00000,2.8435e-04
3856,31588352,3.70900,0.00000,2.8418e-04
3857,31596544,3.79990,0.00000,2.8402e-04
3858,31604736,3.84265,0.00000,2.8386e-04
3859,31612928,3.85082,0.00000,2.8369e-04
3860,31621120,3.88124,0.00000,2.8353e-04
3861,31629312,3.75343,0.00000,2.8336e-04
3862,31637504,3.75129,0.00000,2.8320e-04
3863,31645696,3.99136,0.00000,2.8304e-04
3864,31653888,3.82238,0.00000,2.8287e-04
3865,31662080,3.85292,0.00000,2.8271e-04
3866,31670272,3.86280,0.00000,2.8255e-04
3867,31678464,3.83197,0.00000,2.8238e-04
3868,31686656,3.84991,0.00000,2.8222e-04
3869,31694848,3.70099,0.00000,2.8206e-04
3870,31703040,3.74335,0.00000,2.8189e-04
3871,31711232,3.97931,0.00000,2.8173e-04
3872,31719424,3.91458,0.00000,2.8157e-04
3873,31727616,3.72681,0.00000,2.8140e-04
3874,31735808,3.89521,0.00000,2.8124e-04
3875,31744000,3.86974,0.00000,2.8108e-04
3876,31752192,3.85145,0.00000,2.8091e-04
3877,31760384,3.75634,0.00000,2.8075e-04
3878,31768576,3.86791,0.00000,2.8059e-04
3879,31776768,3.84271,0.00000,2.8042e-04
3880,31784960,3.73194,0.00000,2.8026e-04
3881,31793152,3.76482,0.00000,2.8010e-04
3882,31801344,3.88498,0.00000,2.7993e-04
3883,31809536,3.67938,0.00000,2.7977e-04
3884,31817728,3.78183,0.00000,2.7961e-04
3885,31825920,3.85311,0.00000,2.7944e-04
3886,31834112,3.66156,0.00000,2.7928e-04
3887,31842304,3.76700,0.00000,2.7912e-04
3888,31850496,3.77103,0.00000,2.7896e-04
3889,31858688,3.71454,0.00000,2.7879e-04
3890,31866880,3.80206,0.00000,2.7863e-04
3891,31875072,3.80137,0.00000,2.7847e-04
3892,31883264,3.85911,0.00000,2.7830e-04
3893,31891456,3.84469,0.00000,2.7814e-04
3894,31899648,3.73210,0.00000,2.7798e-04
3895,31907840,3.78893,0.00000,2.7782e-04
3896,31916032,4.04002,0.00000,2.7765e-04
3897,31924224,3.81053,0.00000,2.7749e-04
3898,31932416,3.90051,0.00000,2.7733e-04
3899,31940608,3.80239,0.00000,2.7717e-04
3900,31948800,3.75161,0.00000,2.7700e-04
3901,31956992,3.93603,0.00000,2.7684e-04
3902,31965184,3.84581,0.00000,2.7668e-04
3903,31973376,3.81575,0.00000,2.7652e-04
3904,31981568,3.82102,0.00000,2.7636e-04
3905,31989760,3.71223,0.00000,2.7619e-04
3906,31997952,3.92551,0.00000,2.7603e-04
3907,32006144,3.75960,0.00000,2.7587e-04
3908,32014336,3.80323,0.00000,2.7571e-04
3909,32022528,3.64092,0.00000,2.7554e-04
3910,32030720,3.85338,0.00000,2.7538e-04
3911,32038912,3.90370,0.00000,2.7522e-04
3912,32047104,3.75104,0.00000,2.7506e-04
3913,32055296,3.80811,0.00000,2.7490e-04
3914,32063488,3.79748,0.00000,2.7474e-04
3915,32071680,3.69969,0.00000,2.7457e-04
3916,32079872,3.74798,0.00000,2.7441e-04
3917,32088064,3.86240,0.00000,2.7425e-04
3918,32096256,3.94275,0.00000,2.7409e-04
3919,32104448,3.85343,0.00000,2.7393e-04
3920,32112640,3.81974,0.00000,2.7376e-04
3921,32120832,3.73052,0.00000,2.7360e-04
3922,32129024,3.78108,0.00000,2.7344e-04
3923,32137216,3.87072,0.00000,2.7328e-04
3924,32145408,3.61744,0.00000,2.7312e-04
3925,32153600,3.88607,0.00000,2.7296e-04
3926,32161792,3.85079,0.00000,2.7280e-04
3927,32169984,3.91778,0.00000,2.7263e-04
3928,32178176,3.70809,0.00000,2.7247e-04
3929,32186368,3.63909,0.00000,2.7231e-04
3930,32194560,3.79367,0.00000,2.7215e-04
3931,32202752,3.94994,0.00000,2.7199e-04
3932,32210944,3.78540,0.00000,2.7183e-04
3933,32219136,3.76219,0.00000,2.7167e-04
3934,32227328,3.84227,0.00000,2.7151e-04
3935,32235520,3.78146,0.00000,2.7135e-04
3936,32243712,3.92065,0.00000,2.7118e-04
3937,32251904,3.91812,0.00000,2.7102e-04
3938,32260096,3.87866,0.00000,2.7086e-04
3939,32268288,3.64473,0.00000,2.7070e-04
3940,32276480,3.68158,0.00000,2.7054e-04
3941,32284672,3.80832,0.00000,2.7038e-04
3942,32292864,3.77769,0.00000,2.7022e-04
3943,32301056,3.76289,0.00000,2.7006e-04
3944,32309248,3.64612,0.00000,2.6990e-04
3945,32317440,3.81215,0.00000,2.6974e-04
3946,32325632,3.80836,0.00000,2.6958e-04
3947,32333824,3.71781,0.00000,2.6942e-04
3948,32342016,3.87052,0.00000,2.6926e-04
3949,32350208,3.97612,0.00000,2.6909e-04
3950,32358400,3.98143,0.00000,2.6893e-04
3951,32366592,3.80679,0.00000,2.6877e-04
3952,32374784,3.73561,0.00000,2.6861e-04
3953,32382976,3.88322,0.00000,2.6845e-04
3954,32391168,3.79667,0.00000,2.6829e-04
3955,32399360,3.76872,0.00000,2.6813e-04
3956,32407552,3.80075,0.00000,2.6797e-04
3957,32415744,3.81859,0.00000,2.6781e-04
3958,32423936,3.79449,0.00000,2.6765e-04
3959,32432128,3.75947,0.00000,2.6749e-04
3960,32440320,3.88575,0.00000,2.6733e-04
3961,32448512,3.87924,0.00000,2.6717e-04
3962,32456704,3.66219,0.00000,2.6701e-04
3963,32464896,3.84424,0.00000,2.6685e-04
3964,32473088,3.77906,0.00000,2.6669e-04
3965,32481280,3.86674,0.00000,2.6653e-04
3966,32489472,3.83546,0.00000,2.6637e-04
3967,32497664,3.78992,0.00000,2.6621e-04
3968,32505856,3.61949,0.00000,2.6605e-04
3969,32514048,3.88143,0.00000,2.6589e-04
3970,32522240,3.80236,0.00000,2.6573e-04
3971,32530432,3.96716,0.00000,2.6557e-04
3972,32538624,3.76008,0.00000,2.6541e-04
3973,32546816,3.94502,0.00000,2.6525e-04
3974,32555008,3.81155,0.00000,2.6510e-04
3975,32563200,3.79550,0.00000,2.6494e-04
3976,32571392,3.90217,0.00000,2.6478e-04
3977,32579584,3.91038,0.00000,2.6462e-04
3978,32587776,3.80354,0.00000,2.6446e-04
3979,32595968,3.67341,0.00000,2.6430e-04
3980,32604160,3.80586,0.00000,2.6414e-04
3981,32612352,3.89099,0.00000,2.6398e-04
3982,32620544,3.74124,0.00000,2.6382e-04
3983,32628736,3.87400,0.00000,2.6366e-04
3984,32636928,3.68597,0.00000,2.6350e-04
3985,32645120,3.81700,0.00000,2.6334e-04
3986,32653312,3.81048,0.00000,2.6318e-04
3987,32661504,3.87252,0.00000,2.6303e-04
3988,32669696,3.75146,0.00000,2.6287e-04
3989,32677888,3.77392,0.00000,2.6271e-04
3990,32686080,3.81470,0.00000,2.6255e-04
3991,32694272,3.81869,0.00000,2.6239e-04
3992,32702464,3.88065,0.00000,2.6223e-04
3993,32710656,3.85437,0.00000,2.6207e-04
3994,32718848,3.72840,0.00000,2.6191e-04
3995,32727040,3.54114,0.00000,2.6176e-04
3996,32735232,3.67565,0.00000,2.6160e-04
3997,32743424,3.87911,0.00000,2.6144e-04
3998,32751616,3.81706,0.00000,2.6128e-04
3999,32759808,3.89482,0.00000,2.6112e-04
4000,32768000,4.06850,0.00000,2.6096e-04
4001,32776192,3.64533,0.00000,2.6080e-04
4002,32784384,3.87658,0.00000,2.6065e-04
4003,32792576,3.69206,0.00000,2.6049e-04
4004,32800768,3.73943,0.00000,2.6033e-04
4005,32808960,3.78407,0.00000,2.6017e-04
4006,32817152,3.69990,0.00000,2.6001e-04
4007,32825344,3.87573,0.00000,2.5986e-04
4008,32833536,3.87872,0.00000,2.5970e-04
4009,32841728,3.90240,0.00000,2.5954e-04
4010,32849920,3.84485,0.00000,2.5938e-04
4011,32858112,3.86946,0.00000,2.5922e-04
4012,32866304,3.90185,0.00000,2.5907e-04
4013,32874496,3.73766,0.00000,2.5891e-04
4014,32882688,3.86732,0.00000,2.5875e-04
4015,32890880,3.78199,0.00000,2.5859e-04
4016,32899072,3.80571,0.00000,2.5843e-04
4017,32907264,3.83646,0.00000,2.5828e-04
4018,32915456,3.83093,0.00000,2.5812e-04
4019,32923648,3.86098,0.00000,2.5796e-04
4020,32931840,3.77957,0.00000,2.5780e-04
4021,32940032,3.83604,0.00000,2.5765e-04
4022,32948224,3.87882,0.00000,2.5749e-04
4023,32956416,3.81275,0.00000,2.5733e-04
4024,32964608,3.68618,0.00000,2.5717e-04
4025,32972800,3.78797,0.00000,2.5702e-04
4026,32980992,3.81826,0.00000,2.5686e-04
4027,32989184,3.94275,0.00000,2.5670e-04
4028,32997376,3.95042,0.00000,2.5654e-04
4029,33005568,3.98729,0.00000,2.5639e-04
4030,33013760,3.75181,0.00000,2.5623e-04
4031,33021952,3.77417,0.00000,2.5607e-04
4032,33030144,3.89688,0.00000,2.5592e-04
4033,33038336,3.78578,0.00000,2.5576e-04
4034,33046528,3.69751,0.00000,2.5560e-04
4035,33054720,3.86825,0.00000,2.5544e-04
4036,33062912,3.81184,0.00000,2.5529e-04
4037,33071104,3.85727,0.00000,2.5513e-04
4038,33079296,3.81837,0.00000,2.5497e-04
4039,33087488,3.84426,0.00000,2.5482e-04
4040,33095680,3.90350,0.00000,2.5466e-04
4041,33103872,3.79510,0.00000,2.5450e-04
4042,33112064,3.74266,0.00000,2.5435e-04
4043,33120256,3.80389,0.00000,2.5419e-04
4044,33128448,3.87224,0.00000,2.5403e-04
4045,33136640,3.73828,0.00000,2.5388e-04
4046,33144832,3.65250,0.00000,2.5372e-04
4047,33153024,3.87919,0.00000,2.5356e-04
4048,33161216,3.83096,0.00000,2.5341e-04
4049,33169408,3.74552,0.00000,2.5325e-04
4050,33177600,3.70733,0.00000,2.5310e-04
4051,33185792,3.90206,0.00000,2.5294e-04
4052,33193984,3.88850,0.00000,2.5278e-04
4053,33202176,3.73385,0.00000,2.5263e-04
4054,33210368,3.77034,0.00000,2.5247e-04
4055,33218560,3.79334,0.00000,2.5232e-04
4056,33226752,3.83294,0.00000,2.5216e-04
4057,33234944,3.80333,0.00000,2.5200e-04
4058,33243136,3.96298,0.00000,2.5185e-04
4059,33251328,3.73929,0.00000,2.5169e-04
4060,33259520,3.88840,0.00000,2.5154e-04
4061,33267712,3.77189,0.00000,2.5138e-04
4062,33275904,3.94176,0.00000,2.5122e-04
4063,33284096,3.84001,0.00000,2.5107e-04
4064,33292288,3.88890,0.00000,2.5091e-04
4065,33300480,3.82901,0.00000,2.5076e-04
4066,33308672,3.93545,0.00000,2.5060e-04
4067,33316864,3.77543,0.00000,2.5045e-04
4068,33325056,3.75357,0.00000,2.5029e-04
4069,33333248,3.70633,0.00000,2.5013e-04
4070,33341440,3.73895,0.00000,2.4998e-04
4071,33349632,3.80577,0.00000,2.4982e-04
4072,33357824,3.82451,0.00000,2.4967e-04
4073,33366016,3.77972,0.00000,2.4951e-04
4074,33374208,3.79076,0.00000,2.4936e-04
4075,33382400,3.76759,0.00000,2.4920e-04
4076,33390592,3.97260,0.00000,2.4905e-04
4077,33398784,3.76926,0.00000,2.4889e-04
4078,33406976,3.78665,0.00000,2.4874e-04
4079,33415168,3.72011,0.00000,2.4858e-04
4080,33423360,3.74604,0.00000,2.4843e-04
4081,33431552,3.61238,0.00000,2.4827e-04
4082,33439744,3.78198,0.00000,2.4812e-04
4083,33447936,3.89192,0.00000,2.4796e-04
4084,33456128,3.90026,0.00000,2.4781e-04
4085,33464320,3.84581,0.00000,2.4765e-04
4086,33472512,3.80188,0.00000,2.4750e-04
4087,33480704,3.79202,0.00000,2.4734e-04
4088,33488896,3.59967,0.00000,2.4719e-04
4089,33497088,3.73270,0.00000,2.4704e-04
4090,33505280,3.83453,0.00000,2.4688e-04
4091,33513472,3.96077,0.00000,2.4673e-04
4092,33521664,3.83206,0.00000,2.4657e-04
4093,33529856,3.85250,0.00000,2.4642e-04
4094,33538048,3.80900,0.00000,2.4626e-04
4095,33546240,3.81299,0.00000,2.4611e-04
4096,33554432,3.70954,0.00000,2.4596e-04
4097,33562624,3.62431,0.00000,2.4580e-04
4098,33570816,3.79715,0.00000,2.4565e-04
4099,33579008,3.76855,0.00000,2.4549e-04
4100,33587200,3.80364,0.00000,2.4534e-04
4101,33595392,3.99573,0.00000,2.4518e-04
4102,33603584,3.87076,0.00000,2.4503e-04
4103,33611776,3.92226,0.00000,2.4488e-04
4104,33619968,3.87865,0.00000,2.4472e-04
4105,33628160,3.72958,0.00000,2.4457e-04
4106,33636352,3.70398,0.00000,2.4442e-04
4107,33644544,3.72152,0.00000,2.4426e-04
4108,33652736,3.76646,0.00000,2.4411e-04
4109,33660928,3.78565,0.00000,2.4395e-04
4110,33669120,3.87707,0.00000,2.4380e-04
4111,33677312,3.80268,0.00000,2.4365e-04
4112,33685504,3.86836,0.00000,2.4349e-04
4113,33693696,3.61017,0.00000,2.4334e-04
4114,33701888,3.70546,0.00000,2.4319e-04
4115,33710080,3.86331,0.00000,2.4303e-04
4116,33718272,3.67316,0.00000,2.4288e-04
4117,33726464,3.91517,0.00000,2.4273e-04
4118,33734656,3.81091,0.00000,2.4257e-04
4119,33742848,3.71667,0.00000,2.4242e-04
4120,33751040,3.82535,0.00000,2.4227e-04
4121,33759232,3.81156,0.00000,2.4212e-04
4122,33767424,3.91149,0.00000,2.4196e-04
4123,33775616,3.85316,0.00000,2.4181e-04
4124,33783808,3.82119,0.00000,2.4166e-04
4125,33792000,3.77789,0.00000,2.4150e-04
4126,33800192,3.74645,0.00000,2.4135e-04
4127,33808384,3.79071,0.00000,2.4120e-04
4128,33816576,3.82455,0.00000,2.4105e-04
4129,33824768,3.85840,0.00000,2.4089e-04
4130,33832960,3.66035,0.00000,2.4074e-04
4131,33841152,3.84526,0.00000,2.4059e-04
4132,33849344,3.75852,0.00000,2.4043e-04
4133,33857536,3.85166,0.00000,2.4028e-04
4134,33865728,3.77395,0.00000,2.4013e-04
4135,33873920,3.77506,0.00000,2.3998e-04
4136,33882112,3.74938,0.00000,2.3982e-04
4137,33890304,3.59775,0.00000,2.3967e-04
4138,33898496,3.82685,0.00000,2.3952e-04
4139,33906688,3.86446,0.00000,2.3937e-04
4140,33914880,3.65228,0.00000,2.3922e-04
4141,33923072,3.96257,0.00000,2.3906e-04
4142,33931264,3.77929,0.00000,2.3891e-04
4143,33939456,3.85585,0.00000,2.3876e-04
4144,33947648,3.67861,0.00000,2.3861e-04
4145,33955840,3.80467,0.00000,2.3846e-04
4146,33964032,3.61502,0.00000,2.3830e-04
4147,33972224,3.78383,0.00000,2.3815e-04
4148,33980416,3.81174,0.00000,2.3800e-04
4149,33988608,3.65901,0.00000,2.3785e-04
4150,33996800,3.69560,0.00000,2.3770e-04
4151,34004992,3.73884,0.00000,2.3755e-04
4152,34013184,3.85105,0.00000,2.3739e-04
4153,34021376,3.72500,0.00000,2.3724e-04
4154,34029568,3.84143,0.00000,2.3709e-04
4155,34037760,3.72605,0.00000,2.3694e-04
4156,34045952,3.83589,0.00000,2.3679e-04
4157,34054144,3.73927,0.00000,2.3664e-04
4158,34062336,3.81212,0.00000,2.3649e-04
4159,34070528,3.66977,0.00000,2.3633e-04
4160,34078720,3.82161,0.00000,2.3618e-04
4161,34086912,3.76035,0.00000,2.3603e-04
4162,34095104,3.77929,0.00000,2.3588e-04
4163,34103296,3.88124,0.00000,2.3573e-04
4164,34111488,3.80300,0.00000,2.3558e-04
4165,34119680,3.82897,0.00000,2.3543e-04
4166,34127872,3.84717,0.00000,2.3528e-04
4167,34136064,3.91125,0.00000,2.3513e-04
4168,34144256,3.90728,0.00000,2.3498e-04
4169,34152448,3.75849,0.00000,2.3482e-04
4170,34160640,3.79534,0.00000,2.3467e-04
4171,34168832,3.75292,0.00000,2.3452e-04
4172,34177024,3.87460,0.00000,2.3437e-04
4173,34185216,3.84395,0.00000,2.3422e-04
4174,34193408,3.82674,0.00000,2.3407e-04
4175,34201600,3.77871,0.00000,2.3392e-04
4176,34209792,3.89869,0.00000,2.3377e-04
4177,34217984,3.80043,0.00000,2.3362e-04
4178,34226176,3.71465,0.00000,2.3347e-04
4179,34234368,3.91241,0.00000,2.3332e-04
4180,34242560,3.74746,0.00000,2.3317e-04
4181,34250752,3.69420,0.00000,2.3302e-04
4182,34258944,3.67840,0.00000,2.3287e-04
4183,34267136,3.76232,0.00000,2.3272e-04
4184,34275328,3.64484,0.00000,2.3257e-04
4185,34283520,3.54059,0.00000,2.3242e-04
4186,34291712,3.68288,0.00000,2.3227e-04
4187,34299904,3.93391,0.00000,2.3212e-04
4188,34308096,3.72324,0.00000,2.3197e-04
4189,34316288,3.96995,0.00000,2.3182e-04
4190,34324480,3.89942,0.00000,2.3167e-04
4191,34332672,3.82690,0.00000,2.3152e-04
4192,34340864,3.71233,0.00000,2.3137e-04
4193,34349056,3.74081,0.00000,2.3122e-04
4194,34357248,3.81477,0.00000,2.3107e-04
4195,34365440,3.69485,0.00000,2.3092e-04
4196,34373632,3.83213,0.00000,2.3077e-04
4197,34381824,3.84270,0.00000,2.3062e-04
4198,34390016,3.83780,0.00000,2.3047e-04
4199,34398208,3.77942,0.00000,2.3033e-04
4200,34406400,3.76692,0.00000,2.3018e-04
4201,34414592,3.84502,0.00000,2.3003e-04
4202,34422784,3.82766,0.00000,2.2988e-04
4203,34430976,3.69440,0.00000,2.2973e-04
4204,34439168,3.76281,0.00000,2.2958e-04
4205,34447360,3.74694,0.00000,2.2943e-04
4206,34455552,3.72304,0.00000,2.2928e-04
4207,34463744,3.73110,0.00000,2.2913e-04
4208,34471936,3.77456,0.00000,2.2898e-04
4209,34480128,3.80563,0.00000,2.2884e-04
4210,34488320,3.83861,0.00000,2.2869e-04
4211,34496512,3.81739,0.00000,2.2854e-04
4212,34504704,3.85548,0.00000,2.2839e-04
4213,34512896,3.88526,0.00000,2.2824e-04
4214,34521088,3.90783,0.00000,2.2809e-04
4215,34529280,3.77329,0.00000,2.2794e-04
4216,34537472,3.80147,0.00000,2.2780e-04
4217,34545664,3.85209,0.00000,2.2765e-04
4218,34553856,3.94112,0.00000,2.2750e-04
4219,34562048,3.72632,0.00000,2.2735e-04
4220,34570240,3.77278,0.00000,2.2720e-04
4221,34578432,3.71586,0.00000,2.2705e-04
4222,34586624,3.84872,0.00000,2.2691e-04
4223,34594816,3.81403,0.00000,2.2676e-04
4224,34603008,3.89443,0.00000,2.2661e-04
4225,34611200,3.66753,0.00000,2.2646e-04
4226,34619392,3.78668,0.00000,2.2631e-04
4227,34627584,3.67945,0.00000,2.2617e-04
4228,34635776,3.69982,0.00000,2.2602e-04
4229,34643968,3.80438,0.00000,2.2587e-04
4230,34652160,3.85705,0.00000,2.2572e-04
4231,34660352,3.68425,0.00000,2.2558e-04
4232,34668544,3.83443,0.00000,2.2543e-04
4233,34676736,3.72954,0.00000,2.2528e-04
4234,34684928,3.78145,0.00000,2.2513e-04
4235,34693120,3.69001,0.00000,2.2499e-04
4236,34701312,3.72418,0.00000,2.2484e-04
4237,34709504,3.82340,0.00000,2.2469e-04
4238,34717696,3.76227,0.00000,2.2454e-04
4239,34725888,3.79409,0.00000,2.2440e-04
4240,34734080,3.61375,0.00000,2.2425e-04
4241,34742272,3.82497,0.00000,2.2410e-04
4242,34750464,3.72233,0.00000,2.2396e-04
4243,34758656,3.71159,0.00000,2.2381e-04
4244,34766848,3.84546,0.00000,2.2366e-04
4245,34775040,3.75297,0.00000,2.2351e-04
4246,34783232,3.64514,0.00000,2.2337e-04
4247,34791424,3.94330,0.00000,2.2322e-04
4248,34799616,3.80448,0.00000,2.2307e-04
4249,34807808,3.90672,0.00000,2.2293e-04
4250,34816000,3.87411,0.00000,2.2278e-04
4251,34824192,3.86426,0.00000,2.2263e-04
4252,34832384,3.76616,0.00000,2.2249e-04
4253,34840576,3.61682,0.00000,2.2234e-04
4254,34848768,3.84235,0.00000,2.2219e-04
4255,34856960,3.69612,0.00000,2.2205e-04
4256,34865152,3.76121,0.00000,2.2190e-04
4257,34873344,3.94455,0.00000,2.2176e-04
4258,34881536,3.74988,0.00000,2.2161e-04
4259,34889728,3.67278,0.00000,2.2146e-04
4260,34897920,3.78982,0.00000,2.2132e-04
4261,34906112,3.69116,0.00000,2.2117e-04
4262,34914304,3.84966,0.00000,2.2103e-04
4263,34922496,3.59298,0.00000,2.2088e-04
4264,34930688,3.73434,0.00000,2.2073e-04
4265,34938880,3.80959,0.00000,2.2059e-04
4266,34947072,3.82651,0.00000,2.2044e-04
4267,34955264,3.82055,0.00000,2.2030e-04
4268,34963456,3.71288,0.00000,2.2015e-04
4269,34971648,3.92757,0.00000,2.2000e-04
4270,34979840,3.68809,0.00000,2.1986e-04
4271,34988032,3.76506,0.00000,2.1971e-04
4272,34996224,3.75267,0.00000,2.1957e-04
4273,35004416,3.66180,0.00000,2.1942e-04
4274,35012608,3.70330,0.00000,2.1928e-04
4275,35020800,3.84784,0.00000,2.1913e-04
4276,35028992,3.69361,0.00000,2.1899e-04
4277,35037184,3.78586,0.00000,2.1884e-04
4278,35045376,3.75069,0.00000,2.1870e-04
4279,35053568,3.77314,0.00000,2.1855e-04
4280,35061760,3.82444,0.00000,2.1841e-04
4281,35069952,3.61534,0.00000,2.1826e-04
4282,35078144,3.75502,0.00000,2.1812e-04
4283,35086336,3.86843,0.00000,2.1797e-04
4284,35094528,3.72264,0.00000,2.1783e-04
4285,35102720,3.81401,0.00000,2.1768e-04
4286,35110912,3.68947,0.00000,2.1754e-04
4287,35119104,3.76493,0.00000,2.1739e-04
4288,35127296,3.88586,0.00000,2.1725e-04
4289,35135488,3.86899,0.00000,2.1710e-04
4290,35143680,3.91285,0.00000,2.1696e-04
4291,35151872,3.87613,0.00000,2.1681e-04
4292,35160064,3.85667,0.00000,2.1667e-04
4293,35168256,3.94331,0.00000,2.1653e-04
4294,35176448,3.70932,0.00000,2.1638e-04
4295,35184640,3.65592,0.00000,2.1624e-04
4296,35192832,3.82151,0.00000,2.1609e-04
4297,35201024,3.72942,0.00000,2.1595e-04
4298,35209216,3.71868,0.00000,2.1580e-04
4299,35217408,3.87060,0.00000,2.1566e-04
4300,35225600,3.67015,0.00000,2.1552e-04
4301,35233792,3.84315,0.00000,2.1537e-04
4302,35241984,3.81039,0.00000,2.1523e-04
4303,35250176,3.70494,0.00000,2.1508e-04
4304,35258368,3.77340,0.00000,2.1494e-04
4305,35266560,3.96992,0.00000,2.1480e-04
4306,35274752,3.74077,0.00000,2.1465e-04
4307,35282944,3.72673,0.00000,2.1451e-04
4308,35291136,3.66573,0.00000,2.1437e-04
4309,35299328,3.56109,0.00000,2.1422e-04
4310,35307520,3.78179,0.00000,2.1408e-04
4311,35315712,3.86137,0.00000,2.1394e-04
4312,35323904,3.80343,0.00000,2.1379e-04
4313,35332096,3.85521,0.00000,2.1365e-04
4314,35340288,3.78146,0.00000,2.1351e-04
4315,35348480,3.72075,0.00000,2.1336e-04
4316,35356672,3.84357,0.00000,2.1322e-04
4317,35364864,3.55450,0.00000,2.1308e-04
4318,35373056,3.92072,0.00000,2.1293e-04
4319,35381248,3.83241,0.00000,2.1279e-04
4320,35389440,3.79128,0.00000,2.1265e-04
4321,35397632,3.62657,0.00000,2.1251e-04
4322,35405824,3.81635,0.00000,2.1236e-04
4323,35414016,3.58885,0.00000,2.1222e-04
4324,35422208,3.77173,0.00000,2.1208e-04
4325,35430400,3.74401,0.00000,2.1193e-04
4326,35438592,3.80956,0.00000,2.1179e-04
4327,35446784,3.78491,0.00000,2.1165e-04
4328,35454976,3.86798,0.00000,2.1151e-04
4329,35463168,3.78242,0.00000,2.1136e-04
4330,35471360,3.88317,0.00000,2.1122e-04
4331,35479552,3.87091,0.00000,2.1108e-04
4332,35487744,3.73418,0.00000,2.1094e-04
4333,35495936,3.78050,0.00000,2.1080e-04
4334,35504128,3.74059,0.00000,2.1065e-04
4335,35512320,3.74753,0.00000,2.1051e-04
4336,35520512,3.85589,0.00000,2.1037e-04
4337,35528704,3.72435,0.00000,2.1023e-04
4338,35536896,3.80730,0.00000,2.1009e-04
4339,35545088,3.58823,0.00000,2.0994e-04
4340,35553280,3.69771,0.00000,2.0980e-04
4341,35561472,3.90190,0.00000,2.0966e-04
4342,35569664,3.67335,0.00000,2.0952e-04
4343,35577856,3.74695,0.00000,2.0938e-04
4344,35586048,3.71569,0.00000,2.0924e-04
4345,35594240,3.70061,0.00000,2.0909e-04
4346,35602432,3.71877,0.00000,2.0895e-04
4347,35610624,3.83926,0.00000,2.0881e-04
4348,35618816,3.75255,0.00000,2.0867e-04
4349,35627008,3.69966,0.00000,2.0853e-04
4350,35635200,3.80563,0.00000,2.0839e-04
4351,35643392,3.75737,0.00000,2.0825e-04
4352,35651584,3.70021,0.00000,2.0811e-04
4353,35659776,3.71864,0.00000,2.0796e-04
4354,35667968,3.76081,0.00000,2.0782e-04
4355,35676160,3.75256,0.00000,2.0768e-04
4356,35684352,3.69094,0.00000,2.0754e-04
4357,35692544,3.75615,0.00000,2.0740e-04
4358,35700736,3.81435,0.00000,2.0726e-04
4359,35708928,3.73845,0.00000,2.0712e-04
4360,35717120,3.74274,0.00000,2.0698e-04
4361,35725312,3.82238,0.00000,2.0684e-04
4362,35733504,3.84008,0.00000,2.0670e-04
4363,35741696,3.71695,0.00000,2.0656e-04
4364,35749888,3.82108,0.00000,2.0642e-04
4365,35758080,4.00497,0.00000,2.0628e-04
4366,35766272,3.74188,0.00000,2.0614e-04
4367,35774464,3.72971,0.00000,2.0600e-04
4368,35782656,3.66964,0.00000,2.0586e-04
4369,35790848,3.72188,0.00000,2.0572e-04
4370,35799040,3.61404,0.00000,2.0558e-04
4371,35807232,3.77854,0.00000,2.0544e-04
4372,35815424,3.84305,0.00000,2.0530e-04
4373,35823616,3.93694,0.00000,2.0516e-04
4374,35831808,3.69922,0.00000,2.0502e-04
4375,35840000,3.80235,0.00000,2.0488e-04
4376,35848192,3.81701,0.00000,2.0474e-04
4377,35856384,3.85101,0.00000,2.0460e-04
4378,35864576,3.68937,0.00000,2.0446e-04
4379,35872768,3.83282,0.00000,2.0432e-04
4380,35880960,3.67742,0.00000,2.0418e-04
4381,35889152,3.90395,0.00000,2.0404e-04
4382,35897344,3.62403,0.00000,2.0390e-04
4383,35905536,3.72172,0.00000,2.0376e-04
4384,35913728,3.72677,0.00000,2.0362e-04
4385,35921920,3.84627,0.00000,2.0348e-04
4386,35930112,3.70920,0.00000,2.0334e-04
4387,35938304,3.83824,0.00000,2.0320e-04
4388,35946496,3.90378,0.00000,2.0306e-04
4389,35954688,3.83487,0.00000,2.0292e-04
4390,35962880,3.81022,0.00000,2.0279e-04
4391,35971072,3.66221,0.00000,2.0265e-04
4392,35979264,3.80027,0.00000,2.0251e-04
4393,35987456,3.73945,0.00000,2.0237e-04
4394,35995648,3.89848,0.00000,2.0223e-04
4395,36003840,3.71132,0.00000,2.0209e-04
4396,36012032,3.72236,0.00000,2.0195e-04
4397,36020224,3.55982,0.00000,2.0181e-04
4398,36028416,3.87389,0.00000,2.0168e-04
4399,36036608,3.71999,0.00000,2.0154e-04
4400,36044800,3.78916,0.00000,2.0140e-04
4401,36052992,3.82200,0.00000,2.0126e-04
4402,36061184,3.73418,0.00000,2.0112e-04
4403,36069376,3.78544,0.00000,2.0098e-04
4404,36077568,3.74335,0.00000,2.0085e-04
4405,36085760,3.79043,0.00000,2.0071e-04
4406,36093952,3.63725,0.00000,2.0057e-04
4407,36102144,3.80196,0.00000,2.0043e-04
4408,36110336,3.75297,0.00000,2.0030e-04
4409,36118528,3.74052,0.00000,2.0016e-04
4410,36126720,3.67893,0.00000,2.0002e-04
4411,36134912,3.66985,0.00000,1.9988e-04
4412,36143104,3.83489,0.00000,1.9974e-04
4413,36151296,3.80839,0.00000,1.9961e-04
4414,36159488,3.82790,0.00000,1.9947e-04
4415,36167680,3.79068,0.00000,1.9933e-04
4416,36175872,3.58400,0.00000,1.9919e-04
4417,36184064,3.83928,0.00000,1.9906e-04
4418,36192256,3.79101,0.00000,1.9892e-04
4419,36200448,3.57088,0.00000,1.9878e-04
4420,36208640,3.67362,0.00000,1.9865e-04
4421,36216832,3.76255,0.00000,1.9851e-04
4422,36225024,3.68141,0.00000,1.9837e-04
4423,36233216,3.79375,0.00000,1.9823e-04
4424,36241408,3.76380,0.00000,1.9810e-04
4425,36249600,3.80603,0.00000,1.9796e-04
4426,36257792,3.86289,0.00000,1.9782e-04
4427,36265984,3.83093,0.00000,1.9769e-04
4428,36274176,3.83334,0.00000,1.9755e-04
4429,36282368,3.79182,0.00000,1.9741e-04
4430,36290560,3.51263,0.00000,1.9728e-04
4431,36298752,3.64115,0.00000,1.9714e-04
4432,36306944,3.76976,0.00000,1.9700e-04
4433,36315136,3.76706,0.00000,1.9687e-04
4434,36323328,3.75132,0.00000,1.9673e-04
4435,36331520,3.56937,0.00000,1.9659e-04
4436,36339712,3.70801,0.00000,1.9646e-04
4437,36347904,3.76407,0.00000,1.9632e-04
4438,36356096,3.72004,0.00000,1.9619e-04
4439,36364288,3.72129,0.00000,1.9605e-04
4440,36372480,3.64869,0.00000,1.9591e-04
4441,36380672,3.77645,0.00000,1.9578e-04
4442,36388864,3.79976,0.00000,1.9564e-04
4443,36397056,3.90692,0.00000,1.9551e-04
4444,36405248,3.93394,0.00000,1.9537e-04
4445,36413440,3.77579,0.00000,1.9523e-04
4446,36421632,3.70563,0.00000,1.9510e-04
4447,36429824,3.59019,0.00000,1.9496e-04
4448,36438016,3.98755,0.00000,1.9483e-04
4449,36446208,3.76464,0.00000,1.9469e-04
4450,36454400,3.69317,0.00000,1.9456e-04
4451,36462592,3.79864,0.00000,1.9442e-04
4452,36470784,3.75161,0.00000,1.9429e-04
4453,36478976,3.74506,0.00000,1.9415e-04
4454,36487168,3.59980,0.00000,1.9402e-04
4455,36495360,3.87467,0.00000,1.9388e-04
4456,36503552,3.60914,0.00000,1.9375e-04
4457,36511744,3.71211,0.00000,1.9361e-04
4458,36519936,3.83340,0.00000,1.9348e-04
4459,36528128,3.63811,0.00000,1.9334e-04
4460,36536320,3.73228,0.00000,1.9321e-04
4461,36544512,3.90019,0.00000,1.9307e-04
4462,36552704,3.73219,0.00000,1.9294e-04
4463,36560896,3.59674,0.00000,1.9280e-04
4464,36569088,3.69883,0.00000,1.9267e-04
4465,36577280,3.76121,0.00000,1.9253e-04
4466,36585472,3.80635,0.00000,1.9240e-04
4467,36593664,3.87718,0.00000,1.9227e-04
4468,36601856,3.78207,0.00000,1.9213e-04
4469,36610048,3.60774,0.00000,1.9200e-04
4470,36618240,3.85875,0.00000,1.9186e-04
4471,36626432,3.83872,0.00000,1.9173e-04
4472,36634624,3.74177,0.00000,1.9159e-04
4473,36642816,3.74328,0.00000,1.9146e-04
4474,36651008,3.79087,0.00000,1.9133e-04
4475,36659200,3.73731,0.00000,1.9119e-04
4476,36667392,3.73021,0.00000,1.9106e-04
4477,36675584,3.86501,0.00000,1.9092e-04
4478,36683776,3.74858,0.00000,1.9079e-04
4479,36691968,3.84986,0.00000,1.9066e-04
4480,36700160,3.66440,0.00000,1.9052e-04
4481,36708352,3.76691,0.00000,1.9039e-04
4482,36716544,3.76446,0.00000,1.9026e-04
4483,36724736,3.83184,0.00000,1.9012e-04
4484,36732928,3.77095,0.00000,1.8999e-04
4485,36741120,3.77914,0.00000,1.8986e-04
4486,36749312,3.61440,0.00000,1.8972e-04
4487,36757504,3.66898,0.00000,1.8959e-04
4488,36765696,3.71419,0.00000,1.8946e-04
4489,36773888,3.66315,0.00000,1.8932e-04
4490,36782080,3.64303,0.00000,1.8919e-04
4491,36790272,3.79938,0.00000,1.8906e-04
4492,36798464,3.61754,0.00000,1.8893e-04
4493,36806656,3.79874,0.00000,1.8879e-04
4494,36814848,3.77852,0.00000,1.8866e-04
4495,36823040,3.76188,0.00000,1.8853e-04
4496,36831232,3.66720,0.00000,1.8840e-04
4497,36839424,3.51917,0.00000,1.8826e-04
4498,36847616,3.62388,0.00000,1.8813e-04
4499,36855808,3.69849,0.00000,1.8800e-04
4500,36864000,3.74412,0.00000,1.8787e-04
4501,36872192,3.84764,0.00000,1.8773e-04
4502,36880384,3.74955,0.00000,1.8760e-04
4503,36888576,3.65336,0.00000,1.8747e-04
4504,36896768,3.61868,0.00000,1.8734e-04
4505,36904960,3.61379,0.00000,1.8720e-04
4506,36913152,3.86653,0.00000,1.8707e-04
4507,36921344,3.91342,0.00000,1.8694e-04
4508,36929536,3.81068,0.00000,1.8681e-04
4509,36937728,3.79910,0.00000,1.8668e-04
4510,36945920,3.70840,0.00000,1.8655e-04
4511,36954112,3.77887,0.00000,1.8641e-04
4512,36962304,3.79949,0.00000,1.8628e-04
4513,36970496,3.66020,0.00000,1.8615e-04
4514,36978688,3.54493,0.00000,1.8602e-04
4515,36986880,3.68275,0.00000,1.8589e-04
4516,36995072,3.62037,0.00000,1.8576e-04
4517,37003264,3.74652,0.00000,1.8563e-04
4518,37011456,3.71450,0.00000,1.8549e-04
4519,37019648,3.74685,0.00000,1.8536e-04
4520,37027840,3.64633,0.00000,1.8523e-04
4521,37036032,3.79545,0.00000,1.8510e-04
4522,37044224,3.57149,0.00000,1.8497e-04
4523,37052416,3.70902,0.00000,1.8484e-04
4524,37060608,3.79739,0.00000,1.8471e-04
4525,37068800,3.73968,0.00000,1.8458e-04
4526,37076992,3.77011,0.00000,1.8445e-04
4527,37085184,3.57593,0.00000,1.8432e-04
4528,37093376,3.72919,0.00000,1.8419e-04
4529,37101568,3.72184,0.00000,1.8405e-04
4530,37109760,3.69932,0.00000,1.8392e-04
4531,37117952,3.86219,0.00000,1.8379e-04
4532,37126144,3.65971,0.00000,1.8366e-04
4533,37134336,3.72239,0.00000,1.8353e-04
4534,37142528,3.57215,0.00000,1.8340e-04
4535,37150720,3.78885,0.00000,1.8327e-04
4536,37158912,3.64253,0.00000,1.8314e-04
4537,37167104,3.67822,0.00000,1.8301e-04
4538,37175296,3.74395,0.00000,1.8288e-04
4539,37183488,3.74531,0.00000,1.8275e-04
4540,37191680,3.69965,0.00000,1.8262e-04
4541,37199872,3.71683,0.00000,1.8249e-04
4542,37208064,3.59466,0.00000,1.8236e-04
4543,37216256,3.73620,0.00000,1.8223e-04
4544,37224448,3.84414,0.00000,1.8210e-04
4545,37232640,3.83589,0.00000,1.8198e-04
4546,37240832,3.64725,0.00000,1.8185e-04
4547,37249024,3.78808,0.00000,1.8172e-04
4548,37257216,3.75583,0.00000,1.8159e-04
4549,37265408,3.86567,0.00000,1.8146e-04
4550,37273600,3.66073,0.00000,1.8133e-04
4551,37281792,3.73637,0.00000,1.8120e-04
4552,37289984,3.88617,0.00000,1.8107e-04
4553,37298176,3.69523,0.00000,1.8094e-04
4554,37306368,3.71967,0.00000,1.8081e-04
4555,37314560,3.79262,0.00000,1.8068e-04
4556,37322752,3.60120,0.00000,1.8055e-04
4557,37330944,3.58440,0.00000,1.8043e-04
4558,37339136,3.83145,0.00000,1.8030e-04
4559,37347328,3.74448,0.00000,1.8017e-04
4560,37355520,3.72352,0.00000,1.8004e-04
4561,37363712,3.64027,0.00000,1.7991e-04
4562,37371904,3.90611,0.00000,1.7978e-04
4563,37380096,3.78061,0.00000,1.7965e-04
4564,37388288,3.78772,0.00000,1.7953e-04
4565,37396480,3.63437,0.00000,1.7940e-04
4566,37404672,3.86158,0.00000,1.7927e-04
4567,37412864,3.68928,0.00000,1.7914e-04
4568,37421056,3.75767,0.00000,1.7901e-04
4569,37429248,3.68932,0.00000,1.7889e-04
4570,37437440,3.72265,0.00000,1.7876e-04
4571,37445632,3.81071,0.00000,1.7863e-04
4572,37453824,3.89641,0.00000,1.7850e-04
4573,37462016,3.59563,0.00000,1.7837e-04
4574,37470208,3.58704,0.00000,1.7825e-04
4575,37478400,3.68258,0.00000,1.7812e-04
4576,37486592,3.80330,0.00000,1.7799e-04
4577,37494784,3.79315,0.00000,1.7786e-04
4578,37502976,3.70944,0.00000,1.7774e-04
4579,37511168,3.95805,0.00000,1.7761e-04
4580,37519360,3.66554,0.00000,1.7748e-04
4581,37527552,3.65288,0.00000,1.7736e-04
4582,37535744,3.75679,0.00000,1.7723e-04
4583,37543936,3.80405,0.00000,1.7710e-04
4584,37552128,3.84626,0.00000,1.7697e-04
4585,37560320,3.81143,0.00000,1.7685e-04
4586,37568512,3.62062,0.00000,1.7672e-04
4587,37576704,3.79010,0.00000,1.7659e-04
4588,37584896,3.93143,0.00000,1.7647e-04
4589,37593088,3.58699,0.00000,1.7634e-04
4590,37601280,3.70714,0.00000,1.7621e-04
4591,37609472,3.72950,0.00000,1.7609e-04
4592,37617664,3.85383,0.00000,1.7596e-04
4593,37625856,3.75281,0.00000,1.7583e-04
4594,37634048,3.69745,0.00000,1.7571e-04
4595,37642240,3.87350,0.00000,1.7558e-04
4596,37650432,3.69652,0.00000,1.7546e-04
4597,37658624,4.00617,0.00000,1.7533e-04
4598,37666816,3.77960,0.00000,1.7520e-04
4599,37675008,3.80567,0.00000,1.7508e-04
4600,37683200,3.86415,0.00000,1.7495e-04
4601,37691392,3.60275,0.00000,1.7482e-04
4602,37699584,3.66221,0.00000,1.7470e-04
4603,37707776,3.83369,0.00000,1.7457e-04
4604,37715968,3.80420,0.00000,1.7445e-04
4605,37724160,3.65535,0.00000,1.7432e-04
4606,37732352,3.75424,0.00000,1.7420e-04
4607,37740544,3.83867,0.00000,1.7407e-04
4608,37748736,3.73058,0.00000,1.7395e-04
4609,37756928,3.81835,0.00000,1.7382e-04
4610,37765120,3.77506,0.00000,1.7369e-04
4611,37773312,3.66292,0.00000,1.7357e-04
4612,37781504,3.66088,0.00000,1.7344e-04
4613,37789696,3.86843,0.00000,1.7332e-04
4614,37797888,3.81132,0.00000,1.7319e-04
4615,37806080,3.62065,0.00000,1.7307e-04
4616,37814272,3.78995,0.00000,1.7294e-04
4617,37822464,3.62072,0.00000,1.7282e-04
4618,37830656,3.71473,0.00000,1.7269e-04
4619,37838848,3.76600,0.00000,1.7257e-04
4620,37847040,3.68856,0.00000,1.7245e-04
4621,37855232,3.85026,0.00000,1.7232e-04
4622,37863424,3.79314,0.00000,1.7220e-04
4623,37871616,3.69095,0.00000,1.7207e-04
4624,37879808,3.66248,0.00000,1.7195e-04
4625,37888000,3.78611,0.00000,1.7182e-04
4626,37896192,3.76844,0.00000,1.7170e-04
4627,37904384,3.59058,0.00000,1.7157e-04
4628,37912576,3.67111,0.00000,1.7145e-04
4629,37920768,3.83064,0.00000,1.7133e-04
4630,37928960,3.76401,0.00000,1.7120e-04
4631,37937152,3.80425,0.00000,1.7108e-04
4632,37945344,3.81011,0.00000,1.7095e-04
4633,37953536,3.66431,0.00000,1.7083e-04
4634,37961728,3.65728,0.00000,1.7071e-04
4635,37969920,3.67329,0.00000,1.7058e-04
4636,37978112,3.70964,0.00000,1.7046e-04
4637,37986304,3.77125,0.00000,1.7034e-04
4638,37994496,3.76970,0.00000,1.7021e-04
4639,38002688,3.76907,0.00000,1.7009e-04
4640,38010880,3.83400,0.00000,1.6997e-04
4641,38019072,3.62551,0.00000,1.6984e-04
4642,38027264,3.85142,0.00000,1.6972e-04
4643,38035456,3.77769,0.00000,1.6960e-04
4644,38043648,3.80543,0.00000,1.6947e-04
4645,38051840,3.62294,0.00000,1.6935e-04
4646,38060032,3.77944,0.00000,1.6923e-04
4647,38068224,3.71451,0.00000,1.6911e-04
4648,38076416,3.70625,0.00000,1.6898e-04
4649,38084608,3.70686,0.00000,1.6886e-04
4650,38092800,3.69769,0.00000,1.6874e-04
4651,38100992,3.62303,0.00000,1.6861e-04
4652,38109184,3.63083,0.00000,1.6849e-04
4653,38117376,3.79205,0.00000,1.6837e-04
4654,38125568,3.68901,0.00000,1.6825e-04
4655,38133760,3.67145,0.00000,1.6812e-04
4656,38141952,3.68848,0.00000,1.6800e-04
4657,38150144,3.64607,0.00000,1.6788e-04
4658,38158336,3.52506,0.00000,1.6776e-04
4659,38166528,3.73604,0.00000,1.6764e-04
4660,38174720,3.68588,0.00000,1.6751e-04
4661,38182912,3.59776,0.00000,1.6739e-04
4662,38191104,3.81055,0.00000,1.6727e-04
4663,38199296,3.75682,0.00000,1.6715e-04
4664,38207488,3.61672,0.00000,1.6703e-04
4665,38215680,3.83622,0.00000,1.6691e-04
4666,38223872,3.73465,0.00000,1.6678e-04
4667,38232064,3.79050,0.00000,1.6666e-04
4668,38240256,3.65966,0.00000,1.6654e-04
4669,38248448,3.74614,0.00000,1.6642e-04
4670,38256640,3.63595,0.00000,1.6630e-04
4671,38264832,3.70161,0.00000,1.6618e-04
4672,38273024,3.80811,0.00000,1.6606e-04
4673,38281216,3.79653,0.00000,1.6593e-04
4674,38289408,3.58105,0.00000,1.6581e-04
4675,38297600,3.61646,0.00000,1.6569e-04
4676,38305792,3.81606,0.00000,1.6557e-04
4677,38313984,3.67270,0.00000,1.6545e-04
4678,38322176,3.83284,0.00000,1.6533e-04
4679,38330368,3.73145,0.00000,1.6521e-04
4680,38338560,3.76245,0.00000,1.6509e-04
4681,38346752,3.72509,0.00000,1.6497e-04
4682,38354944,3.65425,0.00000,1.6485e-04
4683,38363136,3.68592,0.00000,1.6473e-04
4684,38371328,3.58296,0.00000,1.6461e-04
4685,38379520,3.65413,0.00000,1.6449e-04
4686,38387712,3.65089,0.00000,1.6437e-04
4687,38395904,3.65937,0.00000,1.6425e-04
4688,38404096,3.68938,0.00000,1.6413e-04
4689,38412288,3.70979,0.00000,1.6401e-04
4690,38420480,3.66447,0.00000,1.6389e-04
4691,38428672,3.91971,0.00000,1.6377e-04
4692,38436864,3.74031,0.00000,1.6365e-04
4693,38445056,3.74447,0.00000,1.6353e-04
4694,38453248,3.76448,0.00000,1.6341e-04
4695,38461440,3.78280,0.00000,1.6329e-04
4696,38469632,3.73429,0.00000,1.6317e-04
4697,38477824,3.66937,0.00000,1.6305e-04
4698,38486016,3.68496,0.00000,1.6293e-04
4699,38494208,3.78963,0.00000,1.6281e-04
4700,38502400,3.59471,0.00000,1.6269e-04
4701,38510592,3.63430,0.00000,1.6257e-04
4702,38518784,3.62332,0.00000,1.6245e-04
4703,38526976,3.57159,0.00000,1.6233e-04
4704,38535168,3.79253,0.00000,1.6222e-04
4705,38543360,3.83934,0.00000,1.6210e-04
4706,38551552,3.70459,0.00000,1.6198e-04
4707,38559744,3.71572,0.00000,1.6186e-04
4708,38567936,3.65108,0.00000,1.6174e-04
4709,38576128,3.77006,0.00000,1.6162e-04
4710,38584320,3.55341,0.00000,1.6150e-04
4711,38592512,3.69882,0.00000,1.6138e-04
4712,38600704,3.73758,0.00000,1.6127e-04
4713,38608896,3.71362,0.00000,1.6115e-04
4714,38617088,3.84363,0.00000,1.6103e-04
4715,38625280,3.77890,0.00000,1.6091e-04
4716,38633472,3.59003,0.00000,1.6079e-04
4717,38641664,3.80229,0.00000,1.6067e-04
4718,38649856,3.54672,0.00000,1.6056e-04
4719,38658048,3.76364,0.00000,1.6044e-04
4720,38666240,3.74070,0.00000,1.6032e-04
4721,38674432,3.76259,0.00000,1.6020e-04
4722,38682624,3.70528,0.00000,1.6009e-04
4723,38690816,3.74911,0.00000,1.5997e-04
4724,38699008,3.68957,0.00000,1.5985e-04
4725,38707200,3.81815,0.00000,1.5973e-04
4726,38715392,3.66244,0.00000,1.5962e-04
4727,38723584,3.76155,0.00000,1.5950e-04
4728,38731776,3.87872,0.00000,1.5938e-04
4729,38739968,3.87924,0.00000,1.5926e-04
4730,38748160,3.65461,0.00000,1.5915e-04
4731,38756352,3.71214,0.00000,1.5903e-04
4732,38764544,3.64255,0.00000,1.5891e-04
4733,38772736,3.85763,0.00000,1.5880e-04
4734,38780928,3.72323,0.00000,1.5868e-04
4735,38789120,3.65419,0.00000,1.5856e-04
4736,38797312,3.84878,0.00000,1.5845e-04
4737,38805504,3.83099,0.00000,1.5833e-04
4738,38813696,3.60023,0.00000,1.5821e-04
4739,38821888,3.83916,0.00000,1.5810e-04
4740,38830080,3.72010,0.00000,1.5798e-04
4741,38838272,3.66972,0.00000,1.5786e-04
4742,38846464,3.69737,0.00000,1.5775e-04
4743,38854656,3.83296,0.00000,1.5763e-04
4744,38862848,3.77302,0.00000,1.5751e-04
4745,38871040,3.80333,0.00000,1.5740e-04
4746,38879232,3.54609,0.00000,1.5728e-04
4747,38887424,3.73990,0.00000,1.5717e-04
4748,38895616,3.88817,0.00000,1.5705e-04
4749,38903808,3.65431,0.00000,1.5693e-04
4750,38912000,3.64538,0.00000,1.5682e-04
4751,38920192,3.81958,0.00000,1.5670e-04
4752,38928384,3.67188,0.00000,1.5659e-04
4753,38936576,3.70727,0.00000,1.5647e-04
4754,38944768,3.64302,0.00000,1.5636e-04
4755,38952960,3.71059,0.00000,1.5624e-04
4756,38961152,3.67940,0.00000,1.5613e-04
4757,38969344,3.78547,0.00000,1.5601e-04
4758,38977536,3.63181,0.00000,1.5589e-04
4759,38985728,3.63123,0.00000,1.5578e-04
4760,38993920,3.75229,0.00000,1.5566e-04
4761,39002112,3.76140,0.00000,1.5555e-04
4762,39010304,3.76170,0.00000,1.5543e-04
4763,39018496,3.75238,0.00000,1.5532e-04
4764,39026688,3.84959,0.00000,1.5521e-04
4765,39034880,3.85182,0.00000,1.5509e-04
4766,39043072,3.90919,0.00000,1.5498e-04
4767,39051264,3.63162,0.00000,1.5486e-04
4768,39059456,3.74133,0.00000,1.5475e-04
4769,39067648,3.74691,0.00000,1.5463e-04
4770,39075840,3.79982,0.00000,1.5452e-04
4771,39084032,3.91584,0.00000,1.5440e-04
4772,39092224,3.60256,0.00000,1.5429e-04
4773,39100416,3.50947,0.00000,1.5418e-04
4774,39108608,3.81397,0.00000,1.5406e-04
4775,39116800,3.64635,0.00000,1.5395e-04
4776,39124992,3.63645,0.00000,1.5383e-04
4777,39133184,3.59993,0.00000,1.5372e-04
4778,39141376,3.81745,0.00000,1.5361e-04
4779,39149568,3.68694,0.00000,1.5349e-04
4780,39157760,3.64628,0.00000,1.5338e-04
4781,39165952,3.92792,0.00000,1.5326e-04
4782,39174144,3.76536,0.00000,1.5315e-04
4783,39182336,3.72313,0.00000,1.5304e-04
4784,39190528,3.56637,0.00000,1.5292e-04
4785,39198720,3.57494,0.00000,1.5281e-04
4786,39206912,3.75974,0.00000,1.5270e-04
4787,39215104,3.71495,0.00000,1.5259e-04
4788,39223296,3.77201,0.00000,1.5247e-04
4789,39231488,3.62092,0.00000,1.5236e-04
4790,39239680,3.63187,0.00000,1.5225e-04
4791,39247872,3.69383,0.00000,1.5213e-04
4792,39256064,3.80441,0.00000,1.5202e-04
4793,39264256,3.63118,0.00000,1.5191e-04
4794,39272448,3.74896,0.00000,1.5180e-04
4795,39280640,3.87495,0.00000,1.5168e-04
4796,39288832,3.85031,0.00000,1.5157e-04
4797,39297024,3.70953,0.00000,1.5146e-04
4798,39305216,3.80083,0.00000,1.5135e-04
4799,39313408,3.67836,0.00000,1.5123e-04
4800,39321600,3.72117,0.00000,1.5112e-04
4801,39329792,3.71258,0.00000,1.5101e-04
4802,39337984,3.68478,0.00000,1.5090e-04
4803,39346176,3.62949,0.00000,1.5079e-04
4804,39354368,3.53174,0.00000,1.5067e-04
4805,39362560,3.65428,0.00000,1.5056e-04
4806,39370752,3.75253,0.00000,1.5045e-04
4807,39378944,3.67270,0.00000,1.5034e-04
4808,39387136,3.72305,0.00000,1.5023e-04
4809,39395328,3.74733,0.00000,1.5011e-04
4810,39403520,3.70984,0.00000,1.5000e-04
4811,39411712,3.76914,0.00000,1.4989e-04
4812,39419904,3.61259,0.00000,1.4978e-04
4813,39428096,3.78309,0.00000,1.4967e-04
4814,39436288,3.69400,0.00000,1.4956e-04
4815,39444480,3.66286,0.00000,1.4945e-04
4816,39452672,3.60575,0.00000,1.4934e-04
4817,39460864,3.84919,0.00000,1.4923e-04
4818,39469056,3.53616,0.00000,1.4911e-04
4819,39477248,3.71435,0.00000,1.4900e-04
4820,39485440,3.79493,0.00000,1.4889e-04
4821,39493632,3.63813,0.00000,1.4878e-04
4822,39501824,3.78810,0.00000,1.4867e-04
4823,39510016,3.57626,0.00000,1.4856e-04
4824,39518208,3.83532,0.00000,1.4845e-04
4825,39526400,3.80294,0.00000,1.4834e-04
4826,39534592,3.78537,0.00000,1.4823e-04
4827,39542784,3.77256,0.00000,1.4812e-04
4828,39550976,3.57330,0.00000,1.4801e-04
4829,39559168,3.85658,0.00000,1.4790e-04
4830,39567360,3.65313,0.00000,1.4779e-04
4831,39575552,3.77337,0.00000,1.4768e-04
4832,39583744,3.73684,0.00000,1.4757e-04
4833,39591936,3.72430,0.00000,1.4746e-04
4834,39600128,3.83708,0.00000,1.4735e-04
4835,39608320,3.81442,0.00000,1.4724e-04
4836,39616512,3.87619,0.00000,1.4713e-04
4837,39624704,3.85116,0.00000,1.4702e-04
4838,39632896,3.71222,0.00000,1.4691e-04
4839,39641088,3.82574,0.00000,1.4680e-04
4840,39649280,3.70803,0.00000,1.4669e-04
4841,39657472,3.74805,0.00000,1.4658e-04
4842,39665664,3.68162,0.00000,1.4647e-04
4843,39673856,3.62296,0.00000,1.4637e-04
4844,39682048,3.58446,0.00000,1.4626e-04
4845,39690240,3.80089,0.00000,1.4615e-04
4846,39698432,3.62760,0.00000,1.4604e-04
4847,39706624,3.55732,0.00000,1.4593e-04
4848,39714816,3.86411,0.00000,1.4582e-04
4849,39723008,3.78977,0.00000,1.4571e-04
4850,39731200,3.73398,0.00000,1.4560e-04
4851,39739392,3.76722,0.00000,1.4550e-04
4852,39747584,3.68463,0.00000,1.4539e-04
4853,39755776,3.55915,0.00000,1.4528e-04
4854,39763968,3.72592,0.00000,1.4517e-04
4855,39772160,3.72588,0.00000,1.4506e-04
4856,39780352,3.81325,0.00000,1.4495e-04
4857,39788544,3.75819,0.00000,1.4485e-04
4858,39796736,3.66617,0.00000,1.4474e-04
4859,39804928,3.72943,0.00000,1.4463e-04
4860,39813120,3.53611,0.00000,1.4452e-04
4861,39821312,3.79600,0.00000,1.4442e-04
4862,39829504,3.49103,0.00000,1.4431e-04
4863,39837696,3.56371,0.00000,1.4420e-04
4864,39845888,3.81473,0.00000,1.4409e-04
4865,39854080,3.70003,0.00000,1.4399e-04
4866,39862272,3.71914,0.00000,1.4388e-04
4867,39870464,3.77875,0.00000,1.4377e-04
4868,39878656,3.61038,0.00000,1.4366e-04
4869,39886848,3.65356,0.00000,1.4356e-04
4870,39895040,3.62802,0.00000,1.4345e-04
4871,39903232,3.71467,0.00000,1.4334e-04
4872,39911424,3.79060,0.00000,1.4324e-04
4873,39919616,3.86422,0.00000,1.4313e-04
4874,39927808,3.66366,0.00000,1.4302e-04
4875,39936000,3.80760,0.00000,1.4291e-04
4876,39944192,3.68736,0.00000,1.4281e-04
4877,39952384,3.76428,0.00000,1.4270e-04
4878,39960576,3.63126,0.00000,1.4260e-04
4879,39968768,3.64269,0.00000,1.4249e-04
4880,39976960,3.72888,0.00000,1.4238e-04
4881,39985152,3.72952,0.00000,1.4228e-04
4882,39993344,3.90367,0.00000,1.4217e-04
4883,40001536,3.86156,0.00000,1.4206e-04
4884,40009728,3.70431,0.00000,1.4196e-04
4885,40017920,3.80194,0.00000,1.4185e-04
4886,40026112,3.79495,0.00000,1.4175e-04
4887,40034304,3.76971,0.00000,1.4164e-04
4888,40042496,3.83162,0.00000,1.4153e-04
4889,40050688,3.81525,0.00000,1.4143e-04
4890,40058880,3.77028,0.00000,1.4132e-04
4891,40067072,3.69828,0.00000,1.4122e-04
4892,40075264,3.65860,0.00000,1.4111e-04
4893,40083456,3.73738,0.00000,1.4101e-04
4894,40091648,3.84684,0.00000,1.4090e-04
4895,40099840,3.77358,0.00000,1.4080e-04
4896,40108032,3.71699,0.00000,1.4069e-04
4897,40116224,3.70961,0.00000,1.4059e-04
4898,40124416,3.75682,0.00000,1.4048e-04
4899,40132608,3.74245,0.00000,1.4038e-04
4900,40140800,3.51933,0.00000,1.4027e-04
4901,40148992,3.66870,0.00000,1.4017e-04
4902,40157184,3.73428,0.00000,1.4006e-04
4903,40165376,3.57810,0.00000,1.3996e-04
4904,40173568,3.65107,0.00000,1.3985e-04
4905,40181760,3.66947,0.00000,1.3975e-04
4906,40189952,3.69079,0.00000,1.3964e-04
4907,40198144,3.69146,0.00000,1.3954e-04
4908,40206336,3.75233,0.00000,1.3944e-04
4909,40214528,3.70322,0.00000,1.3933e-04
4910,40222720,3.63381,0.00000,1.3923e-04
4911,40230912,3.80447,0.00000,1.3912e-04
4912,40239104,3.85102,0.00000,1.3902e-04
4913,40247296,3.68785,0.00000,1.3892e-04
4914,40255488,3.62216,0.00000,1.3881e-04
4915,40263680,3.67499,0.00000,1.3871e-04
4916,40271872,3.77644,0.00000,1.3860e-04
4917,40280064,3.84523,0.00000,1.3850e-04
4918,40288256,3.67826,0.00000,1.3840e-04
4919,40296448,3.71896,0.00000,1.3829e-04
4920,40304640,3.80980,0.00000,1.3819e-04
4921,40312832,3.69648,0.00000,1.3809e-04
4922,40321024,3.68780,0.00000,1.3798e-04
4923,40329216,3.79113,0.00000,1.3788e-04
4924,40337408,3.87979,0.00000,1.3778e-04
4925,40345600,3.67527,0.00000,1.3768e-04
4926,40353792,3.61191,0.00000,1.3757e-04
4927,40361984,3.69403,0.00000,1.3747e-04
4928,40370176,3.74441,0.00000,1.3737e-04
4929,40378368,3.77489,0.00000,1.3726e-04
4930,40386560,3.69257,0.00000,1.3716e-04
4931,40394752,3.65864,0.00000,1.3706e-04
4932,40402944,3.63459,0.00000,1.3696e-04
4933,40411136,3.71503,0.00000,1.3685e-04
4934,40419328,3.62218,0.00000,1.3675e-04
4935,40427520,3.67738,0.00000,1.3665e-04
4936,40435712,3.72383,0.00000,1.3655e-04
4937,40443904,3.70165,0.00000,1.3645e-04
4938,40452096,3.77772,0.00000,1.3634e-04
4939,40460288,3.65511,0.00000,1.3624e-04
4940,40468480,3.72609,0.00000,1.3614e-04
4941,40476672,3.82686,0.00000,1.3604e-04
4942,40484864,3.65678,0.00000,1.3594e-04
4943,40493056,3.81080,0.00000,1.3584e-04
4944,40501248,3.72471,0.00000,1.3573e-04
4945,40509440,3.60073,0.00000,1.3563e-04
4946,40517632,3.71007,0.00000,1.3553e-04
4947,40525824,3.79160,0.00000,1.3543e-04
4948,40534016,3.68028,0.00000,1.3533e-04
4949,40542208,3.52853,0.00000,1.3523e-04
4950,40550400,3.73239,0.00000,1.3513e-04
4951,40558592,3.82525,0.00000,1.3503e-04
4952,40566784,3.61121,0.00000,1.3493e-04
4953,40574976,3.65619,0.00000,1.3482e-04
4954,40583168,3.66553,0.00000,1.3472e-04
4955,40591360,3.69322,0.00000,1.3462e-04
4956,40599552,3.66722,0.00000,1.3452e-04
4957,40607744,3.50700,0.00000,1.3442e-04
4958,40615936,3.57583,0.00000,1.3432e-04
4959,40624128,3.67136,0.00000,1.3422e-04
4960,40632320,3.52082,0.00000,1.3412e-04
4961,40640512,3.82879,0.00000,1.3402e-04
4962,40648704,3.74308,0.00000,1.3392e-04
4963,40656896,3.76595,0.00000,1.3382e-04
4964,40665088,3.65882,0.00000,1.3372e-04
4965,40673280,3.69503,0.00000,1.3362e-04
4966,40681472,3.82061,0.00000,1.3352e-04
4967,40689664,3.65281,0.00000,1.3342e-04
4968,40697856,3.68726,0.00000,1.3332e-04
4969,40706048,3.78823,0.00000,1.3322e-04
4970,40714240,3.53007,0.00000,1.3312e-04
4971,40722432,3.75183,0.00000,1.3302e-04
4972,40730624,3.74391,0.00000,1.3292e-04
4973,40738816,3.60770,0.00000,1.3282e-04
4974,40747008,3.76066,0.00000,1.3273e-04
4975,40755200,3.77836,0.00000,1.3263e-04
4976,40763392,3.70798,0.00000,1.3253e-04
4977,40771584,3.64287,0.00000,1.3243e-04
4978,40779776,3.66770,0.00000,1.3233e-04
4979,40787968,3.56904,0.00000,1.3223e-04
4980,40796160,3.75077,0.00000,1.3213e-04
4981,40804352,3.73119,0.00000,1.3203e-04
4982,40812544,3.71889,0.00000,1.3193e-04
4983,40820736,3.71424,0.00000,1.3184e-04
4984,40828928,3.58834,0.00000,1.3174e-04
4985,40837120,3.56763,0.00000,1.3164e-04
4986,40845312,3.62760,0.00000,1.3154e-04
4987,40853504,3.64729,0.00000,1.3144e-04
4988,40861696,3.73736,0.00000,1.3134e-04
4989,40869888,3.67976,0.00000,1.3125e-04
4990,40878080,3.80000,0.00000,1.3115e-04
4991,40886272,3.87652,0.00000,1.3105e-04
4992,40894464,3.68512,0.00000,1.3095e-04
4993,40902656,3.83032,0.00000,1.3086e-04
4994,40910848,3.59456,0.00000,1.3076e-04
4995,40919040,3.62164,0.00000,1.3066e-04
4996,40927232,3.64803,0.00000,1.3056e-04
4997,40935424,3.65883,0.00000,1.3047e-04
4998,40943616,3.56959,0.00000,1.3037e-04
4999,40951808,3.61384,0.00000,1.3027e-04
5000,40960000,3.80379,0.00000,1.3017e-04
5001,40968192,3.60633,0.00000,1.3008e-04
5002,40976384,3.67321,0.00000,1.2998e-04
5003,40984576,3.77870,0.00000,1.2988e-04
5004,40992768,3.60818,0.00000,1.2979e-04
5005,41000960,3.73402,0.00000,1.2969e-04
5006,41009152,3.65080,0.00000,1.2959e-04
5007,41017344,3.61149,0.00000,1.2950e-04
5008,41025536,3.71139,0.00000,1.2940e-04
5009,41033728,3.85839,0.00000,1.2930e-04
5010,41041920,3.66166,0.00000,1.2921e-04
5011,41050112,3.73704,0.00000,1.2911e-04
5012,41058304,3.77341,0.00000,1.2901e-04
5013,41066496,3.66759,0.00000,1.2892e-04
5014,41074688,3.79634,0.00000,1.2882e-04
5015,41082880,3.69255,0.00000,1.2873e-04
5016,41091072,3.74832,0.00000,1.2863e-04
5017,41099264,3.81120,0.00000,1.2853e-04
5018,41107456,3.70258,0.00000,1.2844e-04
5019,41115648,3.67030,0.00000,1.2834e-04
5020,41123840,3.63591,0.00000,1.2825e-04
5021,41132032,3.79037,0.00000,1.2815e-04
5022,41140224,3.63088,0.00000,1.2806e-04
5023,41148416,3.73845,0.00000,1.2796e-04
5024,41156608,3.66179,0.00000,1.2786e-04
5025,41164800,3.72162,0.00000,1.2777e-04
5026,41172992,3.66734,0.00000,1.2767e-04
5027,41181184,3.71153,0.00000,1.2758e-04
5028,41189376,3.64783,0.00000,1.2748e-04
5029,41197568,3.59550,0.00000,1.2739e-04
5030,41205760,3.74704,0.00000,1.2729e-04
5031,41213952,3.67644,0.00000,1.2720e-04
5032,41222144,3.70591,0.00000,1.2711e-04
5033,41230336,3.57010,0.00000,1.2701e-04
5034,41238528,3.69126,0.00000,1.2692e-04
5035,41246720,3.69096,0.00000,1.2682e-04
5036,41254912,3.80588,0.00000,1.2673e-04
5037,41263104,3.82463,0.00000,1.2663e-04
5038,41271296,3.53230,0.00000,1.2654e-04
5039,41279488,3.72326,0.00000,1.2644e-04
5040,41287680,3.67727,0.00000,1.2635e-04
5041,41295872,3.84733,0.00000,1.2626e-04
5042,41304064,3.64759,0.00000,1.2616e-04
5043,41312256,3.69329,0.00000,1.2607e-04
5044,41320448,3.78586,0.00000,1.2598e-04
5045,41328640,3.56417,0.00000,1.2588e-04
5046,41336832,3.77209,0.00000,1.2579e-04
5047,41345024,3.68428,0.00000,1.2569e-04
5048,41353216,3.62900,0.00000,1.2560e-04
5049,41361408,3.68456,0.00000,1.2551e-04
5050,41369600,3.60164,0.00000,1.2541e-04
5051,41377792,3.64915,0.00000,1.2532e-04
5052,41385984,3.75771,0.00000,1.2523e-04
5053,41394176,3.61286,0.00000,1.2514e-04
5054,41402368,3.68305,0.00000,1.2504e-04
5055,41410560,3.74236,0.00000,1.2495e-04
5056,41418752,3.79714,0.00000,1.2486e-04
5057,41426944,3.48801,0.00000,1.2476e-04
5058,41435136,3.62802,0.00000,1.2467e-04
5059,41443328,3.76550,0.00000,1.2458e-04
5060,41451520,3.59684,0.00000,1.2449e-04
5061,41459712,3.65185,0.00000,1.2439e-04
5062,41467904,3.80963,0.00000,1.2430e-04
5063,41476096,3.74025,0.00000,1.2421e-04
5064,41484288,3.77706,0.00000,1.2412e-04
5065,41492480,3.77425,0.00000,1.2403e-04
5066,41500672,3.76848,0.00000,1.2393e-04
5067,41508864,3.70198,0.00000,1.2384e-04
5068,41517056,3.64945,0.00000,1.2375e-04
5069,41525248,3.66413,0.00000,1.2366e-04
5070,41533440,3.73045,0.00000,1.2357e-04
5071,41541632,3.84044,0.00000,1.2347e-04
5072,41549824,3.71038,0.00000,1.2338e-04
5073,41558016,3.72561,0.00000,1.2329e-04
5074,41566208,3.62419,0.00000,1.2320e-04
5075,41574400,3.59109,0.00000,1.2311e-04
5076,41582592,3.77544,0.00000,1.2302e-04
5077,41590784,3.76968,0.00000,1.2293e-04
5078,41598976,3.65219,0.00000,1.2284e-04
5079,41607168,3.66978,0.00000,1.2274e-04
5080,41615360,3.74129,0.00000,1.2265e-04
5081,41623552,3.55279,0.00000,1.2256e-04
5082,41631744,3.72845,0.00000,1.2247e-04
5083,41639936,3.80492,0.00000,1.2238e-04
5084,41648128,3.75964,0.00000,1.2229e-04
5085,41656320,3.69894,0.00000,1.2220e-04
5086,41664512,3.64055,0.00000,1.2211e-04
5087,41672704,3.45857,0.00000,1.2202e-04
5088,41680896,3.88143,0.00000,1.2193e-04
5089,41689088,3.75227,0.00000,1.2184e-04
5090,41697280,3.64398,0.00000,1.2175e-04
5091,41705472,3.69858,0.00000,1.2166e-04
5092,41713664,3.72433,0.00000,1.2157e-04
5093,41721856,3.70768,0.00000,1.2148e-04
5094,41730048,3.64610,0.00000,1.2139e-04
5095,41738240,3.53844,0.00000,1.2130e-04
5096,41746432,3.69607,0.00000,1.2121e-04
5097,41754624,3.63380,0.00000,1.2112e-04
5098,41762816,3.61101,0.00000,1.2103e-04
5099,41771008,3.76535,0.00000,1.2094e-04
5100,41779200,3.61640,0.00000,1.2085e-04
5101,41787392,3.75394,0.00000,1.2076e-04
5102,41795584,3.70099,0.00000,1.2068e-04
5103,41803776,3.70370,0.00000,1.2059e-04
5104,41811968,3.56053,0.00000,1.2050e-04
5105,41820160,3.73710,0.00000,1.2041e-04
5106,41828352,3.71961,0.00000,1.2032e-04
5107,41836544,3.53354,0.00000,1.2023e-04
5108,41844736,3.75784,0.00000,1.2014e-04
5109,41852928,3.79658,0.00000,1.2005e-04
5110,41861120,3.61729,0.00000,1.1997e-04
5111,41869312,3.71416,0.00000,1.1988e-04
5112,41877504,3.66702,0.00000,1.1979e-04
5113,41885696,3.60898,0.00000,1.1970e-04
5114,41893888,3.73769,0.00000,1.1961e-04
5115,41902080,3.60430,0.00000,1.1952e-04
5116,41910272,3.62036,0.00000,1.1944e-04
5117,41918464,3.61686,0.00000,1.1935e-04
5118,41926656,3.72763,0.00000,1.1926e-04
5119,41934848,3.74667,0.00000,1.1917e-04
5120,41943040,3.69129,0.00000,1.1909e-04
5121,41951232,3.58472,0.00000,1.1900e-04
5122,41959424,3.71871,0.00000,1.1891e-04
5123,41967616,3.70127,0.00000,1.1882e-04
5124,41975808,3.73565,0.00000,1.1874e-04
5125,41984000,3.66082,0.00000,1.1865e-04
5126,41992192,3.78403,0.00000,1.1856e-04
5127,42000384,3.62880,0.00000,1.1847e-04
5128,42008576,3.56060,0.00000,1.1839e-04
5129,42016768,3.57524,0.00000,1.1830e-04
5130,42024960,3.74943,0.00000,1.1821e-04
5131,42033152,3.65351,0.00000,1.1813e-04
5132,42041344,3.69969,0.00000,1.1804e-04
5133,42049536,3.67776,0.00000,1.1795e-04
5134,42057728,3.70946,0.00000,1.1787e-04
5135,42065920,3.84829,0.00000,1.1778e-04
5136,42074112,3.61631,0.00000,1.1769e-04
5137,42082304,3.55552,0.00000,1.1761e-04
5138,42090496,3.70287,0.00000,1.1752e-04
5139,42098688,3.87102,0.00000,1.1744e-04
5140,42106880,3.80615,0.00000,1.1735e-04
5141,42115072,3.70545,0.00000,1.1726e-04
5142,42123264,3.74287,0.00000,1.1718e-04
5143,42131456,3.78300,0.00000,1.1709e-04
5144,42139648,3.74261,0.00000,1.1701e-04
5145,42147840,3.65022,0.00000,1.1692e-04
5146,42156032,3.55942,0.00000,1.1684e-04
5147,42164224,3.69658,0.00000,1.1675e-04
5148,42172416,3.81245,0.00000,1.1666e-04
5149,42180608,3.66883,0.00000,1.1658e-04
5150,42188800,3.60511,0.00000,1.1649e-04
5151,42196992,3.54337,0.00000,1.1641e-04
5152,42205184,3.83274,0.00000,1.1632e-04
5153,42213376,3.65890,0.00000,1.1624e-04
5154,42221568,3.66099,0.00000,1.1615e-04
5155,42229760,3.78347,0.00000,1.1607e-04
5156,42237952,3.70237,0.00000,1.1598e-04
5157,42246144,3.69745,0.00000,1.1590e-04
5158,42254336,3.75472,0.00000,1.1582e-04
5159,42262528,3.65921,0.00000,1.1573e-04
5160,42270720,3.73918,0.00000,1.1565e-04
5161,42278912,3.54752,0.00000,1.1556e-04
5162,42287104,3.71440,0.00000,1.1548e-04
5163,42295296,3.70111,0.00000,1.1539e-04
5164,42303488,3.53819,0.00000,1.1531e-04
5165,42311680,3.65057,0.00000,1.1523e-04
5166,42319872,3.60236,0.00000,1.1514e-04
5167,42328064,3.71170,0.00000,1.1506e-04
5168,42336256,3.79408,0.00000,1.1497e-04
5169,42344448,3.75730,0.00000,1.1489e-04
5170,42352640,3.90980,0.00000,1.1481e-04
5171,42360832,3.76790,0.00000,1.1472e-04
5172,42369024,3.65087,0.00000,1.1464e-04
5173,42377216,3.71816,0.00000,1.1456e-04
5174,42385408,3.64244,0.00000,1.1447e-04
5175,42393600,3.66638,0.00000,1.1439e-04
5176,42401792,3.78020,0.00000,1.1431e-04
5177,42409984,3.70046,0.00000,1.1422e-04
5178,42418176,3.72951,0.00000,1.1414e-04
5179,42426368,3.63797,0.00000,1.1406e-04
5180,42434560,3.77789,0.00000,1.1398e-04
5181,42442752,3.67817,0.00000,1.1389e-04
5182,42450944,3.64273,0.00000,1.1381e-04
5183,42459136,3.65356,0.00000,1.1373e-04
5184,42467328,3.66028,0.00000,1.1365e-04
5185,42475520,3.76545,0.00000,1.1356e-04
5186,42483712,3.62757,0.00000,1.1348e-04
5187,42491904,3.68634,0.00000,1.1340e-04
5188,42500096,3.73857,0.00000,1.1332e-04
5189,42508288,3.65425,0.00000,1.1324e-04
5190,42516480,3.71266,0.00000,1.1315e-04
5191,42524672,3.64979,0.00000,1.1307e-04
5192,42532864,3.81703,0.00000,1.1299e-04
5193,42541056,3.71036,0.00000,1.1291e-04
5194,42549248,3.64498,0.00000,1.1283e-04
5195,42557440,3.64384,0.00000,1.1274e-04
5196,42565632,3.71526,0.00000,1.1266e-04
5197,42573824,3.78843,0.00000,1.1258e-04
5198,42582016,3.78956,0.00000,1.1250e-04
5199,42590208,3.73426,0.00000,1.1242e-04
5200,42598400,3.54548,0.00000,1.1234e-04
5201,42606592,3.76736,0.00000,1.1226e-04
5202,42614784,3.68100,0.00000,1.1218e-04
5203,42622976,3.73837,0.00000,1.1210e-04
5204,42631168,3.67041,0.00000,1.1202e-04
5205,42639360,3.59585,0.00000,1.1193e-04
5206,42647552,3.70254,0.00000,1.1185e-04
5207,42655744,3.52212,0.00000,1.1177e-04
5208,42663936,3.60358,0.00000,1.1169e-04
5209,42672128,3.62009,0.00000,1.1161e-04
5210,42680320,3.65980,0.00000,1.1153e-04
5211,42688512,3.62575,0.00000,1.1145e-04
5212,42696704,3.66406,0.00000,1.1137e-04
5213,42704896,3.71790,0.00000,1.1129e-04
5214,42713088,3.62635,0.00000,1.1121e-04
5215,42721280,3.55777,0.00000,1.1113e-04
5216,42729472,3.74177,0.00000,1.1105e-04
5217,42737664,3.56813,0.00000,1.1097e-04
5218,42745856,3.71217,0.00000,1.1089e-04
5219,42754048,3.72550,0.00000,1.1081e-04
5220,42762240,3.51104,0.00000,1.1073e-04
5221,42770432,3.73115,0.00000,1.1065e-04
5222,42778624,3.63351,0.00000,1.1058e-04
5223,42786816,3.62382,0.00000,1.1050e-04
5224,42795008,3.57268,0.00000,1.1042e-04
5225,42803200,3.64505,0.00000,1.1034e-04
5226,42811392,3.68804,0.00000,1.1026e-04
5227,42819584,3.56832,0.00000,1.1018e-04
5228,42827776,3.81987,0.00000,1.1010e-04
5229,42835968,3.74082,0.00000,1.1002e-04
5230,42844160,3.60573,0.00000,1.0994e-04
5231,42852352,3.58212,0.00000,1.0987e-04
5232,42860544,3.56120,0.00000,1.0979e-04
5233,42868736,3.72586,0.00000,1.0971e-04
5234,42876928,3.56617,0.00000,1.0963e-04
5235,42885120,3.60965,0.00000,1.0955e-04
5236,42893312,3.65182,0.00000,1.0947e-04
5237,42901504,3.48015,0.00000,1.0940e-04
5238,42909696,3.73845,0.00000,1.0932e-04
5239,42917888,3.75797,0.00000,1.0924e-04
5240,42926080,3.68817,0.00000,1.0916e-04
5241,42934272,3.74742,0.00000,1.0909e-04
5242,42942464,3.65956,0.00000,1.0901e-04
5243,42950656,3.72894,0.00000,1.0893e-04
5244,42958848,3.63860,0.00000,1.0885e-04
5245,42967040,3.76550,0.00000,1.0878e-04
5246,42975232,3.65145,0.00000,1.0870e-04
5247,42983424,3.79390,0.00000,1.0862e-04
5248,42991616,3.68911,0.00000,1.0854e-04
5249,42999808,3.74524,0.00000,1.0847e-04
5250,43008000,3.63839,0.00000,1.0839e-04
5251,43016192,3.59085,0.00000,1.0831e-04
5252,43024384,3.78124,0.00000,1.0824e-04
5253,43032576,3.81347,0.00000,1.0816e-04
5254,43040768,3.62152,0.00000,1.0808e-04
5255,43048960,3.65186,0.00000,1.0801e-04
5256,43057152,3.62290,0.00000,1.0793e-04
5257,43065344,3.62132,0.00000,1.0785e-04
5258,43073536,3.69283,0.00000,1.0778e-04
5259,43081728,3.81756,0.00000,1.0770e-04
5260,43089920,3.56658,0.00000,1.0763e-04
5261,43098112,3.80234,0.00000,1.0755e-04
5262,43106304,3.81021,0.00000,1.0747e-04
5263,43114496,3.70029,0.00000,1.0740e-04
5264,43122688,3.82355,0.00000,1.0732e-04
5265,43130880,3.71026,0.00000,1.0725e-04
5266,43139072,3.66174,0.00000,1.0717e-04
5267,43147264,3.71291,0.00000,1.0710e-04
5268,43155456,3.68029,0.00000,1.0702e-04
5269,43163648,3.74163,0.00000,1.0694e-04
5270,43171840,3.66012,0.00000,1.0687e-04
5271,43180032,3.69023,0.00000,1.0679e-04
5272,43188224,3.69158,0.00000,1.0672e-04
5273,43196416,3.83582,0.00000,1.0664e-04
5274,43204608,3.59748,0.00000,1.0657e-04
5275,43212800,3.71072,0.00000,1.0649e-04
5276,43220992,3.67334,0.00000,1.0642e-04
5277,43229184,3.68202,0.00000,1.0634e-04
5278,43237376,3.73772,0.00000,1.0627e-04
5279,43245568,3.63418,0.00000,1.0620e-04
5280,43253760,3.69767,0.00000,1.0612e-04
5281,43261952,3.53468,0.00000,1.0605e-04
5282,43270144,3.52967,0.00000,1.0597e-04
5283,43278336,3.59082,0.00000,1.0590e-04
5284,43286528,3.68220,0.00000,1.0582e-04
5285,43294720,3.43761,0.00000,1.0575e-04
5286,43302912,3.67107,0.00000,1.0568e-04
5287,43311104,3.56036,0.00000,1.0560e-04
5288,43319296,3.61745,0.00000,1.0553e-04
5289,43327488,3.66182,0.00000,1.0546e-04
5290,43335680,3.57400,0.00000,1.0538e-04
5291,43343872,3.69900,0.00000,1.0531e-04
5292,43352064,3.74107,0.00000,1.0524e-04
5293,43360256,3.61391,0.00000,1.0516e-04
5294,43368448,3.64117,0.00000,1.0509e-04
5295,43376640,3.67894,0.00000,1.0502e-04
5296,43384832,3.83792,0.00000,1.0494e-04
5297,43393024,3.72028,0.00000,1.0487e-04
5298,43401216,3.66193,0.00000,1.0480e-04
5299,43409408,3.63915,0.00000,1.0472e-04
5300,43417600,3.70432,0.00000,1.0465e-04
5301,43425792,3.69664,0.00000,1.0458e-04
5302,43433984,3.63551,0.00000,1.0451e-04
5303,43442176,3.71294,0.00000,1.0443e-04
5304,43450368,3.66685,0.00000,1.0436e-04
5305,43458560,3.76262,0.00000,1.0429e-04
5306,43466752,3.66441,0.00000,1.0422e-04
5307,43474944,3.69385,0.00000,1.0414e-04
5308,43483136,3.66962,0.00000,1.0407e-04
5309,43491328,3.77984,0.00000,1.0400e-04
5310,43499520,3.70127,0.00000,1.0393e-04
5311,43507712,3.79928,0.00000,1.0386e-04
5312,43515904,3.75761,0.00000,1.0379e-04
5313,43524096,3.67855,0.00000,1.0371e-04
5314,43532288,3.74849,0.00000,1.0364e-04
5315,43540480,3.65039,0.00000,1.0357e-04
5316,43548672,3.58237,0.00000,1.0350e-04
5317,43556864,3.66296,0.00000,1.0343e-04
5318,43565056,3.71535,0.00000,1.0336e-04
5319,43573248,3.65100,0.00000,1.0329e-04
5320,43581440,3.66990,0.00000,1.0322e-04
5321,43589632,3.71188,0.00000,1.0314e-04
5322,43597824,3.52288,0.00000,1.0307e-04
5323,43606016,3.51911,0.00000,1.0300e-04
5324,43614208,3.56219,0.00000,1.0293e-04
5325,43622400,3.66231,0.00000,1.0286e-04
5326,43630592,3.74225,0.00000,1.0279e-04
5327,43638784,3.68509,0.00000,1.0272e-04
5328,43646976,3.66078,0.00000,1.0265e-04
5329,43655168,3.60014,0.00000,1.0258e-04
5330,43663360,3.69017,0.00000,1.0251e-04
5331,43671552,3.74122,0.00000,1.0244e-04
5332,43679744,3.83048,0.00000,1.0237e-04
5333,43687936,3.57231,0.00000,1.0230e-04
5334,43696128,3.70369,0.00000,1.0223e-04
5335,43704320,3.69858,0.00000,1.0216e-04
5336,43712512,3.73080,0.00000,1.0209e-04
5337,43720704,3.63024,0.00000,1.0202e-04
5338,43728896,3.79629,0.00000,1.0195e-04
5339,43737088,3.68105,0.00000,1.0188e-04
5340,43745280,3.76553,0.00000,1.0181e-04
5341,43753472,3.76439,0.00000,1.0174e-04
5342,43761664,3.71334,0.00000,1.0167e-04
5343,43769856,3.72988,0.00000,1.0161e-04
5344,43778048,3.59838,0.00000,1.0154e-04
5345,43786240,3.84102,0.00000,1.0147e-04
5346,43794432,3.67938,0.00000,1.0140e-04
5347,43802624,3.69545,0.00000,1.0133e-04
5348,43810816,3.70317,0.00000,1.0126e-04
5349,43819008,3.68451,0.00000,1.0119e-04
5350,43827200,3.77748,0.00000,1.0112e-04
5351,43835392,3.61374,0.00000,1.0106e-04
5352,43843584,3.81384,0.00000,1.0099e-04
5353,43851776,3.71125,0.00000,1.0092e-04
5354,43859968,3.74785,0.00000,1.0085e-04
5355,43868160,3.78853,0.00000,1.0078e-04
5356,43876352,3.80865,0.00000,1.0072e-04
5357,43884544,3.64099,0.00000,1.0065e-04
5358,43892736,3.61062,0.00000,1.0058e-04
5359,43900928,3.67576,0.00000,1.0051e-04
5360,43909120,3.80116,0.00000,1.0045e-04
5361,43917312,3.74277,0.00000,1.0038e-04
5362,43925504,3.58033,0.00000,1.0031e-04
5363,43933696,3.69783,0.00000,1.0024e-04
5364,43941888,3.63070,0.00000,1.0018e-04
5365,43950080,3.86019,0.00000,1.0011e-04
5366,43958272,3.68919,0.00000,1.0004e-04
5367,43966464,3.74794,0.00000,9.9975e-05
5368,43974656,3.66591,0.00000,9.9908e-05
5369,43982848,3.73146,0.00000,9.9841e-05
5370,43991040,3.51647,0.00000,9.9774e-05
5371,43999232,3.60189,0.00000,9.9708e-05
5372,44007424,3.54873,0.00000,9.9641e-05
5373,44015616,3.70899,0.00000,9.9575e-05
5374,44023808,3.69064,0.00000,9.9508e-05
5375,44032000,3.55766,0.00000,9.9442e-05
5376,44040192,3.63172,0.00000,9.9376e-05
5377,44048384,3.68295,0.00000,9.9310e-05
5378,44056576,3.59827,0.00000,9.9244e-05
5379,44064768,3.73502,0.00000,9.9178e-05
5380,44072960,3.76572,0.00000,9.9112e-05
5381,44081152,3.49603,0.00000,9.9046e-05
5382,44089344,3.69520,0.00000,9.8981e-05
5383,44097536,3.60478,0.00000,9.8915e-05
5384,44105728,3.68588,0.00000,9.8849e-05
5385,44113920,3.60452,0.00000,9.8784e-05
5386,44122112,3.71531,0.00000,9.8719e-05
5387,44130304,3.60840,0.00000,9.8653e-05
5388,44138496,3.67457,0.00000,9.8588e-05
5389,44146688,3.84762,0.00000,9.8523e-05
5390,44154880,3.60065,0.00000,9.8458e-05
5391,44163072,3.67436,0.00000,9.8393e-05
5392,44171264,3.79430,0.00000,9.8329e-05
5393,44179456,3.61152,0.00000,9.8264e-05
5394,44187648,3.77321,0.00000,9.8199e-05
5395,44195840,3.61829,0.00000,9.8135e-05
5396,44204032,3.72253,0.00000,9.8070e-05
5397,44212224,3.65823,0.00000,9.8006e-05
5398,44220416,3.78424,0.00000,9.7942e-05
5399,44228608,3.68515,0.00000,9.7877e-05
5400,44236800,3.71989,0.00000,9.7813e-05
5401,44244992,3.52787,0.00000,9.7749e-05
5402,44253184,3.72894,0.00000,9.7685e-05
5403,44261376,3.57820,0.00000,9.7621e-05
5404,44269568,3.74467,0.00000,9.7558e-05
5405,44277760,3.62579,0.00000,9.7494e-05
5406,44285952,3.73485,0.00000,9.7430e-05
5407,44294144,3.73692,0.00000,9.7367e-05
5408,44302336,3.57527,0.00000,9.7303e-05
5409,44310528,3.73426,0.00000,9.7240e-05
5410,44318720,3.67820,0.00000,9.7177e-05
5411,44326912,3.62957,0.00000,9.7114e-05
5412,44335104,3.67659,0.00000,9.7051e-05
5413,44343296,3.79641,0.00000,9.6988e-05
5414,44351488,3.64575,0.00000,9.6925e-05
5415,44359680,3.70600,0.00000,9.6862e-05
5416,44367872,3.56444,0.00000,9.6799e-05
5417,44376064,3.78719,0.00000,9.6737e-05
5418,44384256,3.68672,0.00000,9.6674e-05
5419,44392448,3.71573,0.00000,9.6612e-05
5420,44400640,3.67378,0.00000,9.6549e-05
5421,44408832,3.79233,0.00000,9.6487e-05
5422,44417024,3.76144,0.00000,9.6425e-05
5423,44425216,3.41755,0.00000,9.6363e-05
5424,44433408,3.50931,0.00000,9.6301e-05
5425,44441600,3.76577,0.00000,9.6239e-05
5426,44449792,3.46833,0.00000,9.6177e-05
5427,44457984,3.63956,0.00000,9.6115e-05
5428,44466176,3.77142,0.00000,9.6053e-05
5429,44474368,3.71276,0.00000,9.5992e-05
5430,44482560,3.77334,0.00000,9.5930e-05
5431,44490752,3.82113,0.00000,9.5869e-05
5432,44498944,3.66163,0.00000,9.5808e-05
5433,44507136,3.73981,0.00000,9.5746e-05
5434,44515328,3.59619,0.00000,9.5685e-05
5435,44523520,3.78074,0.00000,9.5624e-05
5436,44531712,3.50561,0.00000,9.5563e-05
5437,44539904,3.82686,0.00000,9.5502e-05
5438,44548096,3.49653,0.00000,9.5441e-05
5439,44556288,3.77048,0.00000,9.5381e-05
5440,44564480,3.64671,0.00000,9.5320e-05
5441,44572672,3.68564,0.00000,9.5260e-05
5442,44580864,3.70428,0.00000,9.5199e-05
5443,44589056,3.70756,0.00000,9.5139e-05
5444,44597248,3.76864,0.00000,9.5078e-05
5445,44605440,3.57069,0.00000,9.5018e-05
5446,44613632,3.65390,0.00000,9.4958e-05
5447,44621824,3.53976,0.00000,9.4898e-05
5448,44630016,3.76027,0.00000,9.4838e-05
5449,44638208,3.85087,0.00000,9.4778e-05
5450,44646400,3.77183,0.00000,9.4719e-05
5451,44654592,3.70131,0.00000,9.4659e-05
5452,44662784,3.74483,0.00000,9.4599e-05
5453,44670976,3.78099,0.00000,9.4540e-05
5454,44679168,3.77417,0.00000,9.4480e-05
5455,44687360,3.53973,0.00000,9.4421e-05
5456,44695552,3.78615,0.00000,9.4362e-05
5457,44703744,3.79994,0.00000,9.4303e-05
5458,44711936,3.65074,0.00000,9.4244e-05
5459,44720128,3.72883,0.00000,9.4185e-05
5460,44728320,3.78708,0.00000,9.4126e-05
5461,44736512,3.70415,0.00000,9.4067e-05
5462,44744704,3.63501,0.00000,9.4008e-05
5463,44752896,3.92573,0.00000,9.3950e-05
5464,44761088,3.80061,0.00000,9.3891e-05
5465,44769280,3.58530,0.00000,9.3833e-05
5466,44777472,3.71525,0.00000,9.3775e-05
5467,44785664,3.80205,0.00000,9.3716e-05
5468,44793856,3.64021,0.00000,9.3658e-05
5469,44802048,3.80714,0.00000,9.3600e-05
5470,44810240,3.76553,0.00000,9.3542e-05
5471,44818432,3.70585,0.00000,9.3484e-05
5472,44826624,3.59838,0.00000,9.3426e-05
5473,44834816,3.57829,0.00000,9.3369e-05
5474,44843008,3.48709,0.00000,9.3311e-05
5475,44851200,3.70346,0.00000,9.3253e-05
5476,44859392,3.76821,0.00000,9.3196e-05
5477,44867584,3.78964,0.00000,9.3139e-05
5478,44875776,3.61662,0.00000,9.3081e-05
5479,44883968,3.77899,0.00000,9.3024e-05
5480,44892160,3.70397,0.00000,9.2967e-05
5481,44900352,3.63899,0.00000,9.2910e-05
5482,44908544,3.60309,0.00000,9.2853e-05
5483,44916736,3.55476,0.00000,9.2796e-05
5484,44924928,3.66526,0.00000,9.2739e-05
5485,44933120,3.73052,0.00000,9.2683e-05
5486,44941312,3.77385,0.00000,9.2626e-05
5487,44949504,3.81583,0.00000,9.2570e-05
5488,44957696,3.54783,0.00000,9.2513e-05
5489,44965888,3.65922,0.00000,9.2457e-05
5490,44974080,3.59534,0.00000,9.2401e-05
5491,44982272,3.73506,0.00000,9.2344e-05
5492,44990464,3.81218,0.00000,9.2288e-05
5493,44998656,3.85644,0.00000,9.2232e-05
5494,45006848,3.64627,0.00000,9.2177e-05
5495,45015040,3.79434,0.00000,9.2121e-05
5496,45023232,3.53378,0.00000,9.2065e-05
5497,45031424,3.66038,0.00000,9.2009e-05
5498,45039616,3.53980,0.00000,9.1954e-05
5499,45047808,3.61215,0.00000,9.1899e-05
5500,45056000,3.56234,0.00000,9.1843e-05
5501,45064192,3.72301,0.00000,9.1788e-05
5502,45072384,3.69821,0.00000,9.1733e-05
5503,45080576,3.71041,0.00000,9.1678e-05
5504,45088768,3.73477,0.00000,9.1623e-05
5505,45096960,3.52547,0.00000,9.1568e-05
5506,45105152,3.74574,0.00000,9.1513e-05
5507,45113344,3.63702,0.00000,9.1458e-05
5508,45121536,3.57333,0.00000,9.1404e-05
5509,45129728,3.71098,0.00000,9.1349e-05
5510,45137920,3.73137,0.00000,9.1295e-05
5511,45146112,3.71930,0.00000,9.1240e-05
5512,45154304,3.58139,0.00000,9.1186e-05
5513,45162496,3.62283,0.00000,9.1132e-05
5514,45170688,3.65806,0.00000,9.1078e-05
5515,45178880,3.66005,0.00000,9.1024e-05
5516,45187072,3.72226,0.00000,9.0970e-05
5517,45195264,3.63300,0.00000,9.0916e-05
5518,45203456,3.64417,0.00000,9.0862e-05
5519,45211648,3.61940,0.00000,9.0808e-05
5520,45219840,3.50685,0.00000,9.0755e-05
5521,45228032,3.70958,0.00000,9.0701e-05
5522,45236224,3.63874,0.00000,9.0648e-05
5523,45244416,3.62539,0.00000,9.0595e-05
5524,45252608,3.71132,0.00000,9.0541e-05
5525,45260800,3.70322,0.00000,9.0488e-05
5526,45268992,3.73723,0.00000,9.0435e-05
5527,45277184,3.61478,0.00000,9.0382e-05
5528,45285376,3.75521,0.00000,9.0329e-05
5529,45293568,3.54600,0.00000,9.0277e-05
5530,45301760,3.68382,0.00000,9.0224e-05
5531,45309952,3.73280,0.00000,9.0171e-05
5532,45318144,3.70736,0.00000,9.0119e-05
5533,45326336,3.65485,0.00000,9.0066e-05
5534,45334528,3.79238,0.00000,9.0014e-05
5535,45342720,3.73570,0.00000,8.9962e-05
5536,45350912,3.70064,0.00000,8.9910e-05
5537,45359104,3.69229,0.00000,8.9858e-05
5538,45367296,3.66168,0.00000,8.9806e-05
5539,45375488,3.58323,0.00000,8.9754e-05
5540,45383680,3.65248,0.00000,8.9702e-05
5541,45391872,3.60699,0.00000,8.9650e-05
5542,45400064,3.61777,0.00000,8.9599e-05
5543,45408256,3.79521,0.00000,8.9547e-05
5544,45416448,3.66394,0.00000,8.9496e-05
5545,45424640,3.57249,0.00000,8.9444e-05
5546,45432832,3.58038,0.00000,8.9393e-05
5547,45441024,3.54526,0.00000,8.9342e-05
5548,45449216,3.67221,0.00000,8.9291e-05
5549,45457408,3.71815,0.00000,8.9240e-05
5550,45465600,3.61140,0.00000,8.9189e-05
5551,45473792,3.71547,0.00000,8.9138e-05
5552,45481984,3.74346,0.00000,8.9087e-05
5553,45490176,3.63118,0.00000,8.9037e-05
5554,45498368,3.75917,0.00000,8.8986e-05
5555,45506560,3.76609,0.00000,8.8936e-05
5556,45514752,3.63191,0.00000,8.8885e-05
5557,45522944,3.83895,0.00000,8.8835e-05
5558,45531136,3.71759,0.00000,8.8785e-05
5559,45539328,3.43520,0.00000,8.8735e-05
5560,45547520,3.68577,0.00000,8.8685e-05
5561,45555712,3.58801,0.00000,8.8635e-05
5562,45563904,3.64608,0.00000,8.8585e-05
5563,45572096,3.70974,0.00000,8.8535e-05
5564,45580288,3.65674,0.00000,8.8486e-05
5565,45588480,3.63756,0.00000,8.8436e-05
5566,45596672,3.65934,0.00000,8.8387e-05
5567,45604864,3.62456,0.00000,8.8337e-05
5568,45613056,3.60364,0.00000,8.8288e-05
5569,45621248,3.67953,0.00000,8.8239e-05
5570,45629440,3.68424,0.00000,8.8190e-05
5571,45637632,3.72039,0.00000,8.8140e-05
5572,45645824,3.76142,0.00000,8.8092e-05
5573,45654016,3.72668,0.00000,8.8043e-05
5574,45662208,3.72285,0.00000,8.7994e-05
5575,45670400,3.67103,0.00000,8.7945e-05
5576,45678592,3.51143,0.00000,8.7897e-05
5577,45686784,3.66549,0.00000,8.7848e-05
5578,45694976,3.66212,0.00000,8.7800e-05
5579,45703168,3.70514,0.00000,8.7751e-05
5580,45711360,3.61370,0.00000,8.7703e-05
5581,45719552,3.83761,0.00000,8.7655e-05
5582,45727744,3.71382,0.00000,8.7607e-05
5583,45735936,3.76463,0.00000,8.7559e-05
5584,45744128,3.58943,0.00000,8.7511e-05
5585,45752320,3.78317,0.00000,8.7463e-05
5586,45760512,3.62190,0.00000,8.7416e-05
5587,45768704,3.77639,0.00000,8.7368e-05
5588,45776896,3.71970,0.00000,8.7321e-05
5589,45785088,3.66722,0.00000,8.7273e-05
5590,45793280,3.62298,0.00000,8.7226e-05
5591,45801472,3.66977,0.00000,8.7179e-05
5592,45809664,3.68194,0.00000,8.7132e-05
5593,45817856,3.65186,0.00000,8.7085e-05
5594,45826048,3.53502,0.00000,8.7038e-05
5595,45834240,3.67878,0.00000,8.6991e-05
5596,45842432,3.69360,0.00000,8.6944e-05
5597,45850624,3.78462,0.00000,8.6897e-05
5598,45858816,3.60386,0.00000,8.6851e-05
5599,45867008,3.84014,0.00000,8.6804e-05
5600,45875200,3.57571,0.00000,8.6758e-05
5601,45883392,3.48047,0.00000,8.6711e-05
5602,45891584,3.82351,0.00000,8.6665e-05
5603,45899776,3.76614,0.00000,8.6619e-05
5604,45907968,3.57556,0.00000,8.6573e-05
5605,45916160,3.69357,0.00000,8.6527e-05
5606,45924352,3.51206,0.00000,8.6481e-05
5607,45932544,3.58894,0.00000,8.6435e-05
5608,45940736,3.71326,0.00000,8.6389e-05
5609,45948928,3.76786,0.00000,8.6344e-05
5610,45957120,3.58179,0.00000,8.6298e-05
5611,45965312,3.66429,0.00000,8.6253e-05
5612,45973504,3.62235,0.00000,8.6207e-05
5613,45981696,3.62277,0.00000,8.6162e-05
5614,45989888,3.64014,0.00000,8.6117e-05
5615,45998080,3.61851,0.00000,8.6072e-05
5616,46006272,3.64604,0.00000,8.6027e-05
5617,46014464,3.64500,0.00000,8.5982e-05
5618,46022656,3.56550,0.00000,8.5937e-05
5619,46030848,3.65428,0.00000,8.5893e-05
5620,46039040,3.58502,0.00000,8.5848e-05
5621,46047232,3.68295,0.00000,8.5803e-05
5622,46055424,3.77762,0.00000,8.5759e-05
5623,46063616,3.57183,0.00000,8.5715e-05
5624,46071808,3.67616,0.00000,8.5670e-05
5625,46080000,3.44676,0.00000,8.5626e-05
5626,46088192,3.70931,0.00000,8.5582e-05
5627,46096384,3.74097,0.00000,8.5538e-05
5628,46104576,3.69680,0.00000,8.5494e-05
5629,46112768,3.58579,0.00000,8.5450e-05
5630,46120960,3.75132,0.00000,8.5407e-05
5631,46129152,3.71920,0.00000,8.5363e-05
5632,46137344,3.60911,0.00000,8.5319e-05
5633,46145536,3.74083,0.00000,8.5276e-05
5634,46153728,3.63150,0.00000,8.5233e-05
5635,46161920,3.73018,0.00000,8.5189e-05
5636,46170112,3.65592,0.00000,8.5146e-05
5637,46178304,3.61315,0.00000,8.5103e-05
5638,46186496,3.64168,0.00000,8.5060e-05
5639,46194688,3.71422,0.00000,8.5017e-05
5640,46202880,3.70892,0.00000,8.4974e-05
5641,46211072,3.60607,0.00000,8.4932e-05
5642,46219264,3.66947,0.00000,8.4889e-05
5643,46227456,3.57773,0.00000,8.4846e-05
5644,46235648,3.67168,0.00000,8.4804e-05
5645,46243840,3.59908,0.00000,8.4762e-05
5646,46252032,3.52412,0.00000,8.4719e-05
5647,46260224,3.52350,0.00000,8.4677e-05
5648,46268416,3.69876,0.00000,8.4635e-05
5649,46276608,3.63819,0.00000,8.4593e-05
5650,46284800,3.71600,0.00000,8.4551e-05
5651,46292992,3.64064,0.00000,8.4509e-05
5652,46301184,3.68713,0.00000,8.4467e-05
5653,46309376,3.59228,0.00000,8.4426e-05
5654,46317568,3.65778,0.00000,8.4384e-05
5655,46325760,3.59445,0.00000,8.4343e-05
5656,46333952,3.81402,0.00000,8.4301e-05
5657,46342144,3.86899,0.00000,8.4260e-05
5658,46350336,3.61652,0.00000,8.4219e-05
5659,46358528,3.85212,0.00000,8.4178e-05
5660,46366720,3.72965,0.00000,8.4137e-05
5661,46374912,3.67929,0.00000,8.4096e-05
5662,46383104,3.56856,0.00000,8.4055e-05
5663,46391296,3.64352,0.00000,8.4014e-05
5664,46399488,3.65403,0.00000,8.3974e-05
5665,46407680,3.72656,0.00000,8.3933e-05
5666,46415872,3.59800,0.00000,8.3893e-05
5667,46424064,3.70300,0.00000,8.3852e-05
5668,46432256,3.58941,0.00000,8.3812e-05
5669,46440448,3.57934,0.00000,8.3772e-05
5670,46448640,3.78405,0.00000,8.3732e-05
5671,46456832,3.66736,0.00000,8.3692e-05
5672,46465024,3.65786,0.00000,8.3652e-05
5673,46473216,3.81556,0.00000,8.3612e-05
5674,46481408,3.72817,0.00000,8.3572e-05
5675,46489600,3.67807,0.00000,8.3532e-05
5676,46497792,3.64240,0.00000,8.3493e-05
5677,46505984,3.61782,0.00000,8.3453e-05
5678,46514176,3.58320,0.00000,8.3414e-05
5679,46522368,3.71089,0.00000,8.3375e-05
5680,46530560,3.63265,0.00000,8.3336e-05
5681,46538752,3.73790,0.00000,8.3296e-05
5682,46546944,3.73315,0.00000,8.3257e-05
5683,46555136,3.81090,0.00000,8.3218e-05
5684,46563328,3.85915,0.00000,8.3180e-05
5685,46571520,3.66660,0.00000,8.3141e-05
5686,46579712,3.67777,0.00000,8.3102e-05
5687,46587904,3.74048,0.00000,8.3064e-05
5688,46596096,3.65686,0.00000,8.3025e-05
5689,46604288,3.50318,0.00000,8.2987e-05
5690,46612480,3.73520,0.00000,8.2948e-05
5691,46620672,3.68309,0.00000,8.2910e-05
5692,46628864,3.69488,0.00000,8.2872e-05
5693,46637056,3.56563,0.00000,8.2834e-05
5694,46645248,3.71127,0.00000,8.2796e-05
5695,46653440,3.66287,0.00000,8.2758e-05
5696,46661632,3.57947,0.00000,8.2721e-05
5697,46669824,3.70145,0.00000,8.2683e-05
5698,46678016,3.66714,0.00000,8.2645e-05
5699,46686208,3.58224,0.00000,8.2608e-05
5700,46694400,3.55408,0.00000,8.2571e-05
5701,46702592,3.72753,0.00000,8.2533e-05
5702,46710784,3.57855,0.00000,8.2496e-05
5703,46718976,3.70722,0.00000,8.2459e-05
5704,46727168,3.71600,0.00000,8.2422e-05
5705,46735360,3.66456,0.00000,8.2385e-05
5706,46743552,3.52069,0.00000,8.2348e-05
5707,46751744,3.55822,0.00000,8.2311e-05
5708,46759936,3.65209,0.00000,8.2275e-05
5709,46768128,3.66274,0.00000,8.2238e-05
5710,46776320,3.70177,0.00000,8.2202e-05
5711,46784512,3.78786,0.00000,8.2165e-05
5712,46792704,3.74456,0.00000,8.2129e-05
5713,46800896,3.72245,0.00000,8.2093e-05
5714,46809088,3.61002,0.00000,8.2057e-05
5715,46817280,3.71307,0.00000,8.2021e-05
5716,46825472,3.62821,0.00000,8.1985e-05
5717,46833664,3.74512,0.00000,8.1949e-05
5718,46841856,3.61733,0.00000,8.1913e-05
5719,46850048,3.58661,0.00000,8.1878e-05
5720,46858240,3.69944,0.00000,8.1842e-05
5721,46866432,3.71423,0.00000,8.1807e-05
5722,46874624,3.70525,0.00000,8.1771e-05
5723,46882816,3.68202,0.00000,8.1736e-05
5724,46891008,3.61736,0.00000,8.1701e-05
5725,46899200,3.54713,0.00000,8.1666e-05
5726,46907392,3.71260,0.00000,8.1631e-05
5727,46915584,3.70006,0.00000,8.1596e-05
5728,46923776,3.51869,0.00000,8.1561e-05
5729,46931968,3.50942,0.00000,8.1526e-05
5730,46940160,3.63207,0.00000,8.1491e-05
5731,46948352,3.49829,0.00000,8.1457e-05
5732,46956544,3.62838,0.00000,8.1422e-05
5733,46964736,3.71961,0.00000,8.1388e-05
5734,46972928,3.59768,0.00000,8.1354e-05
5735,46981120,3.86384,0.00000,8.1320e-05
5736,46989312,3.74877,0.00000,8.1285e-05
5737,46997504,3.79492,0.00000,8.1251e-05
5738,47005696,3.68331,0.00000,8.1218e-05
5739,47013888,3.71582,0.00000,8.1184e-05
5740,47022080,3.79781,0.00000,8.1150e-05
5741,47030272,3.66294,0.00000,8.1116e-05
5742,47038464,3.73809,0.00000,8.1083e-05
5743,47046656,3.55038,0.00000,8.1049e-05
5744,47054848,3.59989,0.00000,8.1016e-05
5745,47063040,3.58749,0.00000,8.0983e-05
5746,47071232,3.66906,0.00000,8.0950e-05
5747,47079424,3.59528,0.00000,8.0916e-05
5748,47087616,3.56223,0.00000,8.0883e-05
5749,47095808,3.72249,0.00000,8.0851e-05
5750,47104000,3.65888,0.00000,8.0818e-05
5751,47112192,3.63177,0.00000,8.0785e-05
5752,47120384,3.62777,0.00000,8.0752e-05
5753,47128576,3.58431,0.00000,8.0720e-05
5754,47136768,3.55786,0.00000,8.0687e-05
5755,47144960,3.69225,0.00000,8.0655e-05
5756,47153152,3.77677,0.00000,8.0623e-05
5757,47161344,3.64779,0.00000,8.0591e-05
5758,47169536,3.63495,0.00000,8.0558e-05
5759,47177728,3.64844,0.00000,8.0526e-05
5760,47185920,3.62433,0.00000,8.0495e-05
5761,47194112,3.62818,0.00000,8.0463e-05
5762,47202304,3.62117,0.00000,8.0431e-05
5763,47210496,3.56725,0.00000,8.0399e-05
5764,47218688,3.72753,0.00000,8.0368e-05
5765,47226880,3.57660,0.00000,8.0336e-05
5766,47235072,3.77266,0.00000,8.0305e-05
5767,47243264,3.86847,0.00000,8.0274e-05
5768,47251456,3.62001,0.00000,8.0243e-05
5769,47259648,3.60157,0.00000,8.0212e-05
5770,47267840,3.62393,0.00000,8.0181e-05
5771,47276032,3.77772,0.00000,8.0150e-05
5772,47284224,3.67777,0.00000,8.0119e-05
5773,47292416,3.73135,0.00000,8.0088e-05
5774,47300608,3.57548,0.00000,8.0058e-05
5775,47308800,3.73538,0.00000,8.0027e-05
5776,47316992,3.60959,0.00000,7.9997e-05
5777,47325184,3.57963,0.00000,7.9966e-05
5778,47333376,3.85548,0.00000,7.9936e-05
5779,47341568,3.73379,0.00000,7.9906e-05
5780,47349760,3.70093,0.00000,7.9876e-05
5781,47357952,3.58716,0.00000,7.9846e-05
5782,47366144,3.54804,0.00000,7.9816e-05
5783,47374336,3.64487,0.00000,7.9786e-05
5784,47382528,3.56409,0.00000,7.9756e-05
5785,47390720,3.57533,0.00000,7.9727e-05
5786,47398912,3.69753,0.00000,7.9697e-05
5787,47407104,3.75544,0.00000,7.9668e-05
5788,47415296,3.56890,0.00000,7.9638e-05
5789,47423488,3.74615,0.00000,7.9609e-05
5790,47431680,3.65659,0.00000,7.9580e-05
5791,47439872,3.61935,0.00000,7.9551e-05
5792,47448064,3.70447,0.00000,7.9522e-05
5793,47456256,3.62552,0.00000,7.9493e-05
5794,47464448,3.68796,0.00000,7.9464e-05
5795,47472640,3.66987,0.00000,7.9436e-05
5796,47480832,3.69804,0.00000,7.9407e-05
5797,47489024,3.64514,0.00000,7.9379e-05
5798,47497216,3.55317,0.00000,7.9350e-05
5799,47505408,3.74677,0.00000,7.9322e-05
5800,47513600,3.60432,0.00000,7.9294e-05
5801,47521792,3.68133,0.00000,7.9265e-05
5802,47529984,3.62904,0.00000,7.9237e-05
5803,47538176,3.65970,0.00000,7.9209e-05
5804,47546368,3.50626,0.00000,7.9182e-05
5805,47554560,3.70404,0.00000,7.9154e-05
5806,47562752,3.64167,0.00000,7.9126e-05
5807,47570944,3.61455,0.00000,7.9099e-05
5808,47579136,3.82787,0.00000,7.9071e-05
5809,47587328,3.70213,0.00000,7.9044e-05
5810,47595520,3.56679,0.00000,7.9016e-05
5811,47603712,3.68689,0.00000,7.8989e-05
5812,47611904,3.74031,0.00000,7.8962e-05
5813,47620096,3.75935,0.00000,7.8935e-05
5814,47628288,3.69276,0.00000,7.8908e-05
5815,47636480,3.63750,0.00000,7.8881e-05
5816,47644672,3.63872,0.00000,7.8854e-05
5817,47652864,3.60276,0.00000,7.8828e-05
5818,47661056,3.51813,0.00000,7.8801e-05
5819,47669248,3.63465,0.00000,7.8775e-05
5820,47677440,3.68152,0.00000,7.8748e-05
5821,47685632,3.66422,0.00000,7.8722e-05
5822,47693824,3.70940,0.00000,7.8696e-05
5823,47702016,3.64777,0.00000,7.8670e-05
5824,47710208,3.69818,0.00000,7.8644e-05
5825,47718400,3.79829,0.00000,7.8618e-05
5826,47726592,3.67764,0.00000,7.8592e-05
5827,47734784,3.55602,0.00000,7.8566e-05
5828,47742976,3.58540,0.00000,7.8540e-05
5829,47751168,3.75604,0.00000,7.8515e-05
5830,47759360,3.56196,0.00000,7.8489e-05
5831,47767552,3.66434,0.00000,7.8464e-05
5832,47775744,3.69043,0.00000,7.8439e-05
5833,47783936,3.53566,0.00000,7.8414e-05
5834,47792128,3.60660,0.00000,7.8388e-05
5835,47800320,3.65289,0.00000,7.8363e-05
5836,47808512,3.56319,0.00000,7.8338e-05
5837,47816704,3.84082,0.00000,7.8314e-05
5838,47824896,3.64155,0.00000,7.8289e-05
5839,47833088,3.65973,0.00000,7.8264e-05
5840,47841280,3.73479,0.00000,7.8240e-05
5841,47849472,3.50051,0.00000,7.8215e-05
5842,47857664,3.73821,0.00000,7.8191e-05
5843,47865856,3.72619,0.00000,7.8167e-05
5844,47874048,3.73451,0.00000,7.8142e-05
5845,47882240,3.64541,0.00000,7.8118e-05
5846,47890432,3.65569,0.00000,7.8094e-05
5847,47898624,3.67293,0.00000,7.8070e-05
5848,47906816,3.72003,0.00000,7.8047e-05
5849,47915008,3.61336,0.00000,7.8023e-05
5850,47923200,3.59886,0.00000,7.7999e-05
5851,47931392,3.55218,0.00000,7.7976e-05
5852,47939584,3.55984,0.00000,7.7952e-05
5853,47947776,3.69879,0.00000,7.7929e-05
5854,47955968,3.73843,0.00000,7.7906e-05
5855,47964160,3.62516,0.00000,7.7883e-05
5856,47972352,3.64733,0.00000,7.7859e-05
5857,47980544,3.63438,0.00000,7.7836e-05
5858,47988736,3.72287,0.00000,7.7814e-05
5859,47996928,3.63583,0.00000,7.7791e-05
5860,48005120,3.65920,0.00000,7.7768e-05
5861,48013312,3.62950,0.00000,7.7745e-05
5862,48021504,3.68190,0.00000,7.7723e-05
5863,48029696,3.51600,0.00000,7.7701e-05
5864,48037888,3.67583,0.00000,7.7678e-05
5865,48046080,3.59392,0.00000,7.7656e-05
5866,48054272,3.56000,0.00000,7.7634e-05
5867,48062464,3.71162,0.00000,7.7612e-05
5868,48070656,3.53358,0.00000,7.7590e-05
5869,48078848,3.63167,0.00000,7.7568e-05
5870,48087040,3.58491,0.00000,7.7546e-05
5871,48095232,3.76239,0.00000,7.7524e-05
5872,48103424,3.60752,0.00000,7.7503e-05
5873,48111616,3.57397,0.00000,7.7481e-05
5874,48119808,3.65644,0.00000,7.7460e-05
5875,48128000,3.68038,0.00000,7.7439e-05
5876,48136192,3.68174,0.00000,7.7417e-05
5877,48144384,3.69092,0.00000,7.7396e-05
5878,48152576,3.71954,0.00000,7.7375e-05
5879,48160768,3.79943,0.00000,7.7354e-05
5880,48168960,3.71780,0.00000,7.7333e-05
5881,48177152,3.55681,0.00000,7.7313e-05
5882,48185344,3.71521,0.00000,7.7292e-05
5883,48193536,3.67050,0.00000,7.7271e-05
5884,48201728,3.70883,0.00000,7.7251e-05
5885,48209920,3.67814,0.00000,7.7231e-05
5886,48218112,3.71621,0.00000,7.7210e-05
5887,48226304,3.61984,0.00000,7.7190e-05
5888,48234496,3.68967,0.00000,7.7170e-05
5889,48242688,3.57336,0.00000,7.7150e-05
5890,48250880,3.69472,0.00000,7.7130e-05
5891,48259072,3.71524,0.00000,7.7110e-05
5892,48267264,3.59007,0.00000,7.7090e-05
5893,48275456,3.80954,0.00000,7.7071e-05
5894,48283648,3.65550,0.00000,7.7051e-05
5895,48291840,3.65966,0.00000,7.7032e-05
5896,48300032,3.61842,0.00000,7.7012e-05
5897,48308224,3.41565,0.00000,7.6993e-05
5898,48316416,3.66544,0.00000,7.6974e-05
5899,48324608,3.67297,0.00000,7.6955e-05
5900,48332800,3.61149,0.00000,7.6936e-05
5901,48340992,3.57668,0.00000,7.6917e-05
5902,48349184,3.61978,0.00000,7.6898e-05
5903,48357376,3.78467,0.00000,7.6879e-05
5904,48365568,3.63851,0.00000,7.6861e-05
5905,48373760,3.79871,0.00000,7.6842e-05
5906,48381952,3.62476,0.00000,7.6824e-05
5907,48390144,3.56970,0.00000,7.6805e-05
5908,48398336,3.52484,0.00000,7.6787e-05
5909,48406528,3.60056,0.00000,7.6769e-05
5910,48414720,3.59721,0.00000,7.6751e-05
5911,48422912,3.55292,0.00000,7.6733e-05
5912,48431104,3.78743,0.00000,7.6715e-05
5913,48439296,3.76427,0.00000,7.6697e-05
5914,48447488,3.65820,0.00000,7.6679e-05
5915,48455680,3.76190,0.00000,7.6662e-05
5916,48463872,3.67136,0.00000,7.6644e-05
5917,48472064,3.48817,0.00000,7.6627e-05
5918,48480256,3.61113,0.00000,7.6609e-05
5919,48488448,3.98499,0.00000,7.6592e-05
5920,48496640,3.73737,0.00000,7.6575e-05
5921,48504832,3.61714,0.00000,7.6558e-05
5922,48513024,3.64749,0.00000,7.6541e-05
5923,48521216,3.66992,0.00000,7.6524e-05
5924,48529408,3.68038,0.00000,7.6507e-05
5925,48537600,3.61434,0.00000,7.6491e-05
5926,48545792,3.68383,0.00000,7.6474e-05
5927,48553984,3.50067,0.00000,7.6458e-05
5928,48562176,3.55426,0.00000,7.6441e-05
5929,48570368,3.54839,0.00000,7.6425e-05
5930,48578560,3.66977,0.00000,7.6409e-05
5931,48586752,3.81187,0.00000,7.6392e-05
5932,48594944,3.64512,0.00000,7.6376e-05
5933,48603136,3.66132,0.00000,7.6360e-05
5934,48611328,3.67202,0.00000,7.6345e-05
5935,48619520,3.60551,0.00000,7.6329e-05
5936,48627712,3.59699,0.00000,7.6313e-05
5937,48635904,3.62455,0.00000,7.6298e-05
5938,48644096,3.75174,0.00000,7.6282e-05
5939,48652288,3.48944,0.00000,7.6267e-05
5940,48660480,3.59262,0.00000,7.6251e-05
5941,48668672,3.71434,0.00000,7.6236e-05
5942,48676864,3.66154,0.00000,7.6221e-05
5943,48685056,3.66533,0.00000,7.6206e-05
5944,48693248,3.58518,0.00000,7.6191e-05
5945,48701440,3.59883,0.00000,7.6176e-05
5946,48709632,3.50366,0.00000,7.6162e-05
5947,48717824,3.67379,0.00000,7.6147e-05
5948,48726016,3.54072,0.00000,7.6132e-05
5949,48734208,3.65341,0.00000,7.6118e-05
5950,48742400,3.62402,0.00000,7.6104e-05
5951,48750592,3.89777,0.00000,7.6089e-05
5952,48758784,3.75718,0.00000,7.6075e-05
5953,48766976,3.52930,0.00000,7.6061e-05
5954,48775168,3.58048,0.00000,7.6047e-05
5955,48783360,3.68765,0.00000,7.6033e-05
5956,48791552,3.72381,0.00000,7.6019e-05
5957,48799744,3.72529,0.00000,7.6006e-05
5958,48807936,3.63412,0.00000,7.5992e-05
5959,48816128,3.57229,0.00000,7.5978e-05
5960,48824320,3.59181,0.00000,7.5965e-05
5961,48832512,3.68806,0.00000,7.5952e-05
5962,48840704,3.62438,0.00000,7.5938e-05
5963,48848896,3.65789,0.00000,7.5925e-05
5964,48857088,3.69349,0.00000,7.5912e-05
5965,48865280,3.80762,0.00000,7.5899e-05
5966,48873472,3.67182,0.00000,7.5886e-05
5967,48881664,3.73409,0.00000,7.5873e-05
5968,48889856,3.61268,0.00000,7.5861e-05
5969,48898048,3.69369,0.00000,7.5848e-05
5970,48906240,3.81002,0.00000,7.5836e-05
5971,48914432,3.50222,0.00000,7.5823e-05
5972,48922624,3.80254,0.00000,7.5811e-05
5973,48930816,3.65755,0.00000,7.5799e-05
5974,48939008,3.65606,0.00000,7.5787e-05
5975,48947200,3.68634,0.00000,7.5774e-05
5976,48955392,3.61956,0.00000,7.5763e-05
5977,48963584,3.66615,0.00000,7.5751e-05
5978,48971776,3.73863,0.00000,7.5739e-05
5979,48979968,3.67813,0.00000,7.5727e-05
5980,48988160,3.50174,0.00000,7.5716e-05
5981,48996352,3.50730,0.00000,7.5704e-05
5982,49004544,3.65864,0.00000,7.5693e-05
5983,49012736,3.69679,0.00000,7.5681e-05
5984,49020928,3.73538,0.00000,7.5670e-05
5985,49029120,3.74997,0.00000,7.5659e-05
5986,49037312,3.76610,0.00000,7.5648e-05
5987,49045504,3.64271,0.00000,7.5637e-05
5988,49053696,3.46662,0.00000,7.5626e-05
5989,49061888,3.67575,0.00000,7.5616e-05
5990,49070080,3.54516,0.00000,7.5605e-05
5991,49078272,3.71533,0.00000,7.5594e-05
5992,49086464,3.65830,0.00000,7.5584e-05
5993,49094656,3.38838,0.00000,7.5573e-05
5994,49102848,3.79615,0.00000,7.5563e-05
5995,49111040,3.55533,0.00000,7.5553e-05
5996,49119232,3.74490,0.00000,7.5543e-05
5997,49127424,3.76375,0.00000,7.5533e-05
5998,49135616,3.72343,0.00000,7.5523e-05
5999,49143808,3.65814,0.00000,7.5513e-05
6000,49152000,3.72924,0.00000,7.5503e-05
6001,49160192,3.57896,0.00000,7.5494e-05
6002,49168384,3.56418,0.00000,7.5484e-05
6003,49176576,3.60569,0.00000,7.5475e-05
6004,49184768,3.65020,0.00000,7.5465e-05
6005,49192960,3.69721,0.00000,7.5456e-05
6006,49201152,3.60025,0.00000,7.5447e-05
6007,49209344,3.51502,0.00000,7.5438e-05
6008,49217536,3.69022,0.00000,7.5429e-05
6009,49225728,3.62662,0.00000,7.5420e-05
6010,49233920,3.64602,0.00000,7.5411e-05
6011,49242112,3.61382,0.00000,7.5403e-05
6012,49250304,3.63200,0.00000,7.5394e-05
6013,49258496,3.69501,0.00000,7.5385e-05
6014,49266688,3.61506,0.00000,7.5377e-05
6015,49274880,3.67802,0.00000,7.5369e-05
6016,49283072,3.65573,0.00000,7.5360e-05
6017,49291264,3.73945,0.00000,7.5352e-05
6018,49299456,3.59198,0.00000,7.5344e-05
6019,49307648,3.53606,0.00000,7.5336e-05
6020,49315840,3.72444,0.00000,7.5328e-05
6021,49324032,3.60537,0.00000,7.5321e-05
6022,49332224,3.52343,0.00000,7.5313e-05
6023,49340416,3.70740,0.00000,7.5305e-05
6024,49348608,3.75851,0.00000,7.5298e-05
6025,49356800,3.69130,0.00000,7.5291e-05
6026,49364992,3.68464,0.00000,7.5283e-05
6027,49373184,3.72588,0.00000,7.5276e-05
6028,49381376,3.67720,0.00000,7.5269e-05
6029,49389568,3.59027,0.00000,7.5262e-05
6030,49397760,3.69370,0.00000,7.5255e-05
6031,49405952,3.62899,0.00000,7.5248e-05
6032,49414144,3.65197,0.00000,7.5241e-05
6033,49422336,3.59751,0.00000,7.5235e-05
6034,49430528,3.72601,0.00000,7.5228e-05
6035,49438720,3.44415,0.00000,7.5222e-05
6036,49446912,3.60750,0.00000,7.5215e-05
6037,49455104,3.60431,0.00000,7.5209e-05
6038,49463296,3.60986,0.00000,7.5203e-05
6039,49471488,3.65404,0.00000,7.5197e-05
6040,49479680,3.77250,0.00000,7.5191e-05
6041,49487872,3.57392,0.00000,7.5185e-05
6042,49496064,3.71145,0.00000,7.5179e-05
6043,49504256,3.63956,0.00000,7.5173e-05
6044,49512448,3.69568,0.00000,7.5168e-05
6045,49520640,3.67790,0.00000,7.5162e-05
6046,49528832,3.59087,0.00000,7.5157e-05
6047,49537024,3.56799,0.00000,7.5151e-05
6048,49545216,3.64888,0.00000,7.5146e-05
6049,49553408,3.69049,0.00000,7.5141e-05
6050,49561600,3.67404,0.00000,7.5136e-05
6051,49569792,3.68151,0.00000,7.5131e-05
6052,49577984,3.81998,0.00000,7.5126e-05
6053,49586176,3.71901,0.00000,7.5121e-05
6054,49594368,3.64921,0.00000,7.5116e-05
6055,49602560,3.62431,0.00000,7.5112e-05
6056,49610752,3.77955,0.00000,7.5107e-05
6057,49618944,3.62900,0.00000,7.5103e-05
6058,49627136,3.66605,0.00000,7.5099e-05
6059,49635328,3.69250,0.00000,7.5094e-05
6060,49643520,3.63843,0.00000,7.5090e-05
6061,49651712,3.61144,0.00000,7.5086e-05
6062,49659904,3.68585,0.00000,7.5082e-05
6063,49668096,3.72015,0.00000,7.5078e-05
6064,49676288,3.62327,0.00000,7.5074e-05
6065,49684480,3.69898,0.00000,7.5071e-05
6066,49692672,3.68949,0.00000,7.5067e-05
6067,49700864,3.67010,0.00000,7.5064e-05
6068,49709056,3.60294,0.00000,7.5060e-05
6069,49717248,3.59239,0.00000,7.5057e-05
6070,49725440,3.80391,0.00000,7.5054e-05
6071,49733632,3.68959,0.00000,7.5051e-05
6072,49741824,3.59598,0.00000,7.5048e-05
6073,49750016,3.69757,0.00000,7.5045e-05
6074,49758208,3.70250,0.00000,7.5042e-05
6075,49766400,3.65600,0.00000,7.5039e-05
6076,49774592,3.62313,0.00000,7.5037e-05
6077,49782784,3.57750,0.00000,7.5034e-05
6078,49790976,3.64751,0.00000,7.5031e-05
6079,49799168,3.56936,0.00000,7.5029e-05
6080,49807360,3.62009,0.00000,7.5027e-05
6081,49815552,3.54966,0.00000,7.5025e-05
6082,49823744,3.59562,0.00000,7.5023e-05
6083,49831936,3.78590,0.00000,7.5021e-05
6084,49840128,3.61757,0.00000,7.5019e-05
6085,49848320,3.69528,0.00000,7.5017e-05
6086,49856512,3.65856,0.00000,7.5015e-05
6087,49864704,3.57935,0.00000,7.5013e-05
6088,49872896,3.62953,0.00000,7.5012e-05
6089,49881088,3.64113,0.00000,7.5010e-05
6090,49889280,3.70844,0.00000,7.5009e-05
6091,49897472,3.74481,0.00000,7.5008e-05
6092,49905664,3.72449,0.00000,7.5007e-05
6093,49913856,3.70655,0.00000,7.5006e-05
6094,49922048,3.63505,0.00000,7.5005e-05
6095,49930240,3.69479,0.00000,7.5004e-05
6096,49938432,3.58363,0.00000,7.5003e-05
6097,49946624,3.69712,0.00000,7.5002e-05
6098,49954816,3.62712,0.00000,7.5002e-05
6099,49963008,3.55341,0.00000,7.5001e-05
6100,49971200,3.46332,0.00000,7.5001e-05
6101,49979392,3.54683,0.00000,7.5000e-05
6102,49987584,3.70060,0.00000,7.5000e-05
6103,49995776,3.68792,0.00000,7.5000e-05
