step,tokens,train_ce,aux_loss,lr
2442,20004864,4.07092,1.11695,5.2909e-04
2443,20013056,4.09781,1.06717,5.2892e-04
2444,20021248,3.90246,1.03531,5.2876e-04
2445,20029440,4.03578,1.01880,5.2859e-04
2446,20037632,3.96590,1.01269,5.2842e-04
2447,20045824,4.04665,1.01483,5.2826e-04
2448,20054016,4.00232,1.01500,5.2809e-04
2449,20062208,3.92701,1.01726,5.2792e-04
2450,20070400,3.91509,1.01889,5.2776e-04
2451,20078592,3.99005,1.01986,5.2759e-04
2452,20086784,4.05690,1.02094,5.2742e-04
2453,20094976,4.30847,1.02265,5.2726e-04
2454,20103168,4.00844,1.01773,5.2709e-04
2455,20111360,4.10102,1.01516,5.2692e-04
2456,20119552,4.12462,1.01791,5.2676e-04
2457,20127744,3.89512,1.01477,5.2659e-04
2458,20135936,4.08888,1.02186,5.2642e-04
2459,20144128,3.88980,1.01967,5.2626e-04
2460,20152320,4.13327,1.01994,5.2609e-04
2461,20160512,4.18243,1.02127,5.2592e-04
2462,20168704,3.99299,1.02243,5.2575e-04
2463,20176896,4.03071,1.01705,5.2559e-04
2464,20185088,4.07938,1.02291,5.2542e-04
2465,20193280,4.02757,1.02295,5.2525e-04
2466,20201472,4.09300,1.03009,5.2509e-04
2467,20209664,4.09020,1.02077,5.2492e-04
2468,20217856,4.01865,1.01956,5.2475e-04
2469,20226048,4.06328,1.02130,5.2458e-04
2470,20234240,4.10457,1.01864,5.2442e-04
2471,20242432,3.91899,1.02256,5.2425e-04
2472,20250624,4.00522,1.02362,5.2408e-04
2473,20258816,4.16398,1.02604,5.2392e-04
2474,20267008,4.04318,1.02835,5.2375e-04
2475,20275200,4.08643,1.02681,5.2358e-04
2476,20283392,3.94480,1.02408,5.2341e-04
2477,20291584,4.09198,1.02438,5.2325e-04
2478,20299776,3.96208,1.02701,5.2308e-04
2479,20307968,4.40980,1.02487,5.2291e-04
2480,20316160,4.07793,1.02595,5.2274e-04
2481,20324352,4.13802,1.02531,5.2258e-04
2482,20332544,4.07613,1.02639,5.2241e-04
2483,20340736,4.11322,1.02731,5.2224e-04
2484,20348928,3.96962,1.03240,5.2207e-04
2485,20357120,4.06558,1.02767,5.2191e-04
2486,20365312,3.88959,1.02497,5.2174e-04
2487,20373504,4.05633,1.02444,5.2157e-04
2488,20381696,4.06867,1.02171,5.2140e-04
2489,20389888,3.99826,1.02505,5.2123e-04
2490,20398080,4.10867,1.02221,5.2107e-04
2491,20406272,4.11961,1.03224,5.2090e-04
2492,20414464,3.95888,1.03262,5.2073e-04
2493,20422656,3.98878,1.02771,5.2056e-04
2494,20430848,3.96454,1.04209,5.2039e-04
2495,20439040,3.99769,1.04129,5.2023e-04
2496,20447232,4.16250,1.05117,5.2006e-04
2497,20455424,4.02050,1.05155,5.1989e-04
2498,20463616,4.16242,1.05354,5.1972e-04
2499,20471808,4.14592,1.05691,5.1955e-04
2500,20480000,4.15150,1.05849,5.1939e-04
2501,20488192,4.08000,1.06485,5.1922e-04
2502,20496384,4.04538,1.05963,5.1905e-04
2503,20504576,4.01263,1.04992,5.1888e-04
2504,20512768,4.02588,1.04206,5.1871e-04
2505,20520960,4.07440,1.04150,5.1855e-04
2506,20529152,4.01491,1.03396,5.1838e-04
2507,20537344,4.08454,1.03458,5.1821e-04
2508,20545536,4.16189,1.03427,5.1804e-04
2509,20553728,3.96721,1.03442,5.1787e-04
2510,20561920,3.95987,1.03805,5.1770e-04
2511,20570112,3.93658,1.03624,5.1753e-04
2512,20578304,4.11307,1.04630,5.1737e-04
2513,20586496,3.87462,1.03983,5.1720e-04
2514,20594688,4.04288,1.04751,5.1703e-04
2515,20602880,4.09496,1.05038,5.1686e-04
2516,20611072,3.91861,1.04426,5.1669e-04
2517,20619264,3.93906,1.04473,5.1652e-04
2518,20627456,4.03001,1.04938,5.1635e-04
2519,20635648,4.11650,1.04919,5.1619e-04
2520,20643840,3.93278,1.04617,5.1602e-04
2521,20652032,4.05412,1.05392,5.1585e-04
2522,20660224,4.07422,1.05687,5.1568e-04
2523,20668416,3.99849,1.04977,5.1551e-04
2524,20676608,3.99744,1.04770,5.1534e-04
2525,20684800,4.13885,1.04612,5.1517e-04
2526,20692992,4.04298,1.04873,5.1500e-04
2527,20701184,4.06170,1.05215,5.1484e-04
2528,20709376,3.97252,1.04780,5.1467e-04
2529,20717568,3.94811,1.05585,5.1450e-04
2530,20725760,3.98181,1.06119,5.1433e-04
2531,20733952,4.08305,1.05475,5.1416e-04
2532,20742144,4.05324,1.05855,5.1399e-04
2533,20750336,3.97633,1.05301,5.1382e-04
2534,20758528,4.12985,1.05330,5.1365e-04
2535,20766720,3.95644,1.04447,5.1348e-04
2536,20774912,4.04004,1.05052,5.1331e-04
2537,20783104,4.03034,1.04956,5.1314e-04
2538,20791296,3.93097,1.05391,5.1298e-04
2539,20799488,4.04055,1.05683,5.1281e-04
2540,20807680,4.14000,1.05297,5.1264e-04
2541,20815872,4.02447,1.05479,5.1247e-04
2542,20824064,4.06818,1.05713,5.1230e-04
2543,20832256,4.02619,1.06448,5.1213e-04
2544,20840448,3.99246,1.06797,5.1196e-04
2545,20848640,3.93156,1.06858,5.1179e-04
2546,20856832,4.07174,1.06847,5.1162e-04
2547,20865024,4.13756,1.06545,5.1145e-04
2548,20873216,3.99300,1.07152,5.1128e-04
2549,20881408,4.09064,1.07639,5.1111e-04
2550,20889600,4.11328,1.06791,5.1094e-04
2551,20897792,4.04513,1.06613,5.1077e-04
2552,20905984,3.93726,1.06904,5.1060e-04
2553,20914176,4.02855,1.06172,5.1043e-04
2554,20922368,3.95875,1.06183,5.1026e-04
2555,20930560,4.12275,1.05569,5.1009e-04
2556,20938752,3.90478,1.05729,5.0992e-04
2557,20946944,4.13366,1.05454,5.0976e-04
2558,20955136,4.09303,1.05294,5.0959e-04
2559,20963328,4.06464,1.04868,5.0942e-04
2560,20971520,3.89355,1.05812,5.0925e-04
2561,20979712,4.07841,1.04740,5.0908e-04
2562,20987904,3.91088,1.05096,5.0891e-04
2563,20996096,3.99271,1.05383,5.0874e-04
2564,21004288,4.03072,1.04986,5.0857e-04
2565,21012480,4.09807,1.05044,5.0840e-04
2566,21020672,4.05564,1.04695,5.0823e-04
2567,21028864,4.16675,1.04667,5.0806e-04
2568,21037056,3.99794,1.04594,5.0789e-04
2569,21045248,4.12840,1.04814,5.0772e-04
2570,21053440,4.02036,1.05535,5.0755e-04
2571,21061632,4.11376,1.05156,5.0738e-04
2572,21069824,4.04834,1.04771,5.0721e-04
2573,21078016,3.95353,1.05258,5.0704e-04
2574,21086208,4.07868,1.05118,5.0687e-04
2575,21094400,3.94136,1.05880,5.0670e-04
2576,21102592,3.93164,1.05986,5.0653e-04
2577,21110784,4.08856,1.06177,5.0635e-04
2578,21118976,4.05109,1.06359,5.0618e-04
2579,21127168,4.05715,1.07187,5.0601e-04
2580,21135360,4.17737,1.07098,5.0584e-04
2581,21143552,3.86319,1.06896,5.0567e-04
2582,21151744,3.86291,1.06818,5.0550e-04
2583,21159936,4.06125,1.06671,5.0533e-04
2584,21168128,4.13681,1.06562,5.0516e-04
2585,21176320,4.03332,1.06322,5.0499e-04
2586,21184512,3.92051,1.06062,5.0482e-04
2587,21192704,3.99301,1.06094,5.0465e-04
2588,21200896,4.08617,1.06743,5.0448e-04
2589,21209088,4.16335,1.06743,5.0431e-04
2590,21217280,4.08515,1.06696,5.0414e-04
2591,21225472,3.97929,1.06713,5.0397e-04
2592,21233664,4.08989,1.06032,5.0380e-04
2593,21241856,4.13480,1.06224,5.0363e-04
2594,21250048,4.29048,1.05741,5.0346e-04
2595,21258240,4.01833,1.06004,5.0329e-04
2596,21266432,4.00392,1.05579,5.0311e-04
2597,21274624,4.11498,1.05721,5.0294e-04
2598,21282816,4.10282,1.06446,5.0277e-04
2599,21291008,4.03945,1.06308,5.0260e-04
2600,21299200,4.00059,1.06170,5.0243e-04
2601,21307392,3.91968,1.06294,5.0226e-04
2602,21315584,4.08605,1.06599,5.0209e-04
2603,21323776,4.05766,1.07104,5.0192e-04
2604,21331968,4.06605,1.07664,5.0175e-04
2605,21340160,3.97638,1.08088,5.0158e-04
2606,21348352,4.19913,1.07411,5.0141e-04
2607,21356544,4.12048,1.07941,5.0123e-04
2608,21364736,4.07648,1.08350,5.0106e-04
2609,21372928,3.98141,1.08149,5.0089e-04
2610,21381120,3.86852,1.09940,5.0072e-04
2611,21389312,4.12804,1.09903,5.0055e-04
2612,21397504,4.19581,1.11774,5.0038e-04
2613,21405696,3.95330,1.11290,5.0021e-04
2614,21413888,4.08372,1.11435,5.0004e-04
2615,21422080,3.93054,1.12442,4.9987e-04
2616,21430272,3.98556,1.12294,4.9969e-04
2617,21438464,4.05008,1.12071,4.9952e-04
2618,21446656,4.07792,1.13476,4.9935e-04
2619,21454848,4.12537,1.12334,4.9918e-04
2620,21463040,4.09578,1.12733,4.9901e-04
2621,21471232,4.22346,1.13476,4.9884e-04
2622,21479424,3.94551,1.14859,4.9867e-04
2623,21487616,4.00317,1.14431,4.9850e-04
2624,21495808,3.94190,1.12477,4.9832e-04
2625,21504000,4.04944,1.14449,4.9815e-04
2626,21512192,3.93817,1.16297,4.9798e-04
2627,21520384,4.11890,1.15770,4.9781e-04
2628,21528576,4.12016,1.14544,4.9764e-04
2629,21536768,4.09201,1.16257,4.9747e-04
2630,21544960,4.01855,1.16238,4.9729e-04
2631,21553152,4.08451,1.15485,4.9712e-04
2632,21561344,3.94191,1.14455,4.9695e-04
2633,21569536,4.09031,1.14301,4.9678e-04
2634,21577728,4.06613,1.13329,4.9661e-04
2635,21585920,3.94537,1.13534,4.9644e-04
2636,21594112,3.91468,1.13744,4.9626e-04
2637,21602304,3.99968,1.12511,4.9609e-04
2638,21610496,4.09986,1.12795,4.9592e-04
2639,21618688,4.06931,1.12170,4.9575e-04
2640,21626880,4.10636,1.13098,4.9558e-04
2641,21635072,4.08167,1.11758,4.9541e-04
2642,21643264,4.16406,1.12748,4.9523e-04
2643,21651456,3.96141,1.13845,4.9506e-04
2644,21659648,4.03406,1.15356,4.9489e-04
2645,21667840,3.95924,1.14015,4.9472e-04
2646,21676032,3.82065,1.15114,4.9455e-04
2647,21684224,4.03693,1.14982,4.9437e-04
2648,21692416,4.06728,1.15549,4.9420e-04
2649,21700608,4.01400,1.16004,4.9403e-04
2650,21708800,4.06277,1.15625,4.9386e-04
2651,21716992,3.93220,1.15793,4.9369e-04
2652,21725184,4.03233,1.16217,4.9351e-04
2653,21733376,4.06512,1.16370,4.9334e-04
2654,21741568,3.96642,1.17144,4.9317e-04
2655,21749760,4.03166,1.16610,4.9300e-04
2656,21757952,4.15268,1.16819,4.9283e-04
2657,21766144,3.93372,1.17291,4.9265e-04
2658,21774336,4.12594,1.17426,4.9248e-04
2659,21782528,4.08872,1.17240,4.9231e-04
2660,21790720,4.02509,1.16872,4.9214e-04
2661,21798912,4.01665,1.16664,4.9196e-04
2662,21807104,4.06520,1.16181,4.9179e-04
2663,21815296,4.19668,1.15468,4.9162e-04
2664,21823488,4.10087,1.16184,4.9145e-04
2665,21831680,4.07522,1.16722,4.9127e-04
2666,21839872,4.07218,1.17304,4.9110e-04
2667,21848064,4.07290,1.16781,4.9093e-04
2668,21856256,4.03503,1.16420,4.9076e-04
2669,21864448,4.09369,1.16627,4.9059e-04
2670,21872640,4.03327,1.15965,4.9041e-04
2671,21880832,4.04151,1.16959,4.9024e-04
2672,21889024,3.97474,1.16576,4.9007e-04
2673,21897216,4.08363,1.17341,4.8990e-04
2674,21905408,3.97428,1.17042,4.8972e-04
2675,21913600,4.09444,1.17360,4.8955e-04
2676,21921792,4.03287,1.18262,4.8938e-04
2677,21929984,4.09557,1.17265,4.8920e-04
2678,21938176,3.96606,1.17845,4.8903e-04
2679,21946368,4.08243,1.17811,4.8886e-04
2680,21954560,3.92089,1.19803,4.8869e-04
2681,21962752,4.11657,1.18629,4.8851e-04
2682,21970944,3.96287,1.18972,4.8834e-04
2683,21979136,4.22033,1.17864,4.8817e-04
2684,21987328,4.01911,1.18043,4.8800e-04
2685,21995520,4.08637,1.16237,4.8782e-04
2686,22003712,4.06780,1.15814,4.8765e-04
2687,22011904,3.90944,1.16781,4.8748e-04
2688,22020096,3.91297,1.18117,4.8730e-04
2689,22028288,3.96308,1.17920,4.8713e-04
2690,22036480,3.91115,1.19177,4.8696e-04
2691,22044672,3.88773,1.19368,4.8679e-04
2692,22052864,3.86504,1.20107,4.8661e-04
2693,22061056,4.04417,1.19851,4.8644e-04
2694,22069248,4.16556,1.20992,4.8627e-04
2695,22077440,4.15249,1.20052,4.8609e-04
2696,22085632,4.15886,1.18672,4.8592e-04
2697,22093824,4.02475,1.18659,4.8575e-04
2698,22102016,3.91900,1.20533,4.8557e-04
2699,22110208,4.02905,1.18134,4.8540e-04
2700,22118400,3.95973,1.18743,4.8523e-04
2701,22126592,4.00864,1.18407,4.8506e-04
2702,22134784,4.05283,1.18762,4.8488e-04
2703,22142976,4.13690,1.18178,4.8471e-04
2704,22151168,4.01206,1.18819,4.8454e-04
2705,22159360,3.99982,1.18577,4.8436e-04
2706,22167552,4.06100,1.20035,4.8419e-04
2707,22175744,3.92080,1.19455,4.8402e-04
2708,22183936,4.05261,1.19465,4.8384e-04
2709,22192128,4.00204,1.19114,4.8367e-04
2710,22200320,4.11037,1.20138,4.8350e-04
2711,22208512,4.08127,1.19957,4.8332e-04
2712,22216704,4.03624,1.19732,4.8315e-04
2713,22224896,4.06332,1.18483,4.8298e-04
2714,22233088,4.08741,1.18379,4.8280e-04
2715,22241280,4.19294,1.19603,4.8263e-04
2716,22249472,3.99253,1.19138,4.8246e-04
2717,22257664,4.09924,1.19923,4.8228e-04
2718,22265856,4.03159,1.19428,4.8211e-04
2719,22274048,4.17980,1.21048,4.8194e-04
2720,22282240,4.00835,1.20400,4.8176e-04
2721,22290432,4.20142,1.21533,4.8159e-04
2722,22298624,4.08346,1.21753,4.8142e-04
2723,22306816,4.06571,1.20526,4.8124e-04
2724,22315008,4.09070,1.21153,4.8107e-04
2725,22323200,3.92720,1.21665,4.8089e-04
2726,22331392,3.93538,1.21213,4.8072e-04
2727,22339584,4.05863,1.21730,4.8055e-04
2728,22347776,4.12510,1.21231,4.8037e-04
2729,22355968,3.95545,1.22965,4.8020e-04
2730,22364160,4.04767,1.22037,4.8003e-04
2731,22372352,4.10338,1.22414,4.7985e-04
2732,22380544,3.85942,1.21922,4.7968e-04
2733,22388736,3.94467,1.21936,4.7951e-04
2734,22396928,3.94025,1.22470,4.7933e-04
2735,22405120,4.08441,1.23567,4.7916e-04
2736,22413312,3.95904,1.24970,4.7898e-04
2737,22421504,4.14672,1.24744,4.7881e-04
2738,22429696,4.01412,1.24243,4.7864e-04
2739,22437888,4.03650,1.25432,4.7846e-04
2740,22446080,4.01402,1.24187,4.7829e-04
2741,22454272,3.95953,1.23823,4.7811e-04
2742,22462464,4.00871,1.24660,4.7794e-04
2743,22470656,3.93578,1.23386,4.7777e-04
2744,22478848,3.94457,1.24526,4.7759e-04
2745,22487040,4.02737,1.22046,4.7742e-04
2746,22495232,4.11706,1.22090,4.7725e-04
2747,22503424,3.81747,1.21624,4.7707e-04
2748,22511616,3.95920,1.22079,4.7690e-04
2749,22519808,4.02801,1.21866,4.7672e-04
2750,22528000,4.10603,1.22354,4.7655e-04
2751,22536192,4.08249,1.22269,4.7637e-04
2752,22544384,3.98714,1.22653,4.7620e-04
2753,22552576,4.17494,1.22534,4.7603e-04
2754,22560768,3.99724,1.22622,4.7585e-04
2755,22568960,3.96054,1.23121,4.7568e-04
2756,22577152,4.15311,1.21888,4.7550e-04
2757,22585344,3.87628,1.21941,4.7533e-04
2758,22593536,3.99290,1.22548,4.7516e-04
2759,22601728,4.01249,1.21954,4.7498e-04
2760,22609920,4.10273,1.21901,4.7481e-04
2761,22618112,3.95679,1.21865,4.7463e-04
2762,22626304,3.88276,1.22030,4.7446e-04
2763,22634496,3.99855,1.21359,4.7428e-04
2764,22642688,3.90532,1.21851,4.7411e-04
2765,22650880,3.96114,1.20769,4.7394e-04
2766,22659072,4.09676,1.21379,4.7376e-04
2767,22667264,4.07948,1.19572,4.7359e-04
2768,22675456,3.84713,1.20345,4.7341e-04
2769,22683648,4.00801,1.21448,4.7324e-04
2770,22691840,3.85912,1.20699,4.7306e-04
2771,22700032,4.10869,1.20654,4.7289e-04
2772,22708224,3.90968,1.20667,4.7272e-04
2773,22716416,3.98930,1.21500,4.7254e-04
2774,22724608,4.03291,1.21540,4.7237e-04
2775,22732800,4.01306,1.22159,4.7219e-04
2776,22740992,3.98104,1.22953,4.7202e-04
2777,22749184,4.04782,1.22753,4.7184e-04
2778,22757376,4.04393,1.23819,4.7167e-04
2779,22765568,4.02547,1.23069,4.7149e-04
2780,22773760,3.93588,1.24152,4.7132e-04
2781,22781952,4.04103,1.23920,4.7115e-04
2782,22790144,4.00883,1.23992,4.7097e-04
2783,22798336,3.98002,1.23833,4.7080e-04
2784,22806528,4.06247,1.23863,4.7062e-04
2785,22814720,4.03151,1.24609,4.7045e-04
2786,22822912,4.01721,1.24120,4.7027e-04
2787,22831104,4.09404,1.24157,4.7010e-04
2788,22839296,4.08277,1.25450,4.6992e-04
2789,22847488,4.02033,1.25545,4.6975e-04
2790,22855680,4.03122,1.24917,4.6957e-04
2791,22863872,3.95191,1.26379,4.6940e-04
2792,22872064,3.92235,1.25719,4.6922e-04
2793,22880256,3.96147,1.26734,4.6905e-04
2794,22888448,4.01209,1.24545,4.6887e-04
2795,22896640,4.05151,1.26145,4.6870e-04
2796,22904832,3.94463,1.25794,4.6852e-04
2797,22913024,3.82922,1.26388,4.6835e-04
2798,22921216,4.03585,1.25698,4.6817e-04
2799,22929408,4.02511,1.25275,4.6800e-04
2800,22937600,4.14033,1.25170,4.6783e-04
2801,22945792,4.00694,1.26578,4.6765e-04
2802,22953984,3.94031,1.24722,4.6748e-04
2803,22962176,3.89247,1.26585,4.6730e-04
2804,22970368,3.98481,1.24889,4.6713e-04
2805,22978560,4.11919,1.24768,4.6695e-04
2806,22986752,3.96584,1.26486,4.6678e-04
2807,22994944,3.96249,1.24810,4.6660e-04
2808,23003136,3.92026,1.22493,4.6643e-04
2809,23011328,3.79993,1.23711,4.6625e-04
2810,23019520,4.07441,1.23778,4.6608e-04
2811,23027712,4.07604,1.23419,4.6590e-04
2812,23035904,4.05833,1.22747,4.6573e-04
2813,23044096,4.02532,1.23136,4.6555e-04
2814,23052288,3.95537,1.25229,4.6538e-04
2815,23060480,3.92929,1.25626,4.6520e-04
2816,23068672,3.92153,1.25879,4.6503e-04
2817,23076864,4.06974,1.25789,4.6485e-04
2818,23085056,3.98560,1.24819,4.6467e-04
2819,23093248,3.96696,1.23748,4.6450e-04
2820,23101440,3.76838,1.23541,4.6432e-04
2821,23109632,4.04689,1.23478,4.6415e-04
2822,23117824,4.00573,1.22769,4.6397e-04
2823,23126016,3.91626,1.23164,4.6380e-04
2824,23134208,3.81379,1.24290,4.6362e-04
2825,23142400,4.10155,1.24680,4.6345e-04
2826,23150592,3.96844,1.24630,4.6327e-04
2827,23158784,3.91630,1.25291,4.6310e-04
2828,23166976,3.98332,1.26149,4.6292e-04
2829,23175168,3.81776,1.26828,4.6275e-04
2830,23183360,3.98003,1.26347,4.6257e-04
2831,23191552,4.11041,1.26404,4.6240e-04
2832,23199744,4.10707,1.26997,4.6222e-04
2833,23207936,3.73214,1.27663,4.6205e-04
2834,23216128,3.93311,1.28556,4.6187e-04
2835,23224320,4.15021,1.28002,4.6170e-04
2836,23232512,3.93392,1.27631,4.6152e-04
2837,23240704,3.88557,1.27117,4.6134e-04
2838,23248896,3.89625,1.26403,4.6117e-04
2839,23257088,4.08180,1.25751,4.6099e-04
2840,23265280,4.10235,1.25432,4.6082e-04
2841,23273472,3.99396,1.27859,4.6064e-04
2842,23281664,3.92781,1.26670,4.6047e-04
2843,23289856,4.09441,1.26517,4.6029e-04
2844,23298048,3.96652,1.26983,4.6012e-04
2845,23306240,3.93466,1.27040,4.5994e-04
2846,23314432,4.00061,1.26633,4.5977e-04
2847,23322624,4.01235,1.25523,4.5959e-04
2848,23330816,3.82469,1.26170,4.5941e-04
2849,23339008,4.07236,1.25344,4.5924e-04
2850,23347200,3.94712,1.25539,4.5906e-04
2851,23355392,4.03479,1.25596,4.5889e-04
2852,23363584,4.03527,1.24629,4.5871e-04
2853,23371776,3.90617,1.23409,4.5854e-04
2854,23379968,3.89650,1.23089,4.5836e-04
2855,23388160,3.85747,1.24256,4.5819e-04
2856,23396352,3.88362,1.23722,4.5801e-04
2857,23404544,3.99436,1.25610,4.5783e-04
2858,23412736,3.97861,1.24771,4.5766e-04
2859,23420928,3.94997,1.24213,4.5748e-04
2860,23429120,3.92671,1.26614,4.5731e-04
2861,23437312,3.99961,1.26643,4.5713e-04
2862,23445504,3.91861,1.27251,4.5696e-04
2863,23453696,4.09402,1.28459,4.5678e-04
2864,23461888,3.92597,1.28402,4.5660e-04
2865,23470080,3.87365,1.28898,4.5643e-04
2866,23478272,3.96336,1.27446,4.5625e-04
2867,23486464,3.91737,1.27942,4.5608e-04
2868,23494656,3.89005,1.27167,4.5590e-04
2869,23502848,4.11227,1.26873,4.5572e-04
2870,23511040,3.90701,1.25645,4.5555e-04
2871,23519232,3.89748,1.27130,4.5537e-04
2872,23527424,3.98146,1.26966,4.5520e-04
2873,23535616,4.04386,1.27303,4.5502e-04
2874,23543808,3.97311,1.26284,4.5485e-04
2875,23552000,4.03702,1.26657,4.5467e-04
2876,23560192,4.04441,1.25511,4.5449e-04
2877,23568384,4.00073,1.25473,4.5432e-04
2878,23576576,4.05889,1.25856,4.5414e-04
2879,23584768,3.99976,1.25324,4.5397e-04
2880,23592960,3.98372,1.27738,4.5379e-04
2881,23601152,4.06324,1.28169,4.5361e-04
2882,23609344,3.76582,1.28471,4.5344e-04
2883,23617536,4.01174,1.28284,4.5326e-04
2884,23625728,4.14824,1.28261,4.5309e-04
2885,23633920,3.99117,1.27951,4.5291e-04
2886,23642112,3.90427,1.29792,4.5273e-04
2887,23650304,3.90106,1.29801,4.5256e-04
2888,23658496,4.02459,1.28856,4.5238e-04
2889,23666688,4.00352,1.29301,4.5221e-04
2890,23674880,4.01163,1.27831,4.5203e-04
2891,23683072,3.90480,1.27635,4.5185e-04
2892,23691264,3.99569,1.28792,4.5168e-04
2893,23699456,4.11053,1.27357,4.5150e-04
2894,23707648,3.90308,1.28254,4.5133e-04
2895,23715840,4.04132,1.28415,4.5115e-04
2896,23724032,4.13857,1.27332,4.5097e-04
2897,23732224,4.01893,1.26907,4.5080e-04
2898,23740416,3.88872,1.28157,4.5062e-04
2899,23748608,3.82928,1.26100,4.5045e-04
2900,23756800,3.99208,1.25641,4.5027e-04
2901,23764992,3.98087,1.27147,4.5009e-04
2902,23773184,3.89508,1.27102,4.4992e-04
2903,23781376,3.94015,1.27353,4.4974e-04
2904,23789568,4.06083,1.26702,4.4956e-04
2905,23797760,3.96968,1.27858,4.4939e-04
2906,23805952,4.05883,1.27589,4.4921e-04
2907,23814144,3.92899,1.27760,4.4904e-04
2908,23822336,3.93585,1.28989,4.4886e-04
2909,23830528,3.96619,1.27407,4.4868e-04
2910,23838720,3.94513,1.27843,4.4851e-04
2911,23846912,3.95054,1.27765,4.4833e-04
2912,23855104,4.01883,1.26536,4.4815e-04
2913,23863296,4.01794,1.26630,4.4798e-04
2914,23871488,3.90704,1.26310,4.4780e-04
2915,23879680,4.04078,1.25881,4.4763e-04
2916,23887872,4.07441,1.25071,4.4745e-04
2917,23896064,3.91119,1.26691,4.4727e-04
2918,23904256,3.95636,1.27462,4.4710e-04
2919,23912448,4.13284,1.28382,4.4692e-04
2920,23920640,3.90254,1.28882,4.4674e-04
2921,23928832,3.93587,1.27704,4.4657e-04
2922,23937024,3.99175,1.28666,4.4639e-04
2923,23945216,4.07418,1.28901,4.4621e-04
2924,23953408,3.94736,1.29505,4.4604e-04
2925,23961600,3.98361,1.27750,4.4586e-04
2926,23969792,3.95232,1.28397,4.4569e-04
2927,23977984,3.98808,1.28592,4.4551e-04
2928,23986176,3.87751,1.27579,4.4533e-04
2929,23994368,3.86925,1.28153,4.4516e-04
2930,24002560,3.94121,1.27144,4.4498e-04
2931,24010752,4.01377,1.28538,4.4480e-04
2932,24018944,4.01020,1.28609,4.4463e-04
2933,24027136,4.00846,1.28769,4.4445e-04
2934,24035328,3.95178,1.28792,4.4427e-04
2935,24043520,3.77575,1.29251,4.4410e-04
2936,24051712,3.91947,1.29816,4.4392e-04
2937,24059904,3.99230,1.30340,4.4374e-04
2938,24068096,3.78943,1.30605,4.4357e-04
2939,24076288,3.91348,1.29896,4.4339e-04
2940,24084480,3.94834,1.29890,4.4321e-04
2941,24092672,4.02588,1.29264,4.4304e-04
2942,24100864,4.09359,1.28951,4.4286e-04
2943,24109056,4.00788,1.28547,4.4269e-04
2944,24117248,3.98540,1.28394,4.4251e-04
2945,24125440,4.11187,1.26069,4.4233e-04
2946,24133632,3.93778,1.26942,4.4216e-04
2947,24141824,4.00178,1.25642,4.4198e-04
2948,24150016,3.92563,1.26755,4.4180e-04
2949,24158208,3.76922,1.26465,4.4163e-04
2950,24166400,3.93138,1.25255,4.4145e-04
2951,24174592,4.01242,1.26573,4.4127e-04
2952,24182784,4.07683,1.27355,4.4110e-04
2953,24190976,4.05398,1.26492,4.4092e-04
2954,24199168,4.07210,1.29405,4.4074e-04
2955,24207360,3.90611,1.27102,4.4057e-04
2956,24215552,3.87639,1.29136,4.4039e-04
2957,24223744,3.99906,1.29291,4.4021e-04
2958,24231936,4.00746,1.28620,4.4004e-04
2959,24240128,4.04189,1.28123,4.3986e-04
2960,24248320,4.07842,1.28642,4.3968e-04
2961,24256512,3.96181,1.28017,4.3951e-04
2962,24264704,3.98210,1.27555,4.3933e-04
2963,24272896,3.93057,1.29050,4.3915e-04
2964,24281088,3.87587,1.28696,4.3898e-04
2965,24289280,3.97986,1.29979,4.3880e-04
2966,24297472,4.17914,1.28877,4.3862e-04
2967,24305664,4.07450,1.28840,4.3845e-04
2968,24313856,3.90865,1.28562,4.3827e-04
2969,24322048,3.83765,1.28454,4.3809e-04
2970,24330240,3.96110,1.28782,4.3792e-04
2971,24338432,4.05366,1.28642,4.3774e-04
2972,24346624,3.87986,1.27112,4.3756e-04
2973,24354816,3.96576,1.27384,4.3738e-04
2974,24363008,4.05125,1.27873,4.3721e-04
2975,24371200,3.94823,1.27527,4.3703e-04
2976,24379392,3.99550,1.26883,4.3685e-04
2977,24387584,3.97460,1.26983,4.3668e-04
2978,24395776,3.84123,1.27831,4.3650e-04
2979,24403968,3.94522,1.26588,4.3632e-04
2980,24412160,4.03623,1.25565,4.3615e-04
2981,24420352,3.96590,1.27450,4.3597e-04
2982,24428544,3.95195,1.26741,4.3579e-04
2983,24436736,3.87369,1.27735,4.3562e-04
2984,24444928,3.85879,1.27249,4.3544e-04
2985,24453120,4.01737,1.28470,4.3526e-04
2986,24461312,3.85354,1.29150,4.3509e-04
2987,24469504,4.16449,1.28324,4.3491e-04
2988,24477696,3.97082,1.30580,4.3473e-04
2989,24485888,3.95459,1.29704,4.3456e-04
2990,24494080,3.94547,1.28706,4.3438e-04
2991,24502272,3.85600,1.31282,4.3420e-04
2992,24510464,3.91957,1.30597,4.3402e-04
2993,24518656,3.90561,1.29766,4.3385e-04
2994,24526848,3.94332,1.28926,4.3367e-04
2995,24535040,4.11606,1.31201,4.3349e-04
2996,24543232,3.93355,1.29411,4.3332e-04
2997,24551424,4.02144,1.32012,4.3314e-04
2998,24559616,4.10054,1.30678,4.3296e-04
2999,24567808,3.79399,1.29789,4.3279e-04
3000,24576000,4.04488,1.32110,4.3261e-04
3001,24584192,3.91881,1.29492,4.3243e-04
3002,24592384,3.85390,1.29405,4.3225e-04
3003,24600576,3.95441,1.28907,4.3208e-04
3004,24608768,3.97186,1.27858,4.3190e-04
3005,24616960,3.93650,1.29379,4.3172e-04
3006,24625152,3.94288,1.26675,4.3155e-04
3007,24633344,4.03130,1.27711,4.3137e-04
3008,24641536,4.02947,1.28714,4.3119e-04
3009,24649728,4.03448,1.27358,4.3102e-04
3010,24657920,3.91387,1.27697,4.3084e-04
3011,24666112,3.84175,1.26737,4.3066e-04
3012,24674304,4.06625,1.26647,4.3048e-04
3013,24682496,3.90928,1.26556,4.3031e-04
3014,24690688,4.04424,1.28514,4.3013e-04
3015,24698880,3.98950,1.26717,4.2995e-04
3016,24707072,3.96552,1.26242,4.2978e-04
3017,24715264,3.84005,1.27802,4.2960e-04
3018,24723456,4.06093,1.26702,4.2942e-04
3019,24731648,4.10411,1.28030,4.2925e-04
3020,24739840,3.86814,1.27398,4.2907e-04
3021,24748032,4.03891,1.28691,4.2889e-04
3022,24756224,3.88525,1.28718,4.2871e-04
3023,24764416,4.08771,1.29340,4.2854e-04
3024,24772608,3.90358,1.28880,4.2836e-04
3025,24780800,3.95016,1.29009,4.2818e-04
3026,24788992,4.00618,1.28747,4.2801e-04
3027,24797184,4.04737,1.26495,4.2783e-04
3028,24805376,4.02025,1.28784,4.2765e-04
3029,24813568,4.11252,1.26857,4.2747e-04
3030,24821760,4.01523,1.27103,4.2730e-04
3031,24829952,3.99580,1.28390,4.2712e-04
3032,24838144,3.76538,1.28218,4.2694e-04
3033,24846336,4.09508,1.29012,4.2677e-04
3034,24854528,3.84917,1.28015,4.2659e-04
3035,24862720,4.03071,1.31404,4.2641e-04
3036,24870912,3.97851,1.29352,4.2624e-04
3037,24879104,3.90693,1.28771,4.2606e-04
3038,24887296,3.86627,1.28174,4.2588e-04
3039,24895488,3.90337,1.28228,4.2570e-04
3040,24903680,3.79048,1.27580,4.2553e-04
3041,24911872,3.82979,1.27960,4.2535e-04
3042,24920064,3.92859,1.30221,4.2517e-04
3043,24928256,4.02868,1.28119,4.2500e-04
3044,24936448,3.99464,1.29917,4.2482e-04
3045,24944640,3.86867,1.30444,4.2464e-04
3046,24952832,3.96058,1.30027,4.2446e-04
3047,24961024,3.78408,1.30449,4.2429e-04
3048,24969216,4.07050,1.29649,4.2411e-04
3049,24977408,3.91826,1.29498,4.2393e-04
3050,24985600,4.06406,1.28978,4.2375e-04
3051,24993792,3.96445,1.29241,4.2358e-04
3052,25001984,4.02991,1.29236,4.2340e-04
3053,25010176,3.96170,1.29258,4.2322e-04
3054,25018368,3.97085,1.30516,4.2305e-04
3055,25026560,3.66774,1.30079,4.2287e-04
3056,25034752,4.12740,1.29755,4.2269e-04
3057,25042944,3.92066,1.31066,4.2251e-04
3058,25051136,4.04125,1.29681,4.2234e-04
3059,25059328,4.00188,1.29365,4.2216e-04
3060,25067520,3.91150,1.30209,4.2198e-04
3061,25075712,4.06699,1.28884,4.2181e-04
3062,25083904,3.96487,1.28904,4.2163e-04
3063,25092096,3.97939,1.27665,4.2145e-04
3064,25100288,3.99000,1.28293,4.2127e-04
3065,25108480,4.08193,1.29130,4.2110e-04
3066,25116672,3.84821,1.28005,4.2092e-04
3067,25124864,3.94320,1.28892,4.2074e-04
3068,25133056,3.88963,1.29601,4.2057e-04
3069,25141248,3.97908,1.30076,4.2039e-04
3070,25149440,4.04247,1.31023,4.2021e-04
3071,25157632,3.93668,1.29005,4.2003e-04
3072,25165824,3.95486,1.31424,4.1986e-04
3073,25174016,3.78761,1.29936,4.1968e-04
3074,25182208,3.94837,1.29460,4.1950e-04
3075,25190400,3.92207,1.30083,4.1932e-04
3076,25198592,3.93717,1.28847,4.1915e-04
3077,25206784,3.93214,1.28657,4.1897e-04
3078,25214976,3.80190,1.29713,4.1879e-04
3079,25223168,4.07493,1.31512,4.1862e-04
3080,25231360,3.79571,1.29720,4.1844e-04
3081,25239552,4.04301,1.30389,4.1826e-04
3082,25247744,4.08610,1.31589,4.1808e-04
3083,25255936,4.07683,1.29629,4.1791e-04
3084,25264128,3.83896,1.30882,4.1773e-04
3085,25272320,3.86527,1.30826,4.1755e-04
3086,25280512,4.07806,1.29024,4.1737e-04
3087,25288704,4.00321,1.28435,4.1720e-04
3088,25296896,3.88303,1.30431,4.1702e-04
3089,25305088,3.73522,1.30870,4.1684e-04
3090,25313280,3.92442,1.30550,4.1667e-04
3091,25321472,3.99400,1.30314,4.1649e-04
3092,25329664,3.86600,1.31449,4.1631e-04
3093,25337856,3.99278,1.30969,4.1613e-04
3094,25346048,4.03338,1.29933,4.1596e-04
3095,25354240,3.84172,1.30221,4.1578e-04
3096,25362432,3.88228,1.31225,4.1560e-04
3097,25370624,4.05440,1.28700,4.1543e-04
3098,25378816,4.01728,1.29118,4.1525e-04
3099,25387008,4.15424,1.29887,4.1507e-04
3100,25395200,3.94460,1.28840,4.1489e-04
3101,25403392,3.96744,1.32815,4.1472e-04
3102,25411584,3.83150,1.30416,4.1454e-04
3103,25419776,3.89025,1.30285,4.1436e-04
3104,25427968,4.04260,1.27501,4.1418e-04
3105,25436160,3.94698,1.28931,4.1401e-04
3106,25444352,4.06741,1.29751,4.1383e-04
3107,25452544,3.99804,1.30298,4.1365e-04
3108,25460736,3.94389,1.29042,4.1348e-04
3109,25468928,3.92007,1.31783,4.1330e-04
3110,25477120,3.81933,1.32023,4.1312e-04
3111,25485312,3.93851,1.33395,4.1294e-04
3112,25493504,3.94361,1.32401,4.1277e-04
3113,25501696,3.81792,1.31597,4.1259e-04
3114,25509888,3.95429,1.32577,4.1241e-04
3115,25518080,4.04748,1.32061,4.1223e-04
3116,25526272,4.07332,1.30736,4.1206e-04
3117,25534464,3.83083,1.30014,4.1188e-04
3118,25542656,4.02721,1.31091,4.1170e-04
3119,25550848,3.91081,1.30477,4.1152e-04
3120,25559040,3.93405,1.29800,4.1135e-04
3121,25567232,3.92073,1.28865,4.1117e-04
3122,25575424,4.09488,1.28571,4.1099e-04
3123,25583616,3.87208,1.28488,4.1082e-04
3124,25591808,3.64909,1.29171,4.1064e-04
3125,25600000,3.84754,1.29043,4.1046e-04
3126,25608192,4.04163,1.30282,4.1028e-04
3127,25616384,3.99075,1.29378,4.1011e-04
3128,25624576,4.02426,1.30471,4.0993e-04
3129,25632768,3.92546,1.30262,4.0975e-04
3130,25640960,3.88860,1.30817,4.0957e-04
3131,25649152,3.98063,1.31034,4.0940e-04
3132,25657344,3.99008,1.29875,4.0922e-04
3133,25665536,3.88968,1.30015,4.0904e-04
3134,25673728,3.97304,1.30176,4.0887e-04
3135,25681920,4.03302,1.30245,4.0869e-04
3136,25690112,3.95929,1.28737,4.0851e-04
3137,25698304,3.81312,1.32743,4.0833e-04
3138,25706496,3.95238,1.28011,4.0816e-04
3139,25714688,3.84438,1.28679,4.0798e-04
3140,25722880,4.00018,1.31237,4.0780e-04
3141,25731072,3.97336,1.29350,4.0763e-04
3142,25739264,3.85387,1.31062,4.0745e-04
3143,25747456,3.94222,1.31171,4.0727e-04
3144,25755648,3.79763,1.29397,4.0709e-04
3145,25763840,3.92969,1.28977,4.0692e-04
3146,25772032,3.92641,1.29287,4.0674e-04
3147,25780224,4.04005,1.30305,4.0656e-04
3148,25788416,3.78196,1.29275,4.0638e-04
3149,25796608,3.94520,1.27404,4.0621e-04
3150,25804800,3.91042,1.29243,4.0603e-04
3151,25812992,3.92870,1.29242,4.0585e-04
3152,25821184,3.77120,1.31849,4.0568e-04
3153,25829376,3.86451,1.31328,4.0550e-04
3154,25837568,3.82875,1.29625,4.0532e-04
3155,25845760,3.92789,1.29389,4.0514e-04
3156,25853952,3.99929,1.29102,4.0497e-04
3157,25862144,4.00639,1.28826,4.0479e-04
3158,25870336,3.94083,1.28385,4.0461e-04
3159,25878528,3.97648,1.29678,4.0443e-04
3160,25886720,3.92442,1.30893,4.0426e-04
3161,25894912,3.82067,1.30796,4.0408e-04
3162,25903104,3.96926,1.30151,4.0390e-04
3163,25911296,3.75288,1.30443,4.0373e-04
3164,25919488,3.82048,1.31526,4.0355e-04
3165,25927680,3.96493,1.29858,4.0337e-04
3166,25935872,3.92695,1.30386,4.0319e-04
3167,25944064,3.80178,1.29881,4.0302e-04
3168,25952256,3.94907,1.31254,4.0284e-04
3169,25960448,3.93894,1.32254,4.0266e-04
3170,25968640,4.01992,1.31328,4.0249e-04
3171,25976832,3.98559,1.31326,4.0231e-04
3172,25985024,3.96326,1.31262,4.0213e-04
3173,25993216,3.93568,1.31068,4.0195e-04
3174,26001408,4.10128,1.31251,4.0178e-04
3175,26009600,3.98969,1.29161,4.0160e-04
3176,26017792,3.98595,1.29491,4.0142e-04
3177,26025984,3.91280,1.29957,4.0125e-04
3178,26034176,3.88178,1.29169,4.0107e-04
3179,26042368,3.86242,1.27482,4.0089e-04
3180,26050560,3.84247,1.28073,4.0071e-04
3181,26058752,3.64379,1.27510,4.0054e-04
3182,26066944,3.81795,1.29569,4.0036e-04
3183,26075136,3.78269,1.29810,4.0018e-04
3184,26083328,3.84287,1.28468,4.0000e-04
3185,26091520,3.78992,1.27546,3.9983e-04
3186,26099712,3.86105,1.28609,3.9965e-04
3187,26107904,3.95115,1.31359,3.9947e-04
3188,26116096,3.84887,1.29298,3.9930e-04
3189,26124288,3.90403,1.28343,3.9912e-04
3190,26132480,3.80376,1.31180,3.9894e-04
3191,26140672,4.03016,1.31314,3.9876e-04
3192,26148864,3.89968,1.29406,3.9859e-04
3193,26157056,3.87736,1.29422,3.9841e-04
3194,26165248,3.82455,1.29411,3.9823e-04
3195,26173440,3.95191,1.28411,3.9806e-04
3196,26181632,3.96533,1.29136,3.9788e-04
3197,26189824,3.86013,1.31290,3.9770e-04
3198,26198016,3.97402,1.28868,3.9753e-04
3199,26206208,3.93033,1.29386,3.9735e-04
3200,26214400,3.88561,1.29039,3.9717e-04
3201,26222592,3.91253,1.30965,3.9699e-04
3202,26230784,3.96253,1.29871,3.9682e-04
3203,26238976,3.97120,1.31068,3.9664e-04
3204,26247168,3.86042,1.29544,3.9646e-04
3205,26255360,3.99223,1.31752,3.9629e-04
3206,26263552,3.98786,1.33826,3.9611e-04
3207,26271744,3.93666,1.31883,3.9593e-04
3208,26279936,3.81093,1.31620,3.9575e-04
3209,26288128,3.84082,1.34216,3.9558e-04
3210,26296320,4.08365,1.31224,3.9540e-04
3211,26304512,3.89785,1.31282,3.9522e-04
3212,26312704,3.92641,1.29326,3.9505e-04
3213,26320896,3.80571,1.29712,3.9487e-04
3214,26329088,3.92217,1.31647,3.9469e-04
3215,26337280,3.86734,1.30345,3.9452e-04
3216,26345472,3.91829,1.31041,3.9434e-04
3217,26353664,3.90424,1.32172,3.9416e-04
3218,26361856,3.88285,1.29340,3.9398e-04
3219,26370048,3.86536,1.30632,3.9381e-04
3220,26378240,3.89795,1.30301,3.9363e-04
3221,26386432,3.93945,1.30600,3.9345e-04
3222,26394624,3.87429,1.29823,3.9328e-04
3223,26402816,4.00089,1.30309,3.9310e-04
3224,26411008,3.88518,1.30100,3.9292e-04
3225,26419200,3.89943,1.29994,3.9275e-04
3226,26427392,3.84569,1.28906,3.9257e-04
3227,26435584,3.81007,1.29251,3.9239e-04
3228,26443776,3.98550,1.31281,3.9221e-04
3229,26451968,3.84513,1.29607,3.9204e-04
3230,26460160,3.91708,1.28448,3.9186e-04
3231,26468352,3.94747,1.29236,3.9168e-04
3232,26476544,3.98139,1.30765,3.9151e-04
3233,26484736,3.89438,1.30732,3.9133e-04
3234,26492928,3.93364,1.31439,3.9115e-04
3235,26501120,3.97930,1.30210,3.9098e-04
3236,26509312,3.72442,1.29257,3.9080e-04
3237,26517504,4.00283,1.28330,3.9062e-04
3238,26525696,3.83451,1.26266,3.9044e-04
3239,26533888,4.03399,1.27436,3.9027e-04
3240,26542080,3.86060,1.28437,3.9009e-04
3241,26550272,3.88022,1.28156,3.8991e-04
3242,26558464,3.98516,1.29603,3.8974e-04
3243,26566656,3.95794,1.27745,3.8956e-04
3244,26574848,3.77899,1.28386,3.8938e-04
3245,26583040,3.84956,1.28826,3.8921e-04
3246,26591232,3.90847,1.27220,3.8903e-04
3247,26599424,3.94239,1.27293,3.8885e-04
3248,26607616,3.98897,1.28172,3.8868e-04
3249,26615808,3.92628,1.27822,3.8850e-04
3250,26624000,3.94835,1.29303,3.8832e-04
3251,26632192,3.91905,1.28765,3.8815e-04
3252,26640384,3.83944,1.31292,3.8797e-04
3253,26648576,3.94526,1.30341,3.8779e-04
3254,26656768,3.85336,1.29433,3.8762e-04
3255,26664960,3.82717,1.30960,3.8744e-04
3256,26673152,3.87979,1.30332,3.8726e-04
3257,26681344,3.88316,1.28207,3.8708e-04
3258,26689536,3.91535,1.29495,3.8691e-04
3259,26697728,3.83189,1.29825,3.8673e-04
3260,26705920,3.81324,1.30253,3.8655e-04
3261,26714112,3.95616,1.28347,3.8638e-04
3262,26722304,3.93076,1.29953,3.8620e-04
3263,26730496,3.93242,1.29291,3.8602e-04
3264,26738688,3.95757,1.28130,3.8585e-04
3265,26746880,3.85398,1.29492,3.8567e-04
3266,26755072,4.04176,1.29399,3.8549e-04
3267,26763264,3.96309,1.29162,3.8532e-04
3268,26771456,3.95891,1.30109,3.8514e-04
3269,26779648,3.95374,1.29260,3.8496e-04
3270,26787840,3.98740,1.29571,3.8479e-04
3271,26796032,3.99488,1.29079,3.8461e-04
3272,26804224,3.85685,1.28075,3.8443e-04
3273,26812416,3.97054,1.27108,3.8426e-04
3274,26820608,4.01582,1.28321,3.8408e-04
3275,26828800,3.76673,1.27975,3.8390e-04
3276,26836992,3.83539,1.28971,3.8373e-04
3277,26845184,3.91427,1.28566,3.8355e-04
3278,26853376,4.03081,1.27986,3.8337e-04
3279,26861568,3.85781,1.28591,3.8320e-04
3280,26869760,3.89940,1.28398,3.8302e-04
3281,26877952,3.87343,1.27471,3.8284e-04
3282,26886144,3.92285,1.27066,3.8267e-04
3283,26894336,3.79116,1.28366,3.8249e-04
3284,26902528,3.90311,1.26700,3.8231e-04
3285,26910720,3.83407,1.27077,3.8214e-04
3286,26918912,3.95027,1.27491,3.8196e-04
3287,26927104,3.94400,1.27454,3.8179e-04
3288,26935296,3.72735,1.28447,3.8161e-04
3289,26943488,4.06482,1.29808,3.8143e-04
3290,26951680,3.91215,1.28551,3.8126e-04
3291,26959872,3.94762,1.28943,3.8108e-04
3292,26968064,4.03000,1.30160,3.8090e-04
3293,26976256,3.80182,1.29463,3.8073e-04
3294,26984448,3.96787,1.30180,3.8055e-04
3295,26992640,4.03073,1.30223,3.8037e-04
3296,27000832,3.86941,1.31240,3.8020e-04
3297,27009024,3.96871,1.31620,3.8002e-04
3298,27017216,3.81215,1.32027,3.7984e-04
3299,27025408,3.66242,1.29412,3.7967e-04
3300,27033600,3.91959,1.30570,3.7949e-04
3301,27041792,3.75551,1.29967,3.7931e-04
3302,27049984,3.81541,1.30544,3.7914e-04
3303,27058176,3.97441,1.31683,3.7896e-04
3304,27066368,3.83499,1.30242,3.7879e-04
3305,27074560,3.76984,1.31470,3.7861e-04
3306,27082752,3.78080,1.30164,3.7843e-04
3307,27090944,3.84345,1.29499,3.7826e-04
3308,27099136,3.85051,1.29901,3.7808e-04
3309,27107328,3.93908,1.29135,3.7790e-04
3310,27115520,3.89409,1.29197,3.7773e-04
3311,27123712,3.95326,1.27653,3.7755e-04
3312,27131904,4.00539,1.27821,3.7737e-04
3313,27140096,3.77059,1.27932,3.7720e-04
3314,27148288,3.88414,1.26057,3.7702e-04
3315,27156480,3.83317,1.28038,3.7685e-04
3316,27164672,3.92117,1.27589,3.7667e-04
3317,27172864,3.83346,1.28064,3.7649e-04
3318,27181056,3.85160,1.29032,3.7632e-04
3319,27189248,3.83723,1.29562,3.7614e-04
3320,27197440,3.90437,1.28581,3.7596e-04
3321,27205632,3.95114,1.30084,3.7579e-04
3322,27213824,3.98006,1.29597,3.7561e-04
3323,27222016,3.79388,1.28739,3.7544e-04
3324,27230208,3.91281,1.28989,3.7526e-04
3325,27238400,3.89816,1.28400,3.7508e-04
3326,27246592,3.89192,1.29916,3.7491e-04
3327,27254784,3.88187,1.29244,3.7473e-04
3328,27262976,3.86308,1.30295,3.7455e-04
3329,27271168,3.74750,1.29460,3.7438e-04
3330,27279360,3.90965,1.27909,3.7420e-04
3331,27287552,3.82281,1.30274,3.7403e-04
3332,27295744,3.86274,1.29714,3.7385e-04
3333,27303936,3.89315,1.30365,3.7367e-04
3334,27312128,3.77355,1.31278,3.7350e-04
3335,27320320,3.88865,1.30147,3.7332e-04
3336,27328512,3.81486,1.31403,3.7315e-04
3337,27336704,3.77539,1.30800,3.7297e-04
3338,27344896,3.85586,1.30898,3.7279e-04
3339,27353088,3.98634,1.29941,3.7262e-04
3340,27361280,3.81348,1.30132,3.7244e-04
3341,27369472,3.86451,1.30206,3.7227e-04
3342,27377664,3.86966,1.28773,3.7209e-04
3343,27385856,3.93685,1.29416,3.7191e-04
3344,27394048,3.95657,1.31446,3.7174e-04
3345,27402240,4.10131,1.31503,3.7156e-04
3346,27410432,3.85883,1.29798,3.7139e-04
3347,27418624,3.88450,1.30094,3.7121e-04
3348,27426816,3.96719,1.30688,3.7103e-04
3349,27435008,3.88744,1.30197,3.7086e-04
3350,27443200,3.95566,1.31621,3.7068e-04
3351,27451392,3.84323,1.29899,3.7051e-04
3352,27459584,3.91458,1.30838,3.7033e-04
3353,27467776,3.81415,1.30343,3.7015e-04
3354,27475968,3.90442,1.30589,3.6998e-04
3355,27484160,3.92344,1.29933,3.6980e-04
3356,27492352,4.00037,1.29591,3.6963e-04
3357,27500544,3.82765,1.31290,3.6945e-04
3358,27508736,3.67811,1.30906,3.6928e-04
3359,27516928,3.82760,1.30541,3.6910e-04
3360,27525120,3.77703,1.30831,3.6892e-04
3361,27533312,3.99495,1.29905,3.6875e-04
3362,27541504,3.85128,1.29814,3.6857e-04
3363,27549696,3.85553,1.30861,3.6840e-04
3364,27557888,3.86544,1.29927,3.6822e-04
3365,27566080,3.85188,1.29640,3.6804e-04
3366,27574272,3.73074,1.28762,3.6787e-04
3367,27582464,3.84683,1.27768,3.6769e-04
3368,27590656,3.92541,1.27627,3.6752e-04
3369,27598848,3.84354,1.27328,3.6734e-04
3370,27607040,3.76179,1.29083,3.6717e-04
3371,27615232,3.97100,1.29242,3.6699e-04
3372,27623424,3.96222,1.28184,3.6681e-04
3373,27631616,3.85072,1.29457,3.6664e-04
3374,27639808,3.91533,1.29577,3.6646e-04
3375,27648000,3.90572,1.29204,3.6629e-04
3376,27656192,3.87693,1.29035,3.6611e-04
3377,27664384,3.88769,1.29114,3.6594e-04
3378,27672576,3.79333,1.28896,3.6576e-04
3379,27680768,3.90860,1.27220,3.6559e-04
3380,27688960,3.88752,1.28886,3.6541e-04
3381,27697152,3.99112,1.28612,3.6523e-04
3382,27705344,3.95658,1.27617,3.6506e-04
3383,27713536,3.80146,1.27766,3.6488e-04
3384,27721728,3.86853,1.29575,3.6471e-04
3385,27729920,3.66728,1.30653,3.6453e-04
3386,27738112,3.84980,1.30478,3.6436e-04
3387,27746304,3.90323,1.29922,3.6418e-04
3388,27754496,3.93556,1.29443,3.6401e-04
3389,27762688,4.11703,1.31566,3.6383e-04
3390,27770880,3.94913,1.30305,3.6366e-04
3391,27779072,4.06541,1.31297,3.6348e-04
3392,27787264,4.13554,1.31091,3.6330e-04
3393,27795456,3.88117,1.30586,3.6313e-04
3394,27803648,3.88655,1.30169,3.6295e-04
3395,27811840,3.82170,1.30868,3.6278e-04
3396,27820032,4.01165,1.30064,3.6260e-04
3397,27828224,3.77120,1.29507,3.6243e-04
3398,27836416,3.71639,1.30736,3.6225e-04
3399,27844608,3.84961,1.30492,3.6208e-04
3400,27852800,3.93610,1.30738,3.6190e-04
3401,27860992,3.93476,1.28849,3.6173e-04
3402,27869184,3.93333,1.30483,3.6155e-04
3403,27877376,3.87362,1.28902,3.6138e-04
3404,27885568,3.92510,1.30611,3.6120e-04
3405,27893760,3.89077,1.29030,3.6103e-04
3406,27901952,3.83273,1.30752,3.6085e-04
3407,27910144,3.92446,1.28855,3.6068e-04
3408,27918336,3.90967,1.27639,3.6050e-04
3409,27926528,3.99011,1.29031,3.6033e-04
3410,27934720,3.91514,1.29853,3.6015e-04
3411,27942912,3.83450,1.27723,3.5997e-04
3412,27951104,3.92387,1.29347,3.5980e-04
3413,27959296,3.95211,1.28350,3.5962e-04
3414,27967488,3.95746,1.28775,3.5945e-04
3415,27975680,3.92609,1.29222,3.5927e-04
3416,27983872,3.86558,1.29353,3.5910e-04
3417,27992064,3.98515,1.27987,3.5892e-04
3418,28000256,4.05844,1.28678,3.5875e-04
3419,28008448,3.76575,1.29099,3.5857e-04
3420,28016640,3.90458,1.29591,3.5840e-04
3421,28024832,3.77381,1.29776,3.5822e-04
3422,28033024,3.87216,1.28870,3.5805e-04
3423,28041216,3.83728,1.29568,3.5787e-04
3424,28049408,3.85351,1.29705,3.5770e-04
3425,28057600,3.91178,1.30537,3.5752e-04
3426,28065792,3.74704,1.29577,3.5735e-04
3427,28073984,3.82448,1.30003,3.5717e-04
3428,28082176,3.80603,1.30233,3.5700e-04
3429,28090368,4.01403,1.30504,3.5683e-04
3430,28098560,3.89443,1.31150,3.5665e-04
3431,28106752,3.87338,1.30552,3.5648e-04
3432,28114944,3.83413,1.30386,3.5630e-04
3433,28123136,3.85675,1.28823,3.5613e-04
3434,28131328,3.83049,1.28824,3.5595e-04
3435,28139520,4.02717,1.28587,3.5578e-04
3436,28147712,3.99765,1.28315,3.5560e-04
3437,28155904,3.84165,1.29394,3.5543e-04
3438,28164096,3.85914,1.28937,3.5525e-04
3439,28172288,3.90760,1.29286,3.5508e-04
3440,28180480,3.87309,1.28671,3.5490e-04
3441,28188672,3.96940,1.29602,3.5473e-04
3442,28196864,3.89076,1.29297,3.5455e-04
3443,28205056,3.80623,1.30264,3.5438e-04
3444,28213248,3.85314,1.30518,3.5420e-04
3445,28221440,3.83431,1.30877,3.5403e-04
3446,28229632,3.82254,1.29534,3.5385e-04
3447,28237824,3.71522,1.30372,3.5368e-04
3448,28246016,3.89874,1.32250,3.5351e-04
3449,28254208,3.89650,1.30195,3.5333e-04
3450,28262400,3.95933,1.31915,3.5316e-04
3451,28270592,3.85752,1.30328,3.5298e-04
3452,28278784,3.86207,1.30084,3.5281e-04
3453,28286976,3.87175,1.30472,3.5263e-04
3454,28295168,3.71953,1.29365,3.5246e-04
3455,28303360,3.88712,1.30001,3.5228e-04
3456,28311552,3.84810,1.29960,3.5211e-04
3457,28319744,3.86158,1.30640,3.5194e-04
3458,28327936,3.84525,1.28610,3.5176e-04
3459,28336128,3.81641,1.28622,3.5159e-04
3460,28344320,3.93713,1.27938,3.5141e-04
3461,28352512,3.86744,1.27206,3.5124e-04
3462,28360704,3.78606,1.26573,3.5106e-04
3463,28368896,3.91508,1.29530,3.5089e-04
3464,28377088,3.93738,1.28788,3.5072e-04
3465,28385280,3.94868,1.29437,3.5054e-04
3466,28393472,3.94783,1.29137,3.5037e-04
3467,28401664,3.86513,1.30090,3.5019e-04
3468,28409856,3.83568,1.30123,3.5002e-04
3469,28418048,3.84601,1.29682,3.4984e-04
3470,28426240,4.02076,1.30412,3.4967e-04
3471,28434432,3.83390,1.29470,3.4950e-04
3472,28442624,3.89293,1.31072,3.4932e-04
3473,28450816,3.71553,1.32226,3.4915e-04
3474,28459008,3.91987,1.29807,3.4897e-04
3475,28467200,3.82962,1.28683,3.4880e-04
3476,28475392,3.78625,1.30042,3.4863e-04
3477,28483584,3.93794,1.30867,3.4845e-04
3478,28491776,3.89919,1.31128,3.4828e-04
3479,28499968,3.87902,1.30996,3.4810e-04
3480,28508160,3.99083,1.30631,3.4793e-04
3481,28516352,3.86109,1.29102,3.4775e-04
3482,28524544,3.77528,1.30123,3.4758e-04
3483,28532736,3.82355,1.27758,3.4741e-04
3484,28540928,3.80570,1.28224,3.4723e-04
3485,28549120,3.89053,1.29443,3.4706e-04
3486,28557312,3.84475,1.27206,3.4689e-04
3487,28565504,3.84367,1.28324,3.4671e-04
3488,28573696,3.85231,1.27409,3.4654e-04
3489,28581888,3.83840,1.28563,3.4636e-04
3490,28590080,3.76482,1.29016,3.4619e-04
3491,28598272,3.86248,1.27945,3.4602e-04
3492,28606464,3.88938,1.28746,3.4584e-04
3493,28614656,3.88862,1.28227,3.4567e-04
3494,28622848,3.85621,1.28528,3.4549e-04
3495,28631040,3.79739,1.29219,3.4532e-04
3496,28639232,3.64304,1.29072,3.4515e-04
3497,28647424,3.89538,1.29478,3.4497e-04
3498,28655616,3.95363,1.29929,3.4480e-04
3499,28663808,3.70515,1.30209,3.4463e-04
3500,28672000,3.93627,1.29686,3.4445e-04
3501,28680192,3.84477,1.29056,3.4428e-04
3502,28688384,3.85190,1.28795,3.4411e-04
3503,28696576,3.79892,1.30281,3.4393e-04
3504,28704768,3.97956,1.29939,3.4376e-04
3505,28712960,3.75103,1.30361,3.4358e-04
3506,28721152,3.87729,1.28381,3.4341e-04
3507,28729344,3.99768,1.27818,3.4324e-04
3508,28737536,3.88352,1.28781,3.4306e-04
3509,28745728,3.94261,1.29975,3.4289e-04
3510,28753920,3.97255,1.29305,3.4272e-04
3511,28762112,4.10226,1.28363,3.4254e-04
3512,28770304,4.03838,1.30408,3.4237e-04
3513,28778496,3.85484,1.31112,3.4220e-04
3514,28786688,3.75689,1.30774,3.4202e-04
3515,28794880,3.81278,1.30445,3.4185e-04
3516,28803072,3.85345,1.31094,3.4168e-04
3517,28811264,3.80325,1.30098,3.4150e-04
3518,28819456,3.72901,1.30046,3.4133e-04
3519,28827648,3.85748,1.28498,3.4116e-04
3520,28835840,3.84819,1.29974,3.4098e-04
3521,28844032,3.96019,1.28685,3.4081e-04
3522,28852224,3.77290,1.28425,3.4064e-04
3523,28860416,3.77103,1.29568,3.4046e-04
3524,28868608,3.82551,1.26733,3.4029e-04
3525,28876800,3.77652,1.27223,3.4012e-04
3526,28884992,3.75819,1.28538,3.3994e-04
3527,28893184,3.81812,1.28826,3.3977e-04
3528,28901376,3.85332,1.29350,3.3960e-04
3529,28909568,3.98046,1.30400,3.3943e-04
3530,28917760,3.74902,1.31105,3.3925e-04
3531,28925952,3.65833,1.30439,3.3908e-04
3532,28934144,3.83273,1.30390,3.3891e-04
3533,28942336,3.84253,1.31037,3.3873e-04
3534,28950528,3.87586,1.29737,3.3856e-04
3535,28958720,3.83390,1.28066,3.3839e-04
3536,28966912,3.82824,1.28110,3.3821e-04
3537,28975104,3.78438,1.29957,3.3804e-04
3538,28983296,3.69755,1.29993,3.3787e-04
3539,28991488,3.83877,1.31173,3.3770e-04
3540,28999680,4.00339,1.29994,3.3752e-04
3541,29007872,3.93524,1.29257,3.3735e-04
3542,29016064,3.75831,1.28380,3.3718e-04
3543,29024256,4.05068,1.28931,3.3700e-04
3544,29032448,4.02464,1.29431,3.3683e-04
3545,29040640,3.82236,1.29574,3.3666e-04
3546,29048832,3.80305,1.29160,3.3649e-04
3547,29057024,3.88589,1.30513,3.3631e-04
3548,29065216,3.94456,1.32912,3.3614e-04
3549,29073408,3.93777,1.30611,3.3597e-04
3550,29081600,3.98692,1.30570,3.3580e-04
3551,29089792,3.79740,1.29479,3.3562e-04
3552,29097984,3.83043,1.29220,3.3545e-04
3553,29106176,3.79429,1.30313,3.3528e-04
3554,29114368,3.75186,1.30396,3.3510e-04
3555,29122560,3.69093,1.27889,3.3493e-04
3556,29130752,3.74358,1.29383,3.3476e-04
3557,29138944,3.83782,1.29338,3.3459e-04
3558,29147136,3.84302,1.27601,3.3441e-04
3559,29155328,3.81845,1.28875,3.3424e-04
3560,29163520,3.82232,1.28671,3.3407e-04
3561,29171712,3.81428,1.28876,3.3390e-04
3562,29179904,3.78696,1.27903,3.3373e-04
3563,29188096,3.92550,1.27536,3.3355e-04
3564,29196288,3.85265,1.26225,3.3338e-04
3565,29204480,3.78052,1.26993,3.3321e-04
3566,29212672,3.74007,1.27228,3.3304e-04
3567,29220864,3.86152,1.26606,3.3286e-04
3568,29229056,3.87329,1.26850,3.3269e-04
3569,29237248,3.90878,1.27304,3.3252e-04
3570,29245440,3.91572,1.29032,3.3235e-04
3571,29253632,3.94475,1.29457,3.3217e-04
3572,29261824,3.82272,1.30771,3.3200e-04
3573,29270016,3.82138,1.29279,3.3183e-04
3574,29278208,3.84288,1.30267,3.3166e-04
3575,29286400,3.79430,1.30033,3.3149e-04
3576,29294592,3.96262,1.29004,3.3131e-04
3577,29302784,3.95201,1.30732,3.3114e-04
3578,29310976,3.83654,1.30585,3.3097e-04
3579,29319168,4.04398,1.29651,3.3080e-04
3580,29327360,3.87453,1.29335,3.3063e-04
3581,29335552,3.72972,1.30035,3.3045e-04
3582,29343744,3.89017,1.30030,3.3028e-04
3583,29351936,3.97797,1.31748,3.3011e-04
3584,29360128,3.85193,1.30173,3.2994e-04
3585,29368320,3.84568,1.28537,3.2977e-04
3586,29376512,3.78159,1.30651,3.2959e-04
3587,29384704,3.93235,1.30905,3.2942e-04
3588,29392896,3.82528,1.31110,3.2925e-04
3589,29401088,3.79715,1.30630,3.2908e-04
3590,29409280,4.00981,1.32699,3.2891e-04
3591,29417472,3.76289,1.31498,3.2874e-04
3592,29425664,3.81938,1.31975,3.2856e-04
3593,29433856,3.87042,1.31119,3.2839e-04
3594,29442048,3.87369,1.31316,3.2822e-04
3595,29450240,3.87322,1.29983,3.2805e-04
3596,29458432,3.74508,1.30992,3.2788e-04
3597,29466624,3.82438,1.30639,3.2771e-04
3598,29474816,3.95023,1.31853,3.2753e-04
3599,29483008,3.86876,1.31707,3.2736e-04
3600,29491200,3.94417,1.29450,3.2719e-04
3601,29499392,3.81353,1.30277,3.2702e-04
3602,29507584,3.76071,1.31146,3.2685e-04
3603,29515776,3.94709,1.31364,3.2668e-04
3604,29523968,3.86930,1.30500,3.2650e-04
3605,29532160,3.86462,1.28826,3.2633e-04
3606,29540352,3.93155,1.31712,3.2616e-04
3607,29548544,3.94763,1.29488,3.2599e-04
3608,29556736,3.86006,1.29905,3.2582e-04
3609,29564928,3.84882,1.29683,3.2565e-04
3610,29573120,3.78730,1.27685,3.2548e-04
3611,29581312,3.85146,1.26985,3.2531e-04
3612,29589504,3.96848,1.28369,3.2513e-04
3613,29597696,3.84654,1.27525,3.2496e-04
3614,29605888,3.87779,1.27107,3.2479e-04
3615,29614080,3.83959,1.27482,3.2462e-04
3616,29622272,3.79678,1.26404,3.2445e-04
3617,29630464,3.88574,1.27424,3.2428e-04
3618,29638656,3.84218,1.28502,3.2411e-04
3619,29646848,3.65466,1.27728,3.2394e-04
3620,29655040,3.79049,1.26799,3.2377e-04
3621,29663232,3.81804,1.29159,3.2359e-04
3622,29671424,3.78018,1.28628,3.2342e-04
3623,29679616,3.63141,1.25396,3.2325e-04
3624,29687808,3.90085,1.26311,3.2308e-04
3625,29696000,3.72865,1.25568,3.2291e-04
3626,29704192,3.82179,1.26637,3.2274e-04
3627,29712384,3.85979,1.26228,3.2257e-04
3628,29720576,3.77380,1.25138,3.2240e-04
3629,29728768,3.83396,1.27880,3.2223e-04
3630,29736960,3.77073,1.28722,3.2206e-04
3631,29745152,3.86475,1.26557,3.2189e-04
3632,29753344,3.84437,1.26204,3.2171e-04
3633,29761536,3.78663,1.26486,3.2154e-04
3634,29769728,3.79017,1.26630,3.2137e-04
3635,29777920,3.69889,1.28073,3.2120e-04
3636,29786112,3.82273,1.27929,3.2103e-04
3637,29794304,3.82805,1.27333,3.2086e-04
3638,29802496,3.77589,1.25707,3.2069e-04
3639,29810688,3.82370,1.26849,3.2052e-04
3640,29818880,3.67341,1.28188,3.2035e-04
3641,29827072,3.86837,1.27460,3.2018e-04
3642,29835264,3.82095,1.29592,3.2001e-04
3643,29843456,3.88240,1.27401,3.1984e-04
3644,29851648,3.95161,1.30507,3.1967e-04
3645,29859840,3.85768,1.28277,3.1950e-04
3646,29868032,3.63156,1.29018,3.1933e-04
3647,29876224,3.77866,1.28582,3.1916e-04
3648,29884416,3.62650,1.28812,3.1899e-04
3649,29892608,3.92261,1.28952,3.1882e-04
3650,29900800,3.85485,1.27922,3.1865e-04
3651,29908992,3.87634,1.26531,3.1847e-04
3652,29917184,3.70646,1.27372,3.1830e-04
3653,29925376,4.00539,1.26440,3.1813e-04
3654,29933568,3.93777,1.27488,3.1796e-04
3655,29941760,3.77429,1.27322,3.1779e-04
3656,29949952,3.94137,1.26135,3.1762e-04
3657,29958144,3.84480,1.27642,3.1745e-04
3658,29966336,3.75474,1.27597,3.1728e-04
3659,29974528,3.85378,1.27505,3.1711e-04
3660,29982720,3.74362,1.27526,3.1694e-04
3661,29990912,3.81530,1.27428,3.1677e-04
3662,29999104,3.89274,1.30532,3.1660e-04
3663,30007296,3.88449,1.28209,3.1643e-04
3664,30015488,3.75346,1.28988,3.1626e-04
3665,30023680,3.80919,1.28296,3.1609e-04
3666,30031872,3.82504,1.26257,3.1592e-04
3667,30040064,3.81792,1.27452,3.1575e-04
3668,30048256,3.86828,1.27298,3.1558e-04
3669,30056448,3.76840,1.26796,3.1541e-04
3670,30064640,3.84366,1.27890,3.1524e-04
3671,30072832,3.72371,1.29293,3.1508e-04
3672,30081024,3.63961,1.26662,3.1491e-04
3673,30089216,3.82725,1.28147,3.1474e-04
3674,30097408,3.82912,1.26647,3.1457e-04
3675,30105600,3.84118,1.28886,3.1440e-04
3676,30113792,3.84052,1.26757,3.1423e-04
3677,30121984,3.81728,1.27456,3.1406e-04
3678,30130176,3.87248,1.27081,3.1389e-04
3679,30138368,3.84071,1.28264,3.1372e-04
3680,30146560,3.90512,1.27751,3.1355e-04
3681,30154752,3.70055,1.28223,3.1338e-04
3682,30162944,3.99416,1.29576,3.1321e-04
3683,30171136,3.80169,1.27792,3.1304e-04
3684,30179328,3.88871,1.29433,3.1287e-04
3685,30187520,3.77131,1.28790,3.1270e-04
3686,30195712,3.92292,1.28937,3.1253e-04
3687,30203904,3.88494,1.27490,3.1236e-04
3688,30212096,3.88740,1.28154,3.1219e-04
3689,30220288,3.85237,1.27982,3.1202e-04
3690,30228480,3.84570,1.28966,3.1186e-04
3691,30236672,3.83235,1.28466,3.1169e-04
3692,30244864,3.64482,1.28142,3.1152e-04
3693,30253056,3.78429,1.28639,3.1135e-04
3694,30261248,3.90927,1.27686,3.1118e-04
3695,30269440,3.78235,1.27316,3.1101e-04
3696,30277632,3.80281,1.27866,3.1084e-04
3697,30285824,3.83806,1.28118,3.1067e-04
3698,30294016,3.79989,1.27628,3.1050e-04
3699,30302208,3.71990,1.26270,3.1033e-04
3700,30310400,3.81174,1.28388,3.1016e-04
3701,30318592,3.85521,1.27138,3.1000e-04
3702,30326784,3.81266,1.28922,3.0983e-04
3703,30334976,3.77197,1.30048,3.0966e-04
3704,30343168,3.73841,1.28450,3.0949e-04
3705,30351360,3.74893,1.28533,3.0932e-04
3706,30359552,3.77532,1.29342,3.0915e-04
3707,30367744,3.75369,1.28390,3.0898e-04
3708,30375936,3.72743,1.28982,3.0881e-04
3709,30384128,3.84198,1.30301,3.0865e-04
3710,30392320,3.86600,1.30123,3.0848e-04
3711,30400512,3.80794,1.29563,3.0831e-04
3712,30408704,3.90085,1.29397,3.0814e-04
3713,30416896,3.87018,1.30543,3.0797e-04
3714,30425088,3.77659,1.28847,3.0780e-04
3715,30433280,3.93509,1.29548,3.0763e-04
3716,30441472,3.91469,1.28146,3.0747e-04
3717,30449664,3.89261,1.29681,3.0730e-04
3718,30457856,3.71077,1.29846,3.0713e-04
3719,30466048,3.97254,1.28785,3.0696e-04
3720,30474240,3.65853,1.28289,3.0679e-04
3721,30482432,3.79458,1.28943,3.0662e-04
3722,30490624,3.93106,1.28875,3.0645e-04
3723,30498816,3.80396,1.27698,3.0629e-04
3724,30507008,3.70650,1.27785,3.0612e-04
3725,30515200,3.80420,1.27990,3.0595e-04
3726,30523392,3.96554,1.28104,3.0578e-04
3727,30531584,3.78229,1.26831,3.0561e-04
3728,30539776,3.88509,1.27613,3.0545e-04
3729,30547968,3.83082,1.28490,3.0528e-04
3730,30556160,3.93263,1.28750,3.0511e-04
3731,30564352,3.70222,1.30190,3.0494e-04
3732,30572544,3.91446,1.28666,3.0477e-04
3733,30580736,3.73372,1.26396,3.0461e-04
3734,30588928,3.88911,1.26958,3.0444e-04
3735,30597120,3.81257,1.28238,3.0427e-04
3736,30605312,3.91592,1.28076,3.0410e-04
3737,30613504,3.89087,1.27965,3.0393e-04
3738,30621696,3.83512,1.29043,3.0377e-04
3739,30629888,3.84599,1.29318,3.0360e-04
3740,30638080,3.72945,1.30823,3.0343e-04
3741,30646272,3.89549,1.28563,3.0326e-04
3742,30654464,3.77749,1.28582,3.0309e-04
3743,30662656,3.90203,1.27888,3.0293e-04
3744,30670848,3.99738,1.29685,3.0276e-04
3745,30679040,3.78804,1.29398,3.0259e-04
3746,30687232,3.82577,1.28798,3.0242e-04
3747,30695424,3.77653,1.28897,3.0226e-04
3748,30703616,3.68323,1.27579,3.0209e-04
3749,30711808,3.68644,1.28312,3.0192e-04
3750,30720000,3.65413,1.29893,3.0175e-04
3751,30728192,3.94167,1.27468,3.0159e-04
3752,30736384,3.86847,1.27094,3.0142e-04
3753,30744576,3.86497,1.27523,3.0125e-04
3754,30752768,3.55770,1.28266,3.0108e-04
3755,30760960,3.84335,1.26601,3.0092e-04
3756,30769152,3.82590,1.27083,3.0075e-04
3757,30777344,3.89264,1.27622,3.0058e-04
3758,30785536,3.80390,1.29282,3.0042e-04
3759,30793728,3.87161,1.27772,3.0025e-04
3760,30801920,3.86698,1.27654,3.0008e-04
3761,30810112,3.78437,1.27345,2.9991e-04
3762,30818304,3.84396,1.27721,2.9975e-04
3763,30826496,3.90551,1.27153,2.9958e-04
3764,30834688,3.87106,1.27851,2.9941e-04
3765,30842880,3.83630,1.28045,2.9925e-04
3766,30851072,3.90233,1.30168,2.9908e-04
3767,30859264,3.73760,1.27629,2.9891e-04
3768,30867456,3.90824,1.27505,2.9874e-04
3769,30875648,3.86207,1.29446,2.9858e-04
3770,30883840,3.88250,1.29311,2.9841e-04
3771,30892032,3.77380,1.28337,2.9824e-04
3772,30900224,3.78462,1.27056,2.9808e-04
3773,30908416,3.81725,1.29369,2.9791e-04
3774,30916608,3.99872,1.28178,2.9774e-04
3775,30924800,3.85958,1.28494,2.9758e-04
3776,30932992,3.86991,1.28337,2.9741e-04
3777,30941184,3.87954,1.30013,2.9724e-04
3778,30949376,3.67385,1.27610,2.9708e-04
3779,30957568,3.73564,1.27666,2.9691e-04
3780,30965760,3.94830,1.26843,2.9674e-04
3781,30973952,3.82166,1.26193,2.9658e-04
3782,30982144,3.92891,1.27573,2.9641e-04
3783,30990336,3.81525,1.28812,2.9624e-04
3784,30998528,3.72925,1.27384,2.9608e-04
3785,31006720,3.78951,1.26825,2.9591e-04
3786,31014912,3.71311,1.27050,2.9575e-04
3787,31023104,3.80252,1.27990,2.9558e-04
3788,31031296,3.92715,1.27953,2.9541e-04
3789,31039488,3.82610,1.27709,2.9525e-04
3790,31047680,3.71321,1.28323,2.9508e-04
3791,31055872,3.67880,1.29433,2.9491e-04
3792,31064064,3.92521,1.29532,2.9475e-04
3793,31072256,3.98335,1.28801,2.9458e-04
3794,31080448,3.92141,1.28281,2.9442e-04
3795,31088640,3.83596,1.27544,2.9425e-04
3796,31096832,3.97805,1.27822,2.9408e-04
3797,31105024,3.76775,1.27514,2.9392e-04
3798,31113216,3.89216,1.26740,2.9375e-04
3799,31121408,3.78589,1.26364,2.9359e-04
3800,31129600,3.89074,1.27027,2.9342e-04
3801,31137792,3.71879,1.26877,2.9325e-04
3802,31145984,3.80732,1.27494,2.9309e-04
3803,31154176,3.64167,1.27612,2.9292e-04
3804,31162368,3.74693,1.27234,2.9276e-04
3805,31170560,3.72836,1.27663,2.9259e-04
3806,31178752,3.90895,1.27728,2.9243e-04
3807,31186944,3.85696,1.27120,2.9226e-04
3808,31195136,3.76788,1.28658,2.9209e-04
3809,31203328,3.85240,1.28097,2.9193e-04
3810,31211520,3.80755,1.27717,2.9176e-04
3811,31219712,3.86176,1.27044,2.9160e-04
3812,31227904,3.91711,1.27707,2.9143e-04
3813,31236096,3.78891,1.26485,2.9127e-04
3814,31244288,3.68466,1.27384,2.9110e-04
3815,31252480,3.79433,1.27093,2.9094e-04
3816,31260672,3.67378,1.25622,2.9077e-04
3817,31268864,3.74741,1.26790,2.9061e-04
3818,31277056,3.87524,1.27132,2.9044e-04
3819,31285248,3.75513,1.26943,2.9027e-04
3820,31293440,3.87212,1.26140,2.9011e-04
3821,31301632,3.75048,1.26656,2.8994e-04
3822,31309824,3.81356,1.26755,2.8978e-04
3823,31318016,3.67396,1.26476,2.8961e-04
3824,31326208,3.73587,1.26956,2.8945e-04
3825,31334400,3.72057,1.27404,2.8928e-04
3826,31342592,3.81894,1.27267,2.8912e-04
3827,31350784,3.79218,1.28442,2.8895e-04
3828,31358976,3.79851,1.30363,2.8879e-04
3829,31367168,3.90598,1.27991,2.8862e-04
3830,31375360,3.74676,1.28360,2.8846e-04
3831,31383552,3.81141,1.28529,2.8829e-04
3832,31391744,3.68325,1.27215,2.8813e-04
3833,31399936,3.72004,1.27567,2.8796e-04
3834,31408128,3.75165,1.27809,2.8780e-04
3835,31416320,3.71843,1.30136,2.8764e-04
3836,31424512,3.60997,1.30307,2.8747e-04
3837,31432704,3.50089,1.29016,2.8731e-04
3838,31440896,3.70673,1.31118,2.8714e-04
3839,31449088,3.88155,1.28026,2.8698e-04
3840,31457280,3.91927,1.27536,2.8681e-04
3841,31465472,3.74929,1.28703,2.8665e-04
3842,31473664,3.62080,1.29893,2.8648e-04
3843,31481856,3.83194,1.30230,2.8632e-04
3844,31490048,3.84240,1.28769,2.8615e-04
3845,31498240,3.90783,1.29322,2.8599e-04
3846,31506432,3.89110,1.26673,2.8583e-04
3847,31514624,3.83323,1.27617,2.8566e-04
3848,31522816,3.75928,1.28027,2.8550e-04
3849,31531008,3.85947,1.29561,2.8533e-04
3850,31539200,3.91482,1.27340,2.8517e-04
3851,31547392,3.77139,1.29927,2.8500e-04
3852,31555584,3.68055,1.29763,2.8484e-04
3853,31563776,3.78712,1.31495,2.8468e-04
3854,31571968,3.87254,1.30549,2.8451e-04
3855,31580160,3.84647,1.28853,2.8435e-04
3856,31588352,3.68156,1.27706,2.8418e-04
3857,31596544,3.78204,1.26857,2.8402e-04
3858,31604736,3.82679,1.27266,2.8386e-04
3859,31612928,3.83854,1.28398,2.8369e-04
3860,31621120,3.85446,1.27046,2.8353e-04
3861,31629312,3.72449,1.26437,2.8336e-04
3862,31637504,3.72301,1.27213,2.8320e-04
3863,31645696,3.96709,1.26877,2.8304e-04
3864,31653888,3.78590,1.26896,2.8287e-04
3865,31662080,3.82615,1.27223,2.8271e-04
3866,31670272,3.81386,1.27953,2.8255e-04
3867,31678464,3.80161,1.28466,2.8238e-04
3868,31686656,3.84464,1.25762,2.8222e-04
3869,31694848,3.67636,1.27693,2.8206e-04
3870,31703040,3.72183,1.25295,2.8189e-04
3871,31711232,3.95721,1.28658,2.8173e-04
3872,31719424,3.89107,1.25315,2.8157e-04
3873,31727616,3.70111,1.25903,2.8140e-04
3874,31735808,3.86702,1.25518,2.8124e-04
3875,31744000,3.84392,1.24485,2.8108e-04
3876,31752192,3.83265,1.23848,2.8091e-04
3877,31760384,3.72171,1.24570,2.8075e-04
3878,31768576,3.84274,1.23540,2.8059e-04
3879,31776768,3.81898,1.23891,2.8042e-04
3880,31784960,3.71331,1.24022,2.8026e-04
3881,31793152,3.74741,1.24477,2.8010e-04
3882,31801344,3.86273,1.24716,2.7993e-04
3883,31809536,3.63778,1.26692,2.7977e-04
3884,31817728,3.74945,1.24720,2.7961e-04
3885,31825920,3.81432,1.25753,2.7944e-04
3886,31834112,3.63543,1.26788,2.7928e-04
3887,31842304,3.74416,1.25249,2.7912e-04
3888,31850496,3.73265,1.25597,2.7896e-04
3889,31858688,3.67777,1.25038,2.7879e-04
3890,31866880,3.78388,1.25866,2.7863e-04
3891,31875072,3.75776,1.26144,2.7847e-04
3892,31883264,3.81983,1.28307,2.7830e-04
3893,31891456,3.80992,1.26036,2.7814e-04
3894,31899648,3.70165,1.26690,2.7798e-04
3895,31907840,3.75873,1.27781,2.7782e-04
3896,31916032,4.01271,1.25569,2.7765e-04
3897,31924224,3.78217,1.27480,2.7749e-04
3898,31932416,3.87113,1.28139,2.7733e-04
3899,31940608,3.76153,1.27174,2.7717e-04
3900,31948800,3.72695,1.29016,2.7700e-04
3901,31956992,3.90065,1.27805,2.7684e-04
3902,31965184,3.82256,1.26996,2.7668e-04
3903,31973376,3.77791,1.29181,2.7652e-04
3904,31981568,3.79096,1.26647,2.7636e-04
3905,31989760,3.68341,1.27258,2.7619e-04
3906,31997952,3.90029,1.25576,2.7603e-04
3907,32006144,3.72412,1.25858,2.7587e-04
3908,32014336,3.77992,1.25453,2.7571e-04
3909,32022528,3.60680,1.24574,2.7554e-04
3910,32030720,3.82045,1.24494,2.7538e-04
3911,32038912,3.88544,1.23620,2.7522e-04
3912,32047104,3.73009,1.27643,2.7506e-04
3913,32055296,3.76584,1.27137,2.7490e-04
3914,32063488,3.77669,1.24391,2.7474e-04
3915,32071680,3.67778,1.26256,2.7457e-04
3916,32079872,3.69404,1.27210,2.7441e-04
3917,32088064,3.83008,1.26297,2.7425e-04
3918,32096256,3.91408,1.27110,2.7409e-04
3919,32104448,3.81472,1.28293,2.7393e-04
3920,32112640,3.79069,1.27696,2.7376e-04
3921,32120832,3.70625,1.28084,2.7360e-04
3922,32129024,3.75486,1.26820,2.7344e-04
3923,32137216,3.84051,1.27566,2.7328e-04
3924,32145408,3.59353,1.28798,2.7312e-04
3925,32153600,3.85549,1.26020,2.7296e-04
3926,32161792,3.81892,1.27536,2.7280e-04
3927,32169984,3.90092,1.26974,2.7263e-04
3928,32178176,3.68824,1.29529,2.7247e-04
3929,32186368,3.59698,1.27442,2.7231e-04
3930,32194560,3.76317,1.26387,2.7215e-04
3931,32202752,3.91377,1.27560,2.7199e-04
3932,32210944,3.73342,1.26389,2.7183e-04
3933,32219136,3.72935,1.26926,2.7167e-04
3934,32227328,3.80247,1.26620,2.7151e-04
3935,32235520,3.76760,1.26416,2.7135e-04
3936,32243712,3.88505,1.27090,2.7118e-04
3937,32251904,3.88655,1.26451,2.7102e-04
3938,32260096,3.84312,1.29289,2.7086e-04
3939,32268288,3.61041,1.28589,2.7070e-04
3940,32276480,3.63820,1.26661,2.7054e-04
3941,32284672,3.77026,1.26697,2.7038e-04
3942,32292864,3.73756,1.25936,2.7022e-04
3943,32301056,3.73977,1.26668,2.7006e-04
3944,32309248,3.61118,1.26259,2.6990e-04
3945,32317440,3.78537,1.26730,2.6974e-04
3946,32325632,3.77500,1.25925,2.6958e-04
3947,32333824,3.69098,1.26542,2.6942e-04
3948,32342016,3.83974,1.26417,2.6926e-04
3949,32350208,3.94242,1.25604,2.6909e-04
3950,32358400,3.95083,1.27462,2.6893e-04
3951,32366592,3.76319,1.26932,2.6877e-04
3952,32374784,3.70159,1.27445,2.6861e-04
3953,32382976,3.85230,1.24210,2.6845e-04
3954,32391168,3.75148,1.25774,2.6829e-04
3955,32399360,3.73928,1.24376,2.6813e-04
3956,32407552,3.76840,1.24383,2.6797e-04
3957,32415744,3.78137,1.26460,2.6781e-04
3958,32423936,3.76340,1.24775,2.6765e-04
3959,32432128,3.72723,1.24883,2.6749e-04
3960,32440320,3.86087,1.28178,2.6733e-04
3961,32448512,3.85213,1.28070,2.6717e-04
3962,32456704,3.63688,1.24634,2.6701e-04
3963,32464896,3.82037,1.27168,2.6685e-04
3964,32473088,3.75501,1.26253,2.6669e-04
3965,32481280,3.83280,1.26112,2.6653e-04
3966,32489472,3.79937,1.26559,2.6637e-04
3967,32497664,3.76390,1.27362,2.6621e-04
3968,32505856,3.57553,1.26224,2.6605e-04
3969,32514048,3.84235,1.25105,2.6589e-04
3970,32522240,3.76595,1.27269,2.6573e-04
3971,32530432,3.94004,1.25401,2.6557e-04
3972,32538624,3.73186,1.28164,2.6541e-04
3973,32546816,3.91474,1.26281,2.6525e-04
3974,32555008,3.78182,1.25910,2.6510e-04
3975,32563200,3.77018,1.25972,2.6494e-04
3976,32571392,3.87581,1.26098,2.6478e-04
3977,32579584,3.88041,1.25944,2.6462e-04
3978,32587776,3.76965,1.26056,2.6446e-04
3979,32595968,3.65006,1.26593,2.6430e-04
3980,32604160,3.76443,1.27188,2.6414e-04
3981,32612352,3.84967,1.27693,2.6398e-04
3982,32620544,3.70366,1.28444,2.6382e-04
3983,32628736,3.82283,1.25340,2.6366e-04
3984,32636928,3.65781,1.26612,2.6350e-04
3985,32645120,3.79285,1.26183,2.6334e-04
3986,32653312,3.77760,1.26419,2.6318e-04
3987,32661504,3.82594,1.28651,2.6303e-04
3988,32669696,3.72623,1.27176,2.6287e-04
3989,32677888,3.73739,1.26655,2.6271e-04
3990,32686080,3.77658,1.29155,2.6255e-04
3991,32694272,3.79603,1.26334,2.6239e-04
3992,32702464,3.84634,1.27215,2.6223e-04
3993,32710656,3.82381,1.28105,2.6207e-04
3994,32718848,3.68837,1.28033,2.6191e-04
3995,32727040,3.49271,1.30038,2.6176e-04
3996,32735232,3.63345,1.25949,2.6160e-04
3997,32743424,3.85097,1.26552,2.6144e-04
3998,32751616,3.78109,1.28082,2.6128e-04
3999,32759808,3.86957,1.26668,2.6112e-04
4000,32768000,4.03651,1.25775,2.6096e-04
4001,32776192,3.61557,1.26813,2.6080e-04
4002,32784384,3.85047,1.27633,2.6065e-04
4003,32792576,3.66955,1.24599,2.6049e-04
4004,32800768,3.70304,1.24646,2.6033e-04
4005,32808960,3.74768,1.25861,2.6017e-04
4006,32817152,3.66178,1.25983,2.6001e-04
4007,32825344,3.84803,1.27320,2.5986e-04
4008,32833536,3.84494,1.27117,2.5970e-04
4009,32841728,3.87659,1.27336,2.5954e-04
4010,32849920,3.80839,1.27049,2.5938e-04
4011,32858112,3.84796,1.25988,2.5922e-04
4012,32866304,3.86327,1.26950,2.5907e-04
4013,32874496,3.69881,1.26464,2.5891e-04
4014,32882688,3.83470,1.26751,2.5875e-04
4015,32890880,3.73649,1.25845,2.5859e-04
4016,32899072,3.76189,1.27708,2.5843e-04
4017,32907264,3.79492,1.28065,2.5828e-04
4018,32915456,3.79012,1.25945,2.5812e-04
4019,32923648,3.82259,1.25428,2.5796e-04
4020,32931840,3.74150,1.25911,2.5780e-04
4021,32940032,3.79372,1.26117,2.5765e-04
4022,32948224,3.83795,1.26807,2.5749e-04
4023,32956416,3.77524,1.26052,2.5733e-04
4024,32964608,3.66091,1.26189,2.5717e-04
4025,32972800,3.76484,1.25508,2.5702e-04
4026,32980992,3.78612,1.25939,2.5686e-04
4027,32989184,3.92382,1.25419,2.5670e-04
4028,32997376,3.94106,1.27311,2.5654e-04
4029,33005568,3.93594,1.26280,2.5639e-04
4030,33013760,3.70435,1.25539,2.5623e-04
4031,33021952,3.74370,1.25904,2.5607e-04
4032,33030144,3.85824,1.25833,2.5592e-04
4033,33038336,3.74422,1.26719,2.5576e-04
4034,33046528,3.67978,1.27051,2.5560e-04
4035,33054720,3.83118,1.26231,2.5544e-04
4036,33062912,3.77703,1.26086,2.5529e-04
4037,33071104,3.81788,1.28580,2.5513e-04
4038,33079296,3.79811,1.26246,2.5497e-04
4039,33087488,3.80675,1.28391,2.5482e-04
4040,33095680,3.86434,1.26295,2.5466e-04
4041,33103872,3.75615,1.26914,2.5450e-04
4042,33112064,3.70229,1.26592,2.5435e-04
4043,33120256,3.77418,1.26323,2.5419e-04
4044,33128448,3.83736,1.27301,2.5403e-04
4045,33136640,3.71013,1.27211,2.5388e-04
4046,33144832,3.61001,1.26664,2.5372e-04
4047,33153024,3.84086,1.26086,2.5356e-04
4048,33161216,3.79968,1.26164,2.5341e-04
4049,33169408,3.70652,1.27370,2.5325e-04
4050,33177600,3.68109,1.26132,2.5310e-04
4051,33185792,3.87464,1.26152,2.5294e-04
4052,33193984,3.84081,1.26045,2.5278e-04
4053,33202176,3.69949,1.26097,2.5263e-04
4054,33210368,3.73563,1.25940,2.5247e-04
4055,33218560,3.76191,1.25735,2.5232e-04
4056,33226752,3.80115,1.25787,2.5216e-04
4057,33234944,3.76500,1.24792,2.5200e-04
4058,33243136,3.92887,1.27354,2.5185e-04
4059,33251328,3.70826,1.26661,2.5169e-04
4060,33259520,3.85414,1.24638,2.5154e-04
4061,33267712,3.73560,1.24653,2.5138e-04
4062,33275904,3.90966,1.25614,2.5122e-04
4063,33284096,3.79738,1.26431,2.5107e-04
4064,33292288,3.85992,1.24909,2.5091e-04
4065,33300480,3.79019,1.27412,2.5076e-04
4066,33308672,3.89701,1.26388,2.5060e-04
4067,33316864,3.73306,1.26232,2.5045e-04
4068,33325056,3.71784,1.28937,2.5029e-04
4069,33333248,3.67377,1.28072,2.5013e-04
4070,33341440,3.70740,1.27964,2.4998e-04
4071,33349632,3.77200,1.25373,2.4982e-04
4072,33357824,3.79744,1.26689,2.4967e-04
4073,33366016,3.74594,1.26644,2.4951e-04
4074,33374208,3.74465,1.26171,2.4936e-04
4075,33382400,3.72346,1.26827,2.4920e-04
4076,33390592,3.93516,1.27569,2.4905e-04
4077,33398784,3.72992,1.25759,2.4889e-04
4078,33406976,3.75483,1.25478,2.4874e-04
4079,33415168,3.68312,1.26031,2.4858e-04
4080,33423360,3.70810,1.25712,2.4843e-04
4081,33431552,3.57492,1.25286,2.4827e-04
4082,33439744,3.73299,1.26057,2.4812e-04
4083,33447936,3.86558,1.24036,2.4796e-04
4084,33456128,3.87848,1.24244,2.4781e-04
4085,33464320,3.81869,1.26938,2.4765e-04
4086,33472512,3.76448,1.25971,2.4750e-04
4087,33480704,3.75109,1.26398,2.4734e-04
4088,33488896,3.55793,1.25746,2.4719e-04
4089,33497088,3.70605,1.24669,2.4704e-04
4090,33505280,3.79659,1.25621,2.4688e-04
4091,33513472,3.91876,1.24725,2.4673e-04
4092,33521664,3.79532,1.23900,2.4657e-04
4093,33529856,3.79923,1.24929,2.4642e-04
4094,33538048,3.78519,1.25010,2.4626e-04
4095,33546240,3.78002,1.25284,2.4611e-04
4096,33554432,3.66712,1.27102,2.4596e-04
4097,33562624,3.58287,1.24404,2.4580e-04
4098,33570816,3.75488,1.25620,2.4565e-04
4099,33579008,3.72684,1.26446,2.4549e-04
4100,33587200,3.75757,1.25161,2.4534e-04
4101,33595392,3.96880,1.24726,2.4518e-04
4102,33603584,3.83979,1.25471,2.4503e-04
4103,33611776,3.88365,1.23724,2.4488e-04
4104,33619968,3.85073,1.24025,2.4472e-04
4105,33628160,3.68789,1.23634,2.4457e-04
4106,33636352,3.67335,1.23423,2.4442e-04
4107,33644544,3.68831,1.23646,2.4426e-04
4108,33652736,3.72743,1.22841,2.4411e-04
4109,33660928,3.75730,1.23795,2.4395e-04
4110,33669120,3.84188,1.23886,2.4380e-04
4111,33677312,3.76425,1.23673,2.4365e-04
4112,33685504,3.82118,1.24578,2.4349e-04
4113,33693696,3.57909,1.23824,2.4334e-04
4114,33701888,3.66476,1.23777,2.4319e-04
4115,33710080,3.83622,1.24707,2.4303e-04
4116,33718272,3.63996,1.24257,2.4288e-04
4117,33726464,3.88429,1.22933,2.4273e-04
4118,33734656,3.78150,1.24173,2.4257e-04
4119,33742848,3.69548,1.23461,2.4242e-04
4120,33751040,3.79084,1.23498,2.4227e-04
4121,33759232,3.78832,1.25253,2.4212e-04
4122,33767424,3.88293,1.24012,2.4196e-04
4123,33775616,3.80653,1.26043,2.4181e-04
4124,33783808,3.78386,1.24967,2.4166e-04
4125,33792000,3.74126,1.24980,2.4150e-04
4126,33800192,3.70609,1.24728,2.4135e-04
4127,33808384,3.73166,1.26102,2.4120e-04
4128,33816576,3.78922,1.23904,2.4105e-04
4129,33824768,3.82853,1.25817,2.4089e-04
4130,33832960,3.62697,1.25270,2.4074e-04
4131,33841152,3.81569,1.24813,2.4059e-04
4132,33849344,3.71651,1.24616,2.4043e-04
4133,33857536,3.82416,1.25131,2.4028e-04
4134,33865728,3.73270,1.23526,2.4013e-04
4135,33873920,3.74011,1.24966,2.3998e-04
4136,33882112,3.71150,1.24342,2.3982e-04
4137,33890304,3.55046,1.23773,2.3967e-04
4138,33898496,3.79648,1.25395,2.3952e-04
4139,33906688,3.83428,1.25694,2.3937e-04
4140,33914880,3.62960,1.25207,2.3922e-04
4141,33923072,3.93266,1.26186,2.3906e-04
4142,33931264,3.74400,1.25141,2.3891e-04
4143,33939456,3.82562,1.25680,2.3876e-04
4144,33947648,3.64370,1.25632,2.3861e-04
4145,33955840,3.77156,1.27402,2.3846e-04
4146,33964032,3.57049,1.29011,2.3830e-04
4147,33972224,3.74370,1.29541,2.3815e-04
4148,33980416,3.76700,1.26889,2.3800e-04
4149,33988608,3.60975,1.27412,2.3785e-04
4150,33996800,3.65469,1.26517,2.3770e-04
4151,34004992,3.70170,1.26392,2.3755e-04
4152,34013184,3.82009,1.25761,2.3739e-04
4153,34021376,3.70094,1.28708,2.3724e-04
4154,34029568,3.80045,1.27333,2.3709e-04
4155,34037760,3.68632,1.27598,2.3694e-04
4156,34045952,3.80667,1.26785,2.3679e-04
4157,34054144,3.68924,1.27151,2.3664e-04
4158,34062336,3.77861,1.26937,2.3649e-04
4159,34070528,3.61403,1.27062,2.3633e-04
4160,34078720,3.79518,1.27892,2.3618e-04
4161,34086912,3.72802,1.26030,2.3603e-04
4162,34095104,3.72985,1.25407,2.3588e-04
4163,34103296,3.84458,1.26322,2.3573e-04
4164,34111488,3.76925,1.25567,2.3558e-04
4165,34119680,3.78723,1.27570,2.3543e-04
4166,34127872,3.81056,1.26346,2.3528e-04
4167,34136064,3.87757,1.27367,2.3513e-04
4168,34144256,3.87031,1.25769,2.3498e-04
4169,34152448,3.72449,1.24602,2.3482e-04
4170,34160640,3.75566,1.23617,2.3467e-04
4171,34168832,3.72061,1.25231,2.3452e-04
4172,34177024,3.84307,1.24542,2.3437e-04
4173,34185216,3.79480,1.25842,2.3422e-04
4174,34193408,3.78704,1.24932,2.3407e-04
4175,34201600,3.73559,1.23671,2.3392e-04
4176,34209792,3.86957,1.24745,2.3377e-04
4177,34217984,3.75859,1.24476,2.3362e-04
4178,34226176,3.67121,1.24024,2.3347e-04
4179,34234368,3.87569,1.23612,2.3332e-04
4180,34242560,3.71440,1.24666,2.3317e-04
4181,34250752,3.63726,1.24734,2.3302e-04
4182,34258944,3.63640,1.24715,2.3287e-04
4183,34267136,3.73308,1.26218,2.3272e-04
4184,34275328,3.60274,1.25276,2.3257e-04
4185,34283520,3.49811,1.22997,2.3242e-04
4186,34291712,3.64163,1.24403,2.3227e-04
4187,34299904,3.90514,1.23750,2.3212e-04
4188,34308096,3.67167,1.23758,2.3197e-04
4189,34316288,3.93863,1.24184,2.3182e-04
4190,34324480,3.85012,1.23973,2.3167e-04
4191,34332672,3.77895,1.24792,2.3152e-04
4192,34340864,3.66822,1.25980,2.3137e-04
4193,34349056,3.70632,1.24267,2.3122e-04
4194,34357248,3.78036,1.23956,2.3107e-04
4195,34365440,3.66513,1.23346,2.3092e-04
4196,34373632,3.80409,1.22880,2.3077e-04
4197,34381824,3.79899,1.22353,2.3062e-04
4198,34390016,3.79874,1.23766,2.3047e-04
4199,34398208,3.74315,1.23700,2.3033e-04
4200,34406400,3.72248,1.24569,2.3018e-04
4201,34414592,3.81343,1.24802,2.3003e-04
4202,34422784,3.78414,1.25749,2.2988e-04
4203,34430976,3.66761,1.23869,2.2973e-04
4204,34439168,3.71864,1.25908,2.2958e-04
4205,34447360,3.71601,1.25872,2.2943e-04
4206,34455552,3.67861,1.22921,2.2928e-04
4207,34463744,3.69413,1.24109,2.2913e-04
4208,34471936,3.73396,1.24063,2.2898e-04
4209,34480128,3.77707,1.24846,2.2884e-04
4210,34488320,3.79632,1.24694,2.2869e-04
4211,34496512,3.77876,1.24862,2.2854e-04
4212,34504704,3.81173,1.23167,2.2839e-04
4213,34512896,3.84761,1.25719,2.2824e-04
4214,34521088,3.88256,1.25818,2.2809e-04
4215,34529280,3.73984,1.26557,2.2794e-04
4216,34537472,3.76910,1.25821,2.2780e-04
4217,34545664,3.80734,1.24395,2.2765e-04
4218,34553856,3.90011,1.25997,2.2750e-04
4219,34562048,3.68245,1.27100,2.2735e-04
4220,34570240,3.74856,1.25415,2.2720e-04
4221,34578432,3.66690,1.28738,2.2705e-04
4222,34586624,3.80436,1.26972,2.2691e-04
4223,34594816,3.77023,1.25939,2.2676e-04
4224,34603008,3.85203,1.26048,2.2661e-04
4225,34611200,3.62155,1.26765,2.2646e-04
4226,34619392,3.73525,1.25263,2.2631e-04
4227,34627584,3.64398,1.27643,2.2617e-04
4228,34635776,3.65384,1.27535,2.2602e-04
4229,34643968,3.76790,1.25870,2.2587e-04
4230,34652160,3.80616,1.25370,2.2572e-04
4231,34660352,3.64359,1.25943,2.2558e-04
4232,34668544,3.81050,1.23600,2.2543e-04
4233,34676736,3.69277,1.24684,2.2528e-04
4234,34684928,3.74774,1.24727,2.2513e-04
4235,34693120,3.66121,1.23599,2.2499e-04
4236,34701312,3.69095,1.24279,2.2484e-04
4237,34709504,3.79052,1.24058,2.2469e-04
4238,34717696,3.72542,1.24120,2.2454e-04
4239,34725888,3.75433,1.23837,2.2440e-04
4240,34734080,3.57365,1.24519,2.2425e-04
4241,34742272,3.78510,1.25611,2.2410e-04
4242,34750464,3.68553,1.24360,2.2396e-04
4243,34758656,3.66748,1.27253,2.2381e-04
4244,34766848,3.81541,1.23656,2.2366e-04
4245,34775040,3.69993,1.25486,2.2351e-04
4246,34783232,3.61122,1.24112,2.2337e-04
4247,34791424,3.89149,1.24032,2.2322e-04
4248,34799616,3.76472,1.24568,2.2307e-04
4249,34807808,3.86411,1.24075,2.2293e-04
4250,34816000,3.81175,1.23884,2.2278e-04
4251,34824192,3.81576,1.25573,2.2263e-04
4252,34832384,3.72615,1.25066,2.2249e-04
4253,34840576,3.57013,1.23541,2.2234e-04
4254,34848768,3.80920,1.25239,2.2219e-04
4255,34856960,3.65584,1.23474,2.2205e-04
4256,34865152,3.72761,1.24596,2.2190e-04
4257,34873344,3.89999,1.22880,2.2176e-04
4258,34881536,3.71011,1.22558,2.2161e-04
4259,34889728,3.62574,1.23277,2.2146e-04
4260,34897920,3.75489,1.22876,2.2132e-04
4261,34906112,3.65034,1.23417,2.2117e-04
4262,34914304,3.80889,1.25560,2.2103e-04
4263,34922496,3.55179,1.24667,2.2088e-04
4264,34930688,3.69513,1.25253,2.2073e-04
4265,34938880,3.77234,1.25173,2.2059e-04
4266,34947072,3.80039,1.25834,2.2044e-04
4267,34955264,3.79619,1.25527,2.2030e-04
4268,34963456,3.66929,1.23267,2.2015e-04
4269,34971648,3.88803,1.26143,2.2000e-04
4270,34979840,3.64884,1.25521,2.1986e-04
4271,34988032,3.71076,1.25105,2.1971e-04
4272,34996224,3.71226,1.25606,2.1957e-04
4273,35004416,3.61016,1.25583,2.1942e-04
4274,35012608,3.66593,1.24495,2.1928e-04
4275,35020800,3.81012,1.23444,2.1913e-04
4276,35028992,3.65703,1.24463,2.1899e-04
4277,35037184,3.75381,1.24056,2.1884e-04
4278,35045376,3.70794,1.23058,2.1870e-04
4279,35053568,3.73315,1.24424,2.1855e-04
4280,35061760,3.76705,1.23524,2.1841e-04
4281,35069952,3.57219,1.21910,2.1826e-04
4282,35078144,3.70929,1.23375,2.1812e-04
4283,35086336,3.82648,1.25227,2.1797e-04
4284,35094528,3.67501,1.25187,2.1783e-04
4285,35102720,3.77478,1.26076,2.1768e-04
4286,35110912,3.64119,1.26432,2.1754e-04
4287,35119104,3.73405,1.24981,2.1739e-04
4288,35127296,3.85740,1.25735,2.1725e-04
4289,35135488,3.82399,1.24117,2.1710e-04
4290,35143680,3.87049,1.24867,2.1696e-04
4291,35151872,3.84039,1.24050,2.1681e-04
4292,35160064,3.81102,1.25031,2.1667e-04
4293,35168256,3.90055,1.24533,2.1653e-04
4294,35176448,3.67137,1.24887,2.1638e-04
4295,35184640,3.59572,1.26107,2.1624e-04
4296,35192832,3.78474,1.24434,2.1609e-04
4297,35201024,3.68018,1.23527,2.1595e-04
4298,35209216,3.67213,1.24611,2.1580e-04
4299,35217408,3.82871,1.23985,2.1566e-04
4300,35225600,3.63398,1.24470,2.1552e-04
4301,35233792,3.80525,1.24771,2.1537e-04
4302,35241984,3.78046,1.23196,2.1523e-04
4303,35250176,3.65294,1.23991,2.1508e-04
4304,35258368,3.73309,1.23173,2.1494e-04
4305,35266560,3.93732,1.24154,2.1480e-04
4306,35274752,3.69484,1.25535,2.1465e-04
4307,35282944,3.67991,1.23809,2.1451e-04
4308,35291136,3.62736,1.25029,2.1437e-04
4309,35299328,3.51601,1.24588,2.1422e-04
4310,35307520,3.73048,1.25577,2.1408e-04
4311,35315712,3.81853,1.23271,2.1394e-04
4312,35323904,3.76972,1.22517,2.1379e-04
4313,35332096,3.81102,1.25922,2.1365e-04
4314,35340288,3.73465,1.23554,2.1351e-04
4315,35348480,3.66746,1.24267,2.1336e-04
4316,35356672,3.81378,1.22721,2.1322e-04
4317,35364864,3.49883,1.24082,2.1308e-04
4318,35373056,3.86277,1.23739,2.1293e-04
4319,35381248,3.77668,1.22504,2.1279e-04
4320,35389440,3.73146,1.24260,2.1265e-04
4321,35397632,3.58299,1.23591,2.1251e-04
4322,35405824,3.76225,1.24746,2.1236e-04
4323,35414016,3.53245,1.23104,2.1222e-04
4324,35422208,3.73829,1.23039,2.1208e-04
4325,35430400,3.70429,1.23637,2.1193e-04
4326,35438592,3.75731,1.23512,2.1179e-04
4327,35446784,3.74542,1.24563,2.1165e-04
4328,35454976,3.81586,1.24683,2.1151e-04
4329,35463168,3.73410,1.24768,2.1136e-04
4330,35471360,3.84570,1.24074,2.1122e-04
4331,35479552,3.83716,1.26408,2.1108e-04
4332,35487744,3.70462,1.25581,2.1094e-04
4333,35495936,3.73278,1.24142,2.1080e-04
4334,35504128,3.71016,1.25640,2.1065e-04
4335,35512320,3.69978,1.24096,2.1051e-04
4336,35520512,3.81151,1.25226,2.1037e-04
4337,35528704,3.69466,1.24190,2.1023e-04
4338,35536896,3.77307,1.25012,2.1009e-04
4339,35545088,3.52485,1.25996,2.0994e-04
4340,35553280,3.66044,1.24541,2.0980e-04
4341,35561472,3.85728,1.26077,2.0966e-04
4342,35569664,3.63216,1.22690,2.0952e-04
4343,35577856,3.70637,1.23957,2.0938e-04
4344,35586048,3.67984,1.23583,2.0924e-04
4345,35594240,3.67280,1.23564,2.0909e-04
4346,35602432,3.67178,1.23764,2.0895e-04
4347,35610624,3.79984,1.23660,2.0881e-04
4348,35618816,3.71156,1.23321,2.0867e-04
4349,35627008,3.64505,1.23436,2.0853e-04
4350,35635200,3.76757,1.24643,2.0839e-04
4351,35643392,3.72684,1.23375,2.0825e-04
4352,35651584,3.66548,1.24541,2.0811e-04
4353,35659776,3.67655,1.22696,2.0796e-04
4354,35667968,3.72242,1.23588,2.0782e-04
4355,35676160,3.71553,1.24195,2.0768e-04
4356,35684352,3.63616,1.22811,2.0754e-04
4357,35692544,3.71140,1.23970,2.0740e-04
4358,35700736,3.76708,1.23426,2.0726e-04
4359,35708928,3.70378,1.23494,2.0712e-04
4360,35717120,3.70772,1.23581,2.0698e-04
4361,35725312,3.78046,1.23242,2.0684e-04
4362,35733504,3.80581,1.22799,2.0670e-04
4363,35741696,3.68634,1.23839,2.0656e-04
4364,35749888,3.78893,1.22824,2.0642e-04
4365,35758080,3.97332,1.22686,2.0628e-04
4366,35766272,3.70366,1.24155,2.0614e-04
4367,35774464,3.68553,1.23399,2.0600e-04
4368,35782656,3.63222,1.24179,2.0586e-04
4369,35790848,3.68418,1.25076,2.0572e-04
4370,35799040,3.57879,1.24321,2.0558e-04
4371,35807232,3.73622,1.22741,2.0544e-04
4372,35815424,3.80815,1.23663,2.0530e-04
4373,35823616,3.89332,1.23337,2.0516e-04
4374,35831808,3.65533,1.24200,2.0502e-04
4375,35840000,3.75979,1.23730,2.0488e-04
4376,35848192,3.78654,1.24216,2.0474e-04
4377,35856384,3.81444,1.23508,2.0460e-04
4378,35864576,3.64675,1.23065,2.0446e-04
4379,35872768,3.78422,1.24201,2.0432e-04
4380,35880960,3.62754,1.22414,2.0418e-04
4381,35889152,3.86424,1.25663,2.0404e-04
4382,35897344,3.58857,1.23750,2.0390e-04
4383,35905536,3.67836,1.24400,2.0376e-04
4384,35913728,3.68770,1.23041,2.0362e-04
4385,35921920,3.81184,1.23090,2.0348e-04
4386,35930112,3.65704,1.22585,2.0334e-04
4387,35938304,3.80292,1.22714,2.0320e-04
4388,35946496,3.86800,1.22891,2.0306e-04
4389,35954688,3.78758,1.23417,2.0292e-04
4390,35962880,3.76301,1.22764,2.0279e-04
4391,35971072,3.61186,1.23129,2.0265e-04
4392,35979264,3.76139,1.23212,2.0251e-04
4393,35987456,3.69398,1.24183,2.0237e-04
4394,35995648,3.86168,1.24788,2.0223e-04
4395,36003840,3.65960,1.28244,2.0209e-04
4396,36012032,3.67977,1.24066,2.0195e-04
4397,36020224,3.50828,1.24983,2.0181e-04
4398,36028416,3.82645,1.23279,2.0168e-04
4399,36036608,3.67207,1.24276,2.0154e-04
4400,36044800,3.75408,1.24258,2.0140e-04
4401,36052992,3.77619,1.23296,2.0126e-04
4402,36061184,3.67745,1.23597,2.0112e-04
4403,36069376,3.74313,1.22876,2.0098e-04
4404,36077568,3.69306,1.24249,2.0085e-04
4405,36085760,3.73410,1.24070,2.0071e-04
4406,36093952,3.57969,1.22347,2.0057e-04
4407,36102144,3.75788,1.24016,2.0043e-04
4408,36110336,3.69997,1.24257,2.0030e-04
4409,36118528,3.70699,1.23966,2.0016e-04
4410,36126720,3.64541,1.25256,2.0002e-04
4411,36134912,3.62551,1.26635,1.9988e-04
4412,36143104,3.80256,1.23463,1.9974e-04
4413,36151296,3.76976,1.22383,1.9961e-04
4414,36159488,3.78436,1.24146,1.9947e-04
4415,36167680,3.74344,1.23234,1.9933e-04
4416,36175872,3.52854,1.22729,1.9919e-04
4417,36184064,3.79292,1.23595,1.9906e-04
4418,36192256,3.75690,1.22649,1.9892e-04
4419,36200448,3.52244,1.22888,1.9878e-04
4420,36208640,3.62642,1.23674,1.9865e-04
4421,36216832,3.71975,1.23162,1.9851e-04
4422,36225024,3.62416,1.23138,1.9837e-04
4423,36233216,3.75249,1.21976,1.9823e-04
4424,36241408,3.73697,1.21321,1.9810e-04
4425,36249600,3.76197,1.23688,1.9796e-04
4426,36257792,3.81541,1.22965,1.9782e-04
4427,36265984,3.79089,1.23161,1.9769e-04
4428,36274176,3.78781,1.23941,1.9755e-04
4429,36282368,3.72911,1.23167,1.9741e-04
4430,36290560,3.47203,1.21724,1.9728e-04
4431,36298752,3.59172,1.22180,1.9714e-04
4432,36306944,3.72678,1.22839,1.9700e-04
4433,36315136,3.70978,1.22328,1.9687e-04
4434,36323328,3.71748,1.23302,1.9673e-04
4435,36331520,3.51532,1.24042,1.9659e-04
4436,36339712,3.66613,1.23216,1.9646e-04
4437,36347904,3.72218,1.23071,1.9632e-04
4438,36356096,3.67603,1.23865,1.9619e-04
4439,36364288,3.68545,1.23344,1.9605e-04
4440,36372480,3.60762,1.22419,1.9591e-04
4441,36380672,3.72668,1.22851,1.9578e-04
4442,36388864,3.76359,1.22140,1.9564e-04
4443,36397056,3.85506,1.23492,1.9551e-04
4444,36405248,3.89417,1.22346,1.9537e-04
4445,36413440,3.73141,1.21390,1.9523e-04
4446,36421632,3.65744,1.22621,1.9510e-04
4447,36429824,3.52249,1.22670,1.9496e-04
4448,36438016,3.94538,1.22243,1.9483e-04
4449,36446208,3.72413,1.23115,1.9469e-04
4450,36454400,3.65071,1.22215,1.9456e-04
4451,36462592,3.74909,1.22986,1.9442e-04
4452,36470784,3.71289,1.23649,1.9429e-04
4453,36478976,3.71310,1.24141,1.9415e-04
4454,36487168,3.55619,1.22829,1.9402e-04
4455,36495360,3.82911,1.23092,1.9388e-04
4456,36503552,3.57112,1.22781,1.9375e-04
4457,36511744,3.67232,1.24370,1.9361e-04
4458,36519936,3.79478,1.24384,1.9348e-04
4459,36528128,3.58052,1.24512,1.9334e-04
4460,36536320,3.68698,1.23760,1.9321e-04
4461,36544512,3.85762,1.23783,1.9307e-04
4462,36552704,3.67126,1.23094,1.9294e-04
4463,36560896,3.54577,1.22468,1.9280e-04
4464,36569088,3.65354,1.23087,1.9267e-04
4465,36577280,3.71375,1.22392,1.9253e-04
4466,36585472,3.75631,1.21051,1.9240e-04
4467,36593664,3.83417,1.22146,1.9227e-04
4468,36601856,3.73713,1.22044,1.9213e-04
4469,36610048,3.55347,1.22534,1.9200e-04
4470,36618240,3.82150,1.25046,1.9186e-04
4471,36626432,3.78795,1.23409,1.9173e-04
4472,36634624,3.70352,1.22429,1.9159e-04
4473,36642816,3.68932,1.23594,1.9146e-04
4474,36651008,3.75348,1.22266,1.9133e-04
4475,36659200,3.68659,1.23825,1.9119e-04
4476,36667392,3.68246,1.24175,1.9106e-04
4477,36675584,3.82747,1.22307,1.9092e-04
4478,36683776,3.67850,1.23752,1.9079e-04
4479,36691968,3.80547,1.22529,1.9066e-04
4480,36700160,3.61913,1.23261,1.9052e-04
4481,36708352,3.72457,1.22408,1.9039e-04
4482,36716544,3.72123,1.23349,1.9026e-04
4483,36724736,3.79059,1.22557,1.9012e-04
4484,36732928,3.73367,1.24196,1.8999e-04
4485,36741120,3.72608,1.23334,1.8986e-04
4486,36749312,3.57198,1.23668,1.8972e-04
4487,36757504,3.60971,1.23379,1.8959e-04
4488,36765696,3.66642,1.21957,1.8946e-04
4489,36773888,3.61211,1.21665,1.8932e-04
4490,36782080,3.59658,1.23872,1.8919e-04
4491,36790272,3.74999,1.21205,1.8906e-04
4492,36798464,3.58944,1.21902,1.8893e-04
4493,36806656,3.75551,1.22675,1.8879e-04
4494,36814848,3.73643,1.21190,1.8866e-04
4495,36823040,3.72640,1.21084,1.8853e-04
4496,36831232,3.62712,1.20381,1.8840e-04
4497,36839424,3.46711,1.22554,1.8826e-04
4498,36847616,3.58501,1.21004,1.8813e-04
4499,36855808,3.63880,1.20795,1.8800e-04
4500,36864000,3.69997,1.21324,1.8787e-04
4501,36872192,3.80950,1.21248,1.8773e-04
4502,36880384,3.69536,1.22882,1.8760e-04
4503,36888576,3.60663,1.22977,1.8747e-04
4504,36896768,3.54908,1.20476,1.8734e-04
4505,36904960,3.56213,1.21404,1.8720e-04
4506,36913152,3.82941,1.21039,1.8707e-04
4507,36921344,3.88593,1.22375,1.8694e-04
4508,36929536,3.76861,1.20230,1.8681e-04
4509,36937728,3.75233,1.21701,1.8668e-04
4510,36945920,3.64595,1.21562,1.8655e-04
4511,36954112,3.73831,1.22591,1.8641e-04
4512,36962304,3.74612,1.20967,1.8628e-04
4513,36970496,3.61231,1.21973,1.8615e-04
4514,36978688,3.46513,1.21914,1.8602e-04
4515,36986880,3.63585,1.21930,1.8589e-04
4516,36995072,3.57057,1.22019,1.8576e-04
4517,37003264,3.69215,1.22388,1.8563e-04
4518,37011456,3.67670,1.21388,1.8549e-04
4519,37019648,3.70210,1.21686,1.8536e-04
4520,37027840,3.59479,1.22661,1.8523e-04
4521,37036032,3.74449,1.20998,1.8510e-04
4522,37044224,3.52786,1.20341,1.8497e-04
4523,37052416,3.66628,1.21393,1.8484e-04
4524,37060608,3.76114,1.22734,1.8471e-04
4525,37068800,3.69609,1.21446,1.8458e-04
4526,37076992,3.72237,1.20848,1.8445e-04
4527,37085184,3.52437,1.21235,1.8432e-04
4528,37093376,3.68027,1.20317,1.8419e-04
4529,37101568,3.67897,1.22703,1.8405e-04
4530,37109760,3.65629,1.21205,1.8392e-04
4531,37117952,3.82016,1.23249,1.8379e-04
4532,37126144,3.61863,1.22231,1.8366e-04
4533,37134336,3.67372,1.23055,1.8353e-04
4534,37142528,3.51764,1.21279,1.8340e-04
4535,37150720,3.74129,1.22450,1.8327e-04
4536,37158912,3.58963,1.22025,1.8314e-04
4537,37167104,3.62966,1.21607,1.8301e-04
4538,37175296,3.69235,1.22998,1.8288e-04
4539,37183488,3.70180,1.21732,1.8275e-04
4540,37191680,3.64831,1.22453,1.8262e-04
4541,37199872,3.67024,1.23664,1.8249e-04
4542,37208064,3.53666,1.21502,1.8236e-04
4543,37216256,3.67557,1.22075,1.8223e-04
4544,37224448,3.79116,1.22121,1.8210e-04
4545,37232640,3.79795,1.22132,1.8198e-04
4546,37240832,3.59393,1.22923,1.8185e-04
4547,37249024,3.73494,1.21539,1.8172e-04
4548,37257216,3.71688,1.21567,1.8159e-04
4549,37265408,3.82471,1.24689,1.8146e-04
4550,37273600,3.59697,1.21917,1.8133e-04
4551,37281792,3.68880,1.23078,1.8120e-04
4552,37289984,3.83574,1.23280,1.8107e-04
4553,37298176,3.64817,1.22490,1.8094e-04
4554,37306368,3.66687,1.23819,1.8081e-04
4555,37314560,3.76157,1.21779,1.8068e-04
4556,37322752,3.54974,1.24046,1.8055e-04
4557,37330944,3.53661,1.22543,1.8043e-04
4558,37339136,3.79151,1.21719,1.8030e-04
4559,37347328,3.69437,1.22494,1.8017e-04
4560,37355520,3.67399,1.23178,1.8004e-04
4561,37363712,3.59433,1.22017,1.7991e-04
4562,37371904,3.85713,1.22732,1.7978e-04
4563,37380096,3.72424,1.21820,1.7965e-04
4564,37388288,3.72716,1.22707,1.7953e-04
4565,37396480,3.58300,1.21953,1.7940e-04
4566,37404672,3.81826,1.22518,1.7927e-04
4567,37412864,3.63720,1.21119,1.7914e-04
4568,37421056,3.70723,1.21232,1.7901e-04
4569,37429248,3.64177,1.24076,1.7889e-04
4570,37437440,3.66996,1.22555,1.7876e-04
4571,37445632,3.76303,1.22141,1.7863e-04
4572,37453824,3.84115,1.22481,1.7850e-04
4573,37462016,3.55405,1.22435,1.7837e-04
4574,37470208,3.53299,1.21694,1.7825e-04
4575,37478400,3.63762,1.22304,1.7812e-04
4576,37486592,3.74328,1.20383,1.7799e-04
4577,37494784,3.74684,1.21471,1.7786e-04
4578,37502976,3.66131,1.20478,1.7774e-04
4579,37511168,3.91208,1.21331,1.7761e-04
4580,37519360,3.61851,1.21804,1.7748e-04
4581,37527552,3.59968,1.20888,1.7736e-04
4582,37535744,3.72000,1.21336,1.7723e-04
4583,37543936,3.76350,1.21358,1.7710e-04
4584,37552128,3.79464,1.21523,1.7697e-04
4585,37560320,3.77296,1.20895,1.7685e-04
4586,37568512,3.56478,1.20310,1.7672e-04
4587,37576704,3.73858,1.21953,1.7659e-04
4588,37584896,3.88230,1.21523,1.7647e-04
4589,37593088,3.53830,1.20317,1.7634e-04
4590,37601280,3.65829,1.20524,1.7621e-04
4591,37609472,3.67721,1.21121,1.7609e-04
4592,37617664,3.81440,1.21401,1.7596e-04
4593,37625856,3.71006,1.21604,1.7583e-04
4594,37634048,3.65538,1.21348,1.7571e-04
4595,37642240,3.82435,1.22045,1.7558e-04
4596,37650432,3.65406,1.21218,1.7546e-04
4597,37658624,3.96026,1.21860,1.7533e-04
4598,37666816,3.73483,1.21809,1.7520e-04
4599,37675008,3.76343,1.22538,1.7508e-04
4600,37683200,3.81452,1.23092,1.7495e-04
4601,37691392,3.55509,1.21309,1.7482e-04
4602,37699584,3.60678,1.20942,1.7470e-04
4603,37707776,3.78929,1.21236,1.7457e-04
4604,37715968,3.74281,1.19565,1.7445e-04
4605,37724160,3.61217,1.20931,1.7432e-04
4606,37732352,3.71425,1.19952,1.7420e-04
4607,37740544,3.78605,1.20022,1.7407e-04
4608,37748736,3.67200,1.20000,1.7395e-04
4609,37756928,3.76316,1.20328,1.7382e-04
4610,37765120,3.70839,1.20333,1.7369e-04
4611,37773312,3.60010,1.21248,1.7357e-04
4612,37781504,3.61530,1.20094,1.7344e-04
4613,37789696,3.80835,1.22021,1.7332e-04
4614,37797888,3.76167,1.21057,1.7319e-04
4615,37806080,3.56370,1.20638,1.7307e-04
4616,37814272,3.72986,1.19401,1.7294e-04
4617,37822464,3.57114,1.19813,1.7282e-04
4618,37830656,3.65603,1.20388,1.7269e-04
4619,37838848,3.70715,1.20102,1.7257e-04
4620,37847040,3.64208,1.20981,1.7245e-04
4621,37855232,3.79765,1.20764,1.7232e-04
4622,37863424,3.75282,1.20641,1.7220e-04
4623,37871616,3.63618,1.21131,1.7207e-04
4624,37879808,3.61635,1.21292,1.7195e-04
4625,37888000,3.73293,1.21622,1.7182e-04
4626,37896192,3.70993,1.20512,1.7170e-04
4627,37904384,3.54589,1.22509,1.7157e-04
4628,37912576,3.61137,1.22136,1.7145e-04
4629,37920768,3.79057,1.21061,1.7133e-04
4630,37928960,3.70305,1.20546,1.7120e-04
4631,37937152,3.75467,1.21956,1.7108e-04
4632,37945344,3.77044,1.21625,1.7095e-04
4633,37953536,3.60168,1.22938,1.7083e-04
4634,37961728,3.60572,1.23095,1.7071e-04
4635,37969920,3.62470,1.21369,1.7058e-04
4636,37978112,3.64842,1.21452,1.7046e-04
4637,37986304,3.72025,1.20618,1.7034e-04
4638,37994496,3.73489,1.22044,1.7021e-04
4639,38002688,3.72784,1.21714,1.7009e-04
4640,38010880,3.77940,1.20210,1.6997e-04
4641,38019072,3.57236,1.19780,1.6984e-04
4642,38027264,3.81632,1.22293,1.6972e-04
4643,38035456,3.73318,1.21114,1.6960e-04
4644,38043648,3.75429,1.20978,1.6947e-04
4645,38051840,3.58605,1.21288,1.6935e-04
4646,38060032,3.71726,1.20757,1.6923e-04
4647,38068224,3.65922,1.22225,1.6911e-04
4648,38076416,3.65798,1.22945,1.6898e-04
4649,38084608,3.66191,1.21429,1.6886e-04
4650,38092800,3.64903,1.22431,1.6874e-04
4651,38100992,3.57275,1.22685,1.6861e-04
4652,38109184,3.57365,1.23372,1.6849e-04
4653,38117376,3.73792,1.20086,1.6837e-04
4654,38125568,3.64533,1.21356,1.6825e-04
4655,38133760,3.63072,1.23013,1.6812e-04
4656,38141952,3.65282,1.20864,1.6800e-04
4657,38150144,3.59395,1.21363,1.6788e-04
4658,38158336,3.46347,1.22545,1.6776e-04
4659,38166528,3.69153,1.22417,1.6764e-04
4660,38174720,3.62841,1.22899,1.6751e-04
4661,38182912,3.55540,1.21813,1.6739e-04
4662,38191104,3.76449,1.22665,1.6727e-04
4663,38199296,3.69408,1.21666,1.6715e-04
4664,38207488,3.56423,1.21519,1.6703e-04
4665,38215680,3.78843,1.23160,1.6691e-04
4666,38223872,3.68853,1.20984,1.6678e-04
4667,38232064,3.74762,1.21451,1.6666e-04
4668,38240256,3.63370,1.21403,1.6654e-04
4669,38248448,3.69103,1.21481,1.6642e-04
4670,38256640,3.59333,1.22234,1.6630e-04
4671,38264832,3.63677,1.22147,1.6618e-04
4672,38273024,3.75489,1.21453,1.6606e-04
4673,38281216,3.74459,1.20994,1.6593e-04
4674,38289408,3.53230,1.22900,1.6581e-04
4675,38297600,3.56682,1.23678,1.6569e-04
4676,38305792,3.78055,1.21602,1.6557e-04
4677,38313984,3.62894,1.24124,1.6545e-04
4678,38322176,3.79181,1.22125,1.6533e-04
4679,38330368,3.68653,1.22479,1.6521e-04
4680,38338560,3.70964,1.22112,1.6509e-04
4681,38346752,3.68940,1.22112,1.6497e-04
4682,38354944,3.61214,1.21926,1.6485e-04
4683,38363136,3.65134,1.22296,1.6473e-04
4684,38371328,3.52767,1.20896,1.6461e-04
4685,38379520,3.60220,1.20933,1.6449e-04
4686,38387712,3.59657,1.21686,1.6437e-04
4687,38395904,3.60488,1.20417,1.6425e-04
4688,38404096,3.63899,1.19351,1.6413e-04
4689,38412288,3.65468,1.20908,1.6401e-04
4690,38420480,3.61549,1.20356,1.6389e-04
4691,38428672,3.86304,1.20937,1.6377e-04
4692,38436864,3.69492,1.20622,1.6365e-04
4693,38445056,3.70147,1.22998,1.6353e-04
4694,38453248,3.71951,1.22686,1.6341e-04
4695,38461440,3.73326,1.22381,1.6329e-04
4696,38469632,3.68692,1.21596,1.6317e-04
4697,38477824,3.61466,1.22749,1.6305e-04
4698,38486016,3.62737,1.21608,1.6293e-04
4699,38494208,3.72479,1.21641,1.6281e-04
4700,38502400,3.52510,1.21322,1.6269e-04
4701,38510592,3.57992,1.20807,1.6257e-04
4702,38518784,3.58444,1.21198,1.6245e-04
4703,38526976,3.50524,1.19851,1.6233e-04
4704,38535168,3.74386,1.21698,1.6222e-04
4705,38543360,3.78186,1.20970,1.6210e-04
4706,38551552,3.64849,1.21893,1.6198e-04
4707,38559744,3.67092,1.20295,1.6186e-04
4708,38567936,3.60403,1.22103,1.6174e-04
4709,38576128,3.71394,1.21213,1.6162e-04
4710,38584320,3.49137,1.23187,1.6150e-04
4711,38592512,3.65512,1.23869,1.6138e-04
4712,38600704,3.69471,1.20784,1.6127e-04
4713,38608896,3.64638,1.21155,1.6115e-04
4714,38617088,3.80237,1.21326,1.6103e-04
4715,38625280,3.72560,1.21798,1.6091e-04
4716,38633472,3.54202,1.21574,1.6079e-04
4717,38641664,3.76201,1.19906,1.6067e-04
4718,38649856,3.48209,1.21116,1.6056e-04
4719,38658048,3.70248,1.21951,1.6044e-04
4720,38666240,3.69486,1.21054,1.6032e-04
4721,38674432,3.71028,1.21115,1.6020e-04
4722,38682624,3.65433,1.21515,1.6009e-04
4723,38690816,3.69805,1.21596,1.5997e-04
4724,38699008,3.63221,1.21815,1.5985e-04
4725,38707200,3.76035,1.22318,1.5973e-04
4726,38715392,3.59715,1.20883,1.5962e-04
4727,38723584,3.71750,1.21814,1.5950e-04
4728,38731776,3.83392,1.22268,1.5938e-04
4729,38739968,3.81859,1.21206,1.5926e-04
4730,38748160,3.60348,1.21287,1.5915e-04
4731,38756352,3.66394,1.22251,1.5903e-04
4732,38764544,3.58317,1.22622,1.5891e-04
4733,38772736,3.80923,1.22445,1.5880e-04
4734,38780928,3.66517,1.21489,1.5868e-04
4735,38789120,3.61620,1.22060,1.5856e-04
4736,38797312,3.79254,1.22186,1.5845e-04
4737,38805504,3.77899,1.21646,1.5833e-04
4738,38813696,3.54166,1.21971,1.5821e-04
4739,38821888,3.78473,1.21419,1.5810e-04
4740,38830080,3.67467,1.21983,1.5798e-04
4741,38838272,3.61718,1.21739,1.5786e-04
4742,38846464,3.64429,1.20426,1.5775e-04
4743,38854656,3.76907,1.20656,1.5763e-04
4744,38862848,3.73793,1.21191,1.5751e-04
4745,38871040,3.75311,1.20740,1.5740e-04
4746,38879232,3.48441,1.21035,1.5728e-04
4747,38887424,3.69758,1.20445,1.5717e-04
4748,38895616,3.84349,1.20626,1.5705e-04
4749,38903808,3.60144,1.20067,1.5693e-04
4750,38912000,3.60177,1.21153,1.5682e-04
4751,38920192,3.77725,1.21008,1.5670e-04
4752,38928384,3.64556,1.20907,1.5659e-04
4753,38936576,3.66322,1.21863,1.5647e-04
4754,38944768,3.59985,1.21496,1.5636e-04
4755,38952960,3.65794,1.20032,1.5624e-04
4756,38961152,3.63943,1.22495,1.5613e-04
4757,38969344,3.73947,1.22892,1.5601e-04
4758,38977536,3.57189,1.22222,1.5589e-04
4759,38985728,3.58332,1.22201,1.5578e-04
4760,38993920,3.70851,1.23959,1.5566e-04
4761,39002112,3.70382,1.20753,1.5555e-04
4762,39010304,3.70480,1.22219,1.5543e-04
4763,39018496,3.70479,1.20622,1.5532e-04
4764,39026688,3.79180,1.21845,1.5521e-04
4765,39034880,3.81085,1.20120,1.5509e-04
4766,39043072,3.85207,1.21289,1.5498e-04
4767,39051264,3.57255,1.20905,1.5486e-04
4768,39059456,3.68233,1.19252,1.5475e-04
4769,39067648,3.68931,1.21089,1.5463e-04
4770,39075840,3.75395,1.22028,1.5452e-04
4771,39084032,3.86685,1.21253,1.5440e-04
4772,39092224,3.54242,1.20899,1.5429e-04
4773,39100416,3.46288,1.19890,1.5418e-04
4774,39108608,3.75055,1.22537,1.5406e-04
4775,39116800,3.60075,1.20303,1.5395e-04
4776,39124992,3.57303,1.20351,1.5383e-04
4777,39133184,3.56128,1.20001,1.5372e-04
4778,39141376,3.76440,1.21652,1.5361e-04
4779,39149568,3.62139,1.21739,1.5349e-04
4780,39157760,3.61578,1.22265,1.5338e-04
4781,39165952,3.88559,1.21510,1.5326e-04
4782,39174144,3.70802,1.21646,1.5315e-04
4783,39182336,3.67789,1.22918,1.5304e-04
4784,39190528,3.50804,1.21228,1.5292e-04
4785,39198720,3.52338,1.22745,1.5281e-04
4786,39206912,3.70184,1.21647,1.5270e-04
4787,39215104,3.65463,1.20976,1.5259e-04
4788,39223296,3.71134,1.22158,1.5247e-04
4789,39231488,3.57344,1.22326,1.5236e-04
4790,39239680,3.57613,1.22481,1.5225e-04
4791,39247872,3.63703,1.20765,1.5213e-04
4792,39256064,3.77006,1.21169,1.5202e-04
4793,39264256,3.58099,1.20513,1.5191e-04
4794,39272448,3.69362,1.21100,1.5180e-04
4795,39280640,3.82783,1.22844,1.5168e-04
4796,39288832,3.80849,1.21727,1.5157e-04
4797,39297024,3.65449,1.21616,1.5146e-04
4798,39305216,3.74558,1.20037,1.5135e-04
4799,39313408,3.63750,1.20766,1.5123e-04
4800,39321600,3.66484,1.21944,1.5112e-04
4801,39329792,3.65419,1.20265,1.5101e-04
4802,39337984,3.62772,1.21269,1.5090e-04
4803,39346176,3.58558,1.20337,1.5079e-04
4804,39354368,3.48047,1.20412,1.5067e-04
4805,39362560,3.60772,1.20189,1.5056e-04
4806,39370752,3.72865,1.21594,1.5045e-04
4807,39378944,3.62264,1.21850,1.5034e-04
4808,39387136,3.66057,1.20205,1.5023e-04
4809,39395328,3.68422,1.19774,1.5011e-04
4810,39403520,3.64360,1.20954,1.5000e-04
4811,39411712,3.71705,1.21232,1.4989e-04
4812,39419904,3.55309,1.21683,1.4978e-04
4813,39428096,3.73077,1.20346,1.4967e-04
4814,39436288,3.65246,1.20576,1.4956e-04
4815,39444480,3.60470,1.20418,1.4945e-04
4816,39452672,3.55015,1.21085,1.4934e-04
4817,39460864,3.80624,1.22067,1.4923e-04
4818,39469056,3.48937,1.20212,1.4911e-04
4819,39477248,3.66576,1.20851,1.4900e-04
4820,39485440,3.73046,1.20257,1.4889e-04
4821,39493632,3.57293,1.20518,1.4878e-04
4822,39501824,3.73291,1.22170,1.4867e-04
4823,39510016,3.52618,1.21028,1.4856e-04
4824,39518208,3.78326,1.21148,1.4845e-04
4825,39526400,3.76547,1.20493,1.4834e-04
4826,39534592,3.74049,1.20178,1.4823e-04
4827,39542784,3.72018,1.20501,1.4812e-04
4828,39550976,3.52767,1.20293,1.4801e-04
4829,39559168,3.82749,1.19904,1.4790e-04
4830,39567360,3.60225,1.21503,1.4779e-04
4831,39575552,3.71347,1.21303,1.4768e-04
4832,39583744,3.68671,1.19890,1.4757e-04
4833,39591936,3.67261,1.20707,1.4746e-04
4834,39600128,3.79341,1.20312,1.4735e-04
4835,39608320,3.75152,1.23265,1.4724e-04
4836,39616512,3.83165,1.21805,1.4713e-04
4837,39624704,3.80106,1.21469,1.4702e-04
4838,39632896,3.68205,1.21973,1.4691e-04
4839,39641088,3.77410,1.23889,1.4680e-04
4840,39649280,3.63154,1.23127,1.4669e-04
4841,39657472,3.70942,1.20628,1.4658e-04
4842,39665664,3.63755,1.20607,1.4647e-04
4843,39673856,3.56917,1.20637,1.4637e-04
4844,39682048,3.53151,1.20594,1.4626e-04
4845,39690240,3.72270,1.20856,1.4615e-04
4846,39698432,3.56135,1.21344,1.4604e-04
4847,39706624,3.51983,1.19462,1.4593e-04
4848,39714816,3.81628,1.19494,1.4582e-04
4849,39723008,3.72782,1.19253,1.4571e-04
4850,39731200,3.67836,1.19390,1.4560e-04
4851,39739392,3.71970,1.19869,1.4550e-04
4852,39747584,3.64904,1.18682,1.4539e-04
4853,39755776,3.50546,1.19591,1.4528e-04
4854,39763968,3.68816,1.18999,1.4517e-04
4855,39772160,3.65653,1.20169,1.4506e-04
4856,39780352,3.76264,1.19576,1.4495e-04
4857,39788544,3.71698,1.18850,1.4485e-04
4858,39796736,3.59200,1.19291,1.4474e-04
4859,39804928,3.67585,1.19273,1.4463e-04
4860,39813120,3.48438,1.19203,1.4452e-04
4861,39821312,3.74235,1.18140,1.4442e-04
4862,39829504,3.42649,1.19104,1.4431e-04
4863,39837696,3.48714,1.21329,1.4420e-04
4864,39845888,3.75839,1.20510,1.4409e-04
4865,39854080,3.66520,1.20456,1.4399e-04
4866,39862272,3.66242,1.19636,1.4388e-04
4867,39870464,3.72660,1.18957,1.4377e-04
4868,39878656,3.55043,1.18822,1.4366e-04
4869,39886848,3.59164,1.20835,1.4356e-04
4870,39895040,3.58275,1.20016,1.4345e-04
4871,39903232,3.64891,1.18929,1.4334e-04
4872,39911424,3.73131,1.19810,1.4324e-04
4873,39919616,3.80727,1.20530,1.4313e-04
4874,39927808,3.62306,1.19455,1.4302e-04
4875,39936000,3.75641,1.20015,1.4291e-04
4876,39944192,3.63237,1.20773,1.4281e-04
4877,39952384,3.72418,1.18973,1.4270e-04
4878,39960576,3.57806,1.19651,1.4260e-04
4879,39968768,3.56754,1.19347,1.4249e-04
4880,39976960,3.68076,1.19934,1.4238e-04
4881,39985152,3.69361,1.20251,1.4228e-04
4882,39993344,3.86081,1.21858,1.4217e-04
4883,40001536,3.80388,1.19942,1.4206e-04
4884,40009728,3.64498,1.21017,1.4196e-04
4885,40017920,3.75271,1.20072,1.4185e-04
4886,40026112,3.75782,1.20908,1.4175e-04
4887,40034304,3.71192,1.19939,1.4164e-04
4888,40042496,3.76811,1.20976,1.4153e-04
4889,40050688,3.76567,1.20464,1.4143e-04
4890,40058880,3.72409,1.20202,1.4132e-04
4891,40067072,3.66040,1.19987,1.4122e-04
4892,40075264,3.61260,1.20412,1.4111e-04
4893,40083456,3.68695,1.20857,1.4101e-04
4894,40091648,3.79145,1.21084,1.4090e-04
4895,40099840,3.72430,1.21007,1.4080e-04
4896,40108032,3.66704,1.20714,1.4069e-04
4897,40116224,3.64862,1.19629,1.4059e-04
4898,40124416,3.70360,1.19916,1.4048e-04
4899,40132608,3.68677,1.19253,1.4038e-04
4900,40140800,3.45308,1.19506,1.4027e-04
4901,40148992,3.61459,1.18953,1.4017e-04
4902,40157184,3.68225,1.21353,1.4006e-04
4903,40165376,3.51981,1.19048,1.3996e-04
4904,40173568,3.59457,1.19532,1.3985e-04
4905,40181760,3.61761,1.19542,1.3975e-04
4906,40189952,3.61591,1.19869,1.3964e-04
4907,40198144,3.63384,1.19759,1.3954e-04
4908,40206336,3.70550,1.21373,1.3944e-04
4909,40214528,3.63957,1.20917,1.3933e-04
4910,40222720,3.58619,1.20853,1.3923e-04
4911,40230912,3.75459,1.20975,1.3912e-04
4912,40239104,3.80381,1.20522,1.3902e-04
4913,40247296,3.63281,1.21057,1.3892e-04
4914,40255488,3.58286,1.19970,1.3881e-04
4915,40263680,3.61606,1.21070,1.3871e-04
4916,40271872,3.71743,1.20472,1.3860e-04
4917,40280064,3.79927,1.21925,1.3850e-04
4918,40288256,3.61007,1.20408,1.3840e-04
4919,40296448,3.67776,1.19576,1.3829e-04
4920,40304640,3.77101,1.20776,1.3819e-04
4921,40312832,3.63960,1.19370,1.3809e-04
4922,40321024,3.64116,1.21168,1.3798e-04
4923,40329216,3.72954,1.19277,1.3788e-04
4924,40337408,3.80844,1.20833,1.3778e-04
4925,40345600,3.62288,1.22437,1.3768e-04
4926,40353792,3.55151,1.20079,1.3757e-04
4927,40361984,3.64053,1.20011,1.3747e-04
4928,40370176,3.68461,1.19765,1.3737e-04
4929,40378368,3.72109,1.20202,1.3726e-04
4930,40386560,3.61202,1.19450,1.3716e-04
4931,40394752,3.58688,1.21262,1.3706e-04
4932,40402944,3.56616,1.20836,1.3696e-04
4933,40411136,3.66053,1.19540,1.3685e-04
4934,40419328,3.57494,1.22509,1.3675e-04
4935,40427520,3.60868,1.20800,1.3665e-04
4936,40435712,3.65320,1.19926,1.3655e-04
4937,40443904,3.63733,1.20762,1.3645e-04
4938,40452096,3.72628,1.21239,1.3634e-04
4939,40460288,3.60795,1.19681,1.3624e-04
4940,40468480,3.66624,1.20221,1.3614e-04
4941,40476672,3.78374,1.20096,1.3604e-04
4942,40484864,3.60223,1.21687,1.3594e-04
4943,40493056,3.75507,1.20120,1.3584e-04
4944,40501248,3.66869,1.19693,1.3573e-04
4945,40509440,3.54810,1.19238,1.3563e-04
4946,40517632,3.66082,1.19621,1.3553e-04
4947,40525824,3.73607,1.20351,1.3543e-04
4948,40534016,3.62370,1.21218,1.3533e-04
4949,40542208,3.47362,1.19857,1.3523e-04
4950,40550400,3.67173,1.19919,1.3513e-04
4951,40558592,3.77252,1.19970,1.3503e-04
4952,40566784,3.56982,1.21346,1.3493e-04
4953,40574976,3.59669,1.20843,1.3482e-04
4954,40583168,3.61011,1.20154,1.3472e-04
4955,40591360,3.63981,1.21343,1.3462e-04
4956,40599552,3.60100,1.19075,1.3452e-04
4957,40607744,3.45897,1.19249,1.3442e-04
4958,40615936,3.52045,1.18716,1.3432e-04
4959,40624128,3.61666,1.18734,1.3422e-04
4960,40632320,3.46160,1.19389,1.3412e-04
4961,40640512,3.77491,1.18583,1.3402e-04
4962,40648704,3.69752,1.18902,1.3392e-04
4963,40656896,3.70725,1.18940,1.3382e-04
4964,40665088,3.59527,1.19539,1.3372e-04
4965,40673280,3.63170,1.21185,1.3362e-04
4966,40681472,3.76984,1.20545,1.3352e-04
4967,40689664,3.58958,1.20621,1.3342e-04
4968,40697856,3.64171,1.19682,1.3332e-04
4969,40706048,3.73329,1.19290,1.3322e-04
4970,40714240,3.46987,1.19682,1.3312e-04
4971,40722432,3.67759,1.19601,1.3302e-04
4972,40730624,3.70851,1.18352,1.3292e-04
4973,40738816,3.56253,1.19667,1.3282e-04
4974,40747008,3.71704,1.19037,1.3273e-04
4975,40755200,3.73307,1.20707,1.3263e-04
4976,40763392,3.65766,1.18933,1.3253e-04
4977,40771584,3.60280,1.18820,1.3243e-04
4978,40779776,3.60192,1.19736,1.3233e-04
4979,40787968,3.51653,1.18371,1.3223e-04
4980,40796160,3.70758,1.18196,1.3213e-04
4981,40804352,3.68130,1.17874,1.3203e-04
4982,40812544,3.64659,1.18284,1.3193e-04
4983,40820736,3.64191,1.18155,1.3184e-04
4984,40828928,3.53552,1.18971,1.3174e-04
4985,40837120,3.51371,1.19972,1.3164e-04
4986,40845312,3.58059,1.17702,1.3154e-04
4987,40853504,3.60156,1.18886,1.3144e-04
4988,40861696,3.67540,1.18574,1.3134e-04
4989,40869888,3.62478,1.17336,1.3125e-04
4990,40878080,3.75475,1.19664,1.3115e-04
4991,40886272,3.80501,1.18238,1.3105e-04
4992,40894464,3.62375,1.19582,1.3095e-04
4993,40902656,3.77412,1.18566,1.3086e-04
4994,40910848,3.54663,1.19969,1.3076e-04
4995,40919040,3.55244,1.19705,1.3066e-04
4996,40927232,3.59049,1.19540,1.3056e-04
4997,40935424,3.60602,1.19384,1.3047e-04
4998,40943616,3.49846,1.19708,1.3037e-04
4999,40951808,3.55069,1.19266,1.3027e-04
5000,40960000,3.75809,1.19846,1.3017e-04
5001,40968192,3.55472,1.20860,1.3008e-04
5002,40976384,3.62439,1.20147,1.2998e-04
5003,40984576,3.73358,1.19771,1.2988e-04
5004,40992768,3.54752,1.19955,1.2979e-04
5005,41000960,3.68195,1.19679,1.2969e-04
5006,41009152,3.58082,1.19404,1.2959e-04
5007,41017344,3.55387,1.19630,1.2950e-04
5008,41025536,3.67039,1.19313,1.2940e-04
5009,41033728,3.81534,1.20806,1.2930e-04
5010,41041920,3.60998,1.20211,1.2921e-04
5011,41050112,3.67432,1.20263,1.2911e-04
5012,41058304,3.69993,1.18676,1.2901e-04
5013,41066496,3.62123,1.18520,1.2892e-04
5014,41074688,3.73684,1.18725,1.2882e-04
5015,41082880,3.63450,1.18801,1.2873e-04
5016,41091072,3.68175,1.19816,1.2863e-04
5017,41099264,3.76296,1.18762,1.2853e-04
5018,41107456,3.65467,1.19078,1.2844e-04
5019,41115648,3.59475,1.19337,1.2834e-04
5020,41123840,3.58024,1.17532,1.2825e-04
5021,41132032,3.73430,1.20611,1.2815e-04
5022,41140224,3.56609,1.19563,1.2806e-04
5023,41148416,3.68024,1.19478,1.2796e-04
5024,41156608,3.61291,1.18592,1.2786e-04
5025,41164800,3.66410,1.18665,1.2777e-04
5026,41172992,3.60747,1.20600,1.2767e-04
5027,41181184,3.65934,1.18966,1.2758e-04
5028,41189376,3.59577,1.20920,1.2748e-04
5029,41197568,3.55236,1.19852,1.2739e-04
5030,41205760,3.69173,1.19196,1.2729e-04
5031,41213952,3.60925,1.20365,1.2720e-04
5032,41222144,3.65483,1.21102,1.2711e-04
5033,41230336,3.49860,1.19535,1.2701e-04
5034,41238528,3.63166,1.19509,1.2692e-04
5035,41246720,3.63158,1.19059,1.2682e-04
5036,41254912,3.74650,1.19300,1.2673e-04
5037,41263104,3.77960,1.19836,1.2663e-04
5038,41271296,3.47147,1.20985,1.2654e-04
5039,41279488,3.67396,1.20146,1.2644e-04
5040,41287680,3.61720,1.18801,1.2635e-04
5041,41295872,3.79852,1.20029,1.2626e-04
5042,41304064,3.58706,1.19809,1.2616e-04
5043,41312256,3.63040,1.20200,1.2607e-04
5044,41320448,3.72020,1.18743,1.2598e-04
5045,41328640,3.49544,1.20463,1.2588e-04
5046,41336832,3.71802,1.19766,1.2579e-04
5047,41345024,3.61980,1.18199,1.2569e-04
5048,41353216,3.56174,1.19319,1.2560e-04
5049,41361408,3.61091,1.20304,1.2551e-04
5050,41369600,3.54432,1.19944,1.2541e-04
5051,41377792,3.57130,1.20360,1.2532e-04
5052,41385984,3.70078,1.18303,1.2523e-04
5053,41394176,3.54348,1.18741,1.2514e-04
5054,41402368,3.62285,1.20047,1.2504e-04
5055,41410560,3.70048,1.20250,1.2495e-04
5056,41418752,3.74357,1.19671,1.2486e-04
5057,41426944,3.42211,1.19496,1.2476e-04
5058,41435136,3.56607,1.19096,1.2467e-04
5059,41443328,3.70758,1.18626,1.2458e-04
5060,41451520,3.54578,1.19529,1.2449e-04
5061,41459712,3.58425,1.18496,1.2439e-04
5062,41467904,3.73954,1.19223,1.2430e-04
5063,41476096,3.69821,1.20613,1.2421e-04
5064,41484288,3.72316,1.20209,1.2412e-04
5065,41492480,3.70309,1.19701,1.2403e-04
5066,41500672,3.72092,1.19906,1.2393e-04
5067,41508864,3.65238,1.20919,1.2384e-04
5068,41517056,3.58568,1.20381,1.2375e-04
5069,41525248,3.61133,1.19819,1.2366e-04
5070,41533440,3.66884,1.19900,1.2357e-04
5071,41541632,3.78800,1.21060,1.2347e-04
5072,41549824,3.64075,1.19177,1.2338e-04
5073,41558016,3.66371,1.18767,1.2329e-04
5074,41566208,3.55983,1.19563,1.2320e-04
5075,41574400,3.53275,1.18767,1.2311e-04
5076,41582592,3.72226,1.18421,1.2302e-04
5077,41590784,3.70760,1.17732,1.2293e-04
5078,41598976,3.59928,1.19653,1.2284e-04
5079,41607168,3.60619,1.19804,1.2274e-04
5080,41615360,3.67462,1.19679,1.2265e-04
5081,41623552,3.49350,1.19734,1.2256e-04
5082,41631744,3.68431,1.20123,1.2247e-04
5083,41639936,3.75405,1.18293,1.2238e-04
5084,41648128,3.69975,1.18624,1.2229e-04
5085,41656320,3.63468,1.18892,1.2220e-04
5086,41664512,3.59695,1.18524,1.2211e-04
5087,41672704,3.39014,1.18325,1.2202e-04
5088,41680896,3.80976,1.19735,1.2193e-04
5089,41689088,3.71280,1.18604,1.2184e-04
5090,41697280,3.57026,1.19435,1.2175e-04
5091,41705472,3.63904,1.20040,1.2166e-04
5092,41713664,3.65601,1.18715,1.2157e-04
5093,41721856,3.64718,1.20108,1.2148e-04
5094,41730048,3.59620,1.19665,1.2139e-04
5095,41738240,3.46321,1.20259,1.2130e-04
5096,41746432,3.63020,1.19667,1.2121e-04
5097,41754624,3.57220,1.20823,1.2112e-04
5098,41762816,3.55015,1.21393,1.2103e-04
5099,41771008,3.70659,1.18861,1.2094e-04
5100,41779200,3.54949,1.20407,1.2085e-04
5101,41787392,3.69313,1.18096,1.2076e-04
5102,41795584,3.64851,1.19724,1.2068e-04
5103,41803776,3.64848,1.19551,1.2059e-04
5104,41811968,3.50098,1.19188,1.2050e-04
5105,41820160,3.67973,1.19663,1.2041e-04
5106,41828352,3.65894,1.20443,1.2032e-04
5107,41836544,3.48827,1.19849,1.2023e-04
5108,41844736,3.69080,1.19284,1.2014e-04
5109,41852928,3.74937,1.19259,1.2005e-04
5110,41861120,3.53728,1.20675,1.1997e-04
5111,41869312,3.67183,1.20496,1.1988e-04
5112,41877504,3.61213,1.19433,1.1979e-04
5113,41885696,3.55540,1.19117,1.1970e-04
5114,41893888,3.66704,1.20276,1.1961e-04
5115,41902080,3.54652,1.19093,1.1952e-04
5116,41910272,3.54698,1.19964,1.1944e-04
5117,41918464,3.52397,1.18950,1.1935e-04
5118,41926656,3.66444,1.20858,1.1926e-04
5119,41934848,3.67809,1.19096,1.1917e-04
5120,41943040,3.62661,1.20423,1.1909e-04
5121,41951232,3.53595,1.18222,1.1900e-04
5122,41959424,3.66348,1.18829,1.1891e-04
5123,41967616,3.64281,1.19100,1.1882e-04
5124,41975808,3.67480,1.19670,1.1874e-04
5125,41984000,3.58877,1.20388,1.1865e-04
5126,41992192,3.73795,1.19448,1.1856e-04
5127,42000384,3.56547,1.17670,1.1847e-04
5128,42008576,3.48251,1.20242,1.1839e-04
5129,42016768,3.49315,1.19350,1.1830e-04
5130,42024960,3.68286,1.18504,1.1821e-04
5131,42033152,3.57028,1.18844,1.1813e-04
5132,42041344,3.65339,1.18780,1.1804e-04
5133,42049536,3.62415,1.19762,1.1795e-04
5134,42057728,3.64461,1.18307,1.1787e-04
5135,42065920,3.79796,1.18321,1.1778e-04
5136,42074112,3.54007,1.19998,1.1769e-04
5137,42082304,3.47829,1.18811,1.1761e-04
5138,42090496,3.64186,1.17866,1.1752e-04
5139,42098688,3.81609,1.18736,1.1744e-04
5140,42106880,3.75109,1.19100,1.1735e-04
5141,42115072,3.65351,1.18557,1.1726e-04
5142,42123264,3.68500,1.19794,1.1718e-04
5143,42131456,3.72882,1.19716,1.1709e-04
5144,42139648,3.68446,1.19238,1.1701e-04
5145,42147840,3.59244,1.18341,1.1692e-04
5146,42156032,3.48960,1.18887,1.1684e-04
5147,42164224,3.64516,1.18018,1.1675e-04
5148,42172416,3.73816,1.18219,1.1666e-04
5149,42180608,3.60367,1.18418,1.1658e-04
5150,42188800,3.53716,1.19098,1.1649e-04
5151,42196992,3.48592,1.19068,1.1641e-04
5152,42205184,3.77692,1.19824,1.1632e-04
5153,42213376,3.59502,1.19322,1.1624e-04
5154,42221568,3.59100,1.18668,1.1615e-04
5155,42229760,3.72056,1.18568,1.1607e-04
5156,42237952,3.65917,1.19718,1.1598e-04
5157,42246144,3.64380,1.20664,1.1590e-04
5158,42254336,3.68867,1.18139,1.1582e-04
5159,42262528,3.58430,1.17989,1.1573e-04
5160,42270720,3.67717,1.19429,1.1565e-04
5161,42278912,3.49084,1.19062,1.1556e-04
5162,42287104,3.65451,1.18182,1.1548e-04
5163,42295296,3.63980,1.18735,1.1539e-04
5164,42303488,3.48498,1.17069,1.1531e-04
5165,42311680,3.59320,1.18425,1.1523e-04
5166,42319872,3.54091,1.18446,1.1514e-04
5167,42328064,3.63535,1.17792,1.1506e-04
5168,42336256,3.71067,1.17544,1.1497e-04
5169,42344448,3.69723,1.18557,1.1489e-04
5170,42352640,3.85249,1.20546,1.1481e-04
5171,42360832,3.70982,1.20043,1.1472e-04
5172,42369024,3.58265,1.17704,1.1464e-04
5173,42377216,3.66271,1.19258,1.1456e-04
5174,42385408,3.57167,1.20044,1.1447e-04
5175,42393600,3.61426,1.17302,1.1439e-04
5176,42401792,3.73275,1.18331,1.1431e-04
5177,42409984,3.64076,1.17926,1.1422e-04
5178,42418176,3.66978,1.19649,1.1414e-04
5179,42426368,3.58771,1.18553,1.1406e-04
5180,42434560,3.70536,1.18157,1.1398e-04
5181,42442752,3.61422,1.18655,1.1389e-04
5182,42450944,3.59539,1.18175,1.1381e-04
5183,42459136,3.61752,1.17362,1.1373e-04
5184,42467328,3.60342,1.17671,1.1365e-04
5185,42475520,3.70819,1.17718,1.1356e-04
5186,42483712,3.56401,1.19096,1.1348e-04
5187,42491904,3.62368,1.19001,1.1340e-04
5188,42500096,3.69186,1.18565,1.1332e-04
5189,42508288,3.60119,1.17309,1.1324e-04
5190,42516480,3.65438,1.18685,1.1315e-04
5191,42524672,3.58675,1.17361,1.1307e-04
5192,42532864,3.75965,1.18687,1.1299e-04
5193,42541056,3.63358,1.21382,1.1291e-04
5194,42549248,3.58001,1.18404,1.1283e-04
5195,42557440,3.58434,1.18684,1.1274e-04
5196,42565632,3.64920,1.20208,1.1266e-04
5197,42573824,3.72243,1.19428,1.1258e-04
5198,42582016,3.71747,1.19062,1.1250e-04
5199,42590208,3.67940,1.19350,1.1242e-04
5200,42598400,3.49262,1.18380,1.1234e-04
5201,42606592,3.70470,1.19367,1.1226e-04
5202,42614784,3.61253,1.19590,1.1218e-04
5203,42622976,3.68819,1.19009,1.1210e-04
5204,42631168,3.61094,1.17876,1.1202e-04
5205,42639360,3.53742,1.17584,1.1193e-04
5206,42647552,3.65633,1.17909,1.1185e-04
5207,42655744,3.46951,1.19426,1.1177e-04
5208,42663936,3.52829,1.18459,1.1169e-04
5209,42672128,3.53909,1.18333,1.1161e-04
5210,42680320,3.58821,1.19819,1.1153e-04
5211,42688512,3.57417,1.20364,1.1145e-04
5212,42696704,3.61328,1.18570,1.1137e-04
5213,42704896,3.66785,1.18970,1.1129e-04
5214,42713088,3.56344,1.18529,1.1121e-04
5215,42721280,3.48899,1.19742,1.1113e-04
5216,42729472,3.69486,1.19507,1.1105e-04
5217,42737664,3.50289,1.20358,1.1097e-04
5218,42745856,3.64294,1.18749,1.1089e-04
5219,42754048,3.66247,1.18911,1.1081e-04
5220,42762240,3.46732,1.22064,1.1073e-04
5221,42770432,3.67377,1.18510,1.1065e-04
5222,42778624,3.58865,1.18194,1.1058e-04
5223,42786816,3.57523,1.18621,1.1050e-04
5224,42795008,3.50591,1.19864,1.1042e-04
5225,42803200,3.59714,1.19066,1.1034e-04
5226,42811392,3.62598,1.18486,1.1026e-04
5227,42819584,3.51152,1.19172,1.1018e-04
5228,42827776,3.75195,1.18827,1.1010e-04
5229,42835968,3.68247,1.18243,1.1002e-04
5230,42844160,3.55045,1.18120,1.0994e-04
5231,42852352,3.51868,1.19175,1.0987e-04
5232,42860544,3.50717,1.18026,1.0979e-04
5233,42868736,3.67063,1.18775,1.0971e-04
5234,42876928,3.50122,1.18920,1.0963e-04
5235,42885120,3.56219,1.19311,1.0955e-04
5236,42893312,3.57508,1.19360,1.0947e-04
5237,42901504,3.40607,1.19703,1.0940e-04
5238,42909696,3.68473,1.18534,1.0932e-04
5239,42917888,3.69741,1.18848,1.0924e-04
5240,42926080,3.61454,1.19586,1.0916e-04
5241,42934272,3.68378,1.18815,1.0909e-04
5242,42942464,3.59814,1.18078,1.0901e-04
5243,42950656,3.67451,1.18543,1.0893e-04
5244,42958848,3.57345,1.19788,1.0885e-04
5245,42967040,3.70064,1.17962,1.0878e-04
5246,42975232,3.59286,1.19539,1.0870e-04
5247,42983424,3.73441,1.17495,1.0862e-04
5248,42991616,3.62485,1.18399,1.0854e-04
5249,42999808,3.70142,1.17751,1.0847e-04
5250,43008000,3.58979,1.19270,1.0839e-04
5251,43016192,3.51867,1.17183,1.0831e-04
5252,43024384,3.72192,1.17785,1.0824e-04
5253,43032576,3.75924,1.17839,1.0816e-04
5254,43040768,3.56257,1.17493,1.0808e-04
5255,43048960,3.60276,1.17948,1.0801e-04
5256,43057152,3.55769,1.19284,1.0793e-04
5257,43065344,3.57091,1.19212,1.0785e-04
5258,43073536,3.64308,1.17627,1.0778e-04
5259,43081728,3.76430,1.20110,1.0770e-04
5260,43089920,3.50600,1.19944,1.0763e-04
5261,43098112,3.75182,1.18391,1.0755e-04
5262,43106304,3.74688,1.19098,1.0747e-04
5263,43114496,3.62535,1.18863,1.0740e-04
5264,43122688,3.77114,1.16818,1.0732e-04
5265,43130880,3.66391,1.18836,1.0725e-04
5266,43139072,3.60166,1.18252,1.0717e-04
5267,43147264,3.65718,1.18220,1.0710e-04
5268,43155456,3.61634,1.19391,1.0702e-04
5269,43163648,3.67226,1.18355,1.0694e-04
5270,43171840,3.59377,1.18359,1.0687e-04
5271,43180032,3.64472,1.18494,1.0679e-04
5272,43188224,3.63249,1.19228,1.0672e-04
5273,43196416,3.77507,1.18288,1.0664e-04
5274,43204608,3.52134,1.18691,1.0657e-04
5275,43212800,3.64661,1.20820,1.0649e-04
5276,43220992,3.61857,1.20119,1.0642e-04
5277,43229184,3.63068,1.19787,1.0634e-04
5278,43237376,3.67625,1.17870,1.0627e-04
5279,43245568,3.58036,1.18522,1.0620e-04
5280,43253760,3.64565,1.17125,1.0612e-04
5281,43261952,3.46405,1.19534,1.0605e-04
5282,43270144,3.44462,1.19095,1.0597e-04
5283,43278336,3.53021,1.17754,1.0590e-04
5284,43286528,3.63008,1.16915,1.0582e-04
5285,43294720,3.37529,1.17569,1.0575e-04
5286,43302912,3.59921,1.17771,1.0568e-04
5287,43311104,3.50573,1.17489,1.0560e-04
5288,43319296,3.54943,1.18777,1.0553e-04
5289,43327488,3.60955,1.19884,1.0546e-04
5290,43335680,3.51098,1.18386,1.0538e-04
5291,43343872,3.63496,1.18273,1.0531e-04
5292,43352064,3.67887,1.16799,1.0524e-04
5293,43360256,3.55908,1.17552,1.0516e-04
5294,43368448,3.57363,1.17842,1.0509e-04
5295,43376640,3.61224,1.18022,1.0502e-04
5296,43384832,3.79004,1.17754,1.0494e-04
5297,43393024,3.64334,1.16718,1.0487e-04
5298,43401216,3.60924,1.17816,1.0480e-04
5299,43409408,3.58778,1.18926,1.0472e-04
5300,43417600,3.63841,1.17169,1.0465e-04
5301,43425792,3.62900,1.18715,1.0458e-04
5302,43433984,3.57715,1.17430,1.0451e-04
5303,43442176,3.65003,1.16921,1.0443e-04
5304,43450368,3.61495,1.18401,1.0436e-04
5305,43458560,3.70882,1.18239,1.0429e-04
5306,43466752,3.60694,1.17839,1.0422e-04
5307,43474944,3.63724,1.18418,1.0414e-04
5308,43483136,3.60674,1.17330,1.0407e-04
5309,43491328,3.72755,1.18006,1.0400e-04
5310,43499520,3.64882,1.18383,1.0393e-04
5311,43507712,3.74516,1.17645,1.0386e-04
5312,43515904,3.69297,1.17126,1.0379e-04
5313,43524096,3.61156,1.20033,1.0371e-04
5314,43532288,3.69167,1.18453,1.0364e-04
5315,43540480,3.56967,1.19367,1.0357e-04
5316,43548672,3.51812,1.19091,1.0350e-04
5317,43556864,3.61208,1.18137,1.0343e-04
5318,43565056,3.63369,1.19748,1.0336e-04
5319,43573248,3.58256,1.18971,1.0329e-04
5320,43581440,3.60468,1.19120,1.0322e-04
5321,43589632,3.65275,1.20265,1.0314e-04
5322,43597824,3.45862,1.18316,1.0307e-04
5323,43606016,3.43986,1.18981,1.0300e-04
5324,43614208,3.49462,1.18659,1.0293e-04
5325,43622400,3.59862,1.17874,1.0286e-04
5326,43630592,3.66378,1.17702,1.0279e-04
5327,43638784,3.61731,1.17053,1.0272e-04
5328,43646976,3.59142,1.17828,1.0265e-04
5329,43655168,3.54472,1.17294,1.0258e-04
5330,43663360,3.63083,1.17502,1.0251e-04
5331,43671552,3.67265,1.17208,1.0244e-04
5332,43679744,3.77058,1.17604,1.0237e-04
5333,43687936,3.50231,1.17712,1.0230e-04
5334,43696128,3.63765,1.18620,1.0223e-04
5335,43704320,3.64561,1.17815,1.0216e-04
5336,43712512,3.67734,1.18461,1.0209e-04
5337,43720704,3.56841,1.16492,1.0202e-04
5338,43728896,3.74773,1.16807,1.0195e-04
5339,43737088,3.63043,1.17743,1.0188e-04
5340,43745280,3.69648,1.18817,1.0181e-04
5341,43753472,3.71391,1.18058,1.0174e-04
5342,43761664,3.66186,1.16986,1.0167e-04
5343,43769856,3.67626,1.18509,1.0161e-04
5344,43778048,3.53289,1.17541,1.0154e-04
5345,43786240,3.78829,1.17903,1.0147e-04
5346,43794432,3.62191,1.19132,1.0140e-04
5347,43802624,3.63931,1.16746,1.0133e-04
5348,43810816,3.63623,1.17446,1.0126e-04
5349,43819008,3.59927,1.16579,1.0119e-04
5350,43827200,3.71373,1.19328,1.0112e-04
5351,43835392,3.55717,1.17326,1.0106e-04
5352,43843584,3.75535,1.18998,1.0099e-04
5353,43851776,3.66108,1.17362,1.0092e-04
5354,43859968,3.68424,1.18107,1.0085e-04
5355,43868160,3.73872,1.17677,1.0078e-04
5356,43876352,3.75429,1.16469,1.0072e-04
5357,43884544,3.56884,1.17168,1.0065e-04
5358,43892736,3.55332,1.17673,1.0058e-04
5359,43900928,3.61477,1.17280,1.0051e-04
5360,43909120,3.74490,1.19125,1.0045e-04
5361,43917312,3.68211,1.18550,1.0038e-04
5362,43925504,3.50399,1.18720,1.0031e-04
5363,43933696,3.64285,1.18996,1.0024e-04
5364,43941888,3.56884,1.18403,1.0018e-04
5365,43950080,3.80436,1.18166,1.0011e-04
5366,43958272,3.61708,1.17887,1.0004e-04
5367,43966464,3.69255,1.18090,9.9975e-05
5368,43974656,3.60023,1.17375,9.9908e-05
5369,43982848,3.66221,1.17880,9.9841e-05
5370,43991040,3.45144,1.18423,9.9774e-05
5371,43999232,3.54478,1.18884,9.9708e-05
5372,44007424,3.47279,1.18496,9.9641e-05
5373,44015616,3.64119,1.16700,9.9575e-05
5374,44023808,3.62961,1.18091,9.9508e-05
5375,44032000,3.49502,1.17461,9.9442e-05
5376,44040192,3.56773,1.19063,9.9376e-05
5377,44048384,3.61391,1.17888,9.9310e-05
5378,44056576,3.53421,1.18387,9.9244e-05
5379,44064768,3.68604,1.17684,9.9178e-05
5380,44072960,3.69362,1.18982,9.9112e-05
5381,44081152,3.43179,1.17205,9.9046e-05
5382,44089344,3.63465,1.18062,9.8981e-05
5383,44097536,3.53687,1.19126,9.8915e-05
5384,44105728,3.61865,1.17526,9.8849e-05
5385,44113920,3.50324,1.21110,9.8784e-05
5386,44122112,3.65683,1.18016,9.8719e-05
5387,44130304,3.54054,1.17873,9.8653e-05
5388,44138496,3.61366,1.17389,9.8588e-05
5389,44146688,3.77116,1.17807,9.8523e-05
5390,44154880,3.54360,1.17804,9.8458e-05
5391,44163072,3.60930,1.16865,9.8393e-05
5392,44171264,3.73511,1.17471,9.8329e-05
5393,44179456,3.54501,1.17428,9.8264e-05
5394,44187648,3.72927,1.18300,9.8199e-05
5395,44195840,3.56876,1.16123,9.8135e-05
5396,44204032,3.66518,1.16794,9.8070e-05
5397,44212224,3.59723,1.17008,9.8006e-05
5398,44220416,3.71954,1.18791,9.7942e-05
5399,44228608,3.61991,1.16505,9.7877e-05
5400,44236800,3.65197,1.16670,9.7813e-05
5401,44244992,3.45890,1.18312,9.7749e-05
5402,44253184,3.66834,1.17208,9.7685e-05
5403,44261376,3.50718,1.17178,9.7621e-05
5404,44269568,3.68807,1.16826,9.7558e-05
5405,44277760,3.55384,1.17887,9.7494e-05
5406,44285952,3.66810,1.17281,9.7430e-05
5407,44294144,3.65279,1.17573,9.7367e-05
5408,44302336,3.52217,1.17532,9.7303e-05
5409,44310528,3.68483,1.16169,9.7240e-05
5410,44318720,3.59993,1.17021,9.7177e-05
5411,44326912,3.57059,1.16878,9.7114e-05
5412,44335104,3.60670,1.16722,9.7051e-05
5413,44343296,3.75235,1.16524,9.6988e-05
5414,44351488,3.57492,1.17377,9.6925e-05
5415,44359680,3.63146,1.16116,9.6862e-05
5416,44367872,3.50315,1.16659,9.6799e-05
5417,44376064,3.72799,1.16530,9.6737e-05
5418,44384256,3.62870,1.16607,9.6674e-05
5419,44392448,3.64639,1.17016,9.6612e-05
5420,44400640,3.59628,1.17238,9.6549e-05
5421,44408832,3.72552,1.17183,9.6487e-05
5422,44417024,3.70706,1.16563,9.6425e-05
5423,44425216,3.35196,1.19012,9.6363e-05
5424,44433408,3.45005,1.17094,9.6301e-05
5425,44441600,3.71000,1.17117,9.6239e-05
5426,44449792,3.39744,1.19068,9.6177e-05
5427,44457984,3.58467,1.17503,9.6115e-05
5428,44466176,3.70129,1.18319,9.6053e-05
5429,44474368,3.64689,1.17667,9.5992e-05
5430,44482560,3.71379,1.18582,9.5930e-05
5431,44490752,3.77194,1.18204,9.5869e-05
5432,44498944,3.58626,1.18297,9.5808e-05
5433,44507136,3.68164,1.17579,9.5746e-05
5434,44515328,3.53520,1.17588,9.5685e-05
5435,44523520,3.71263,1.19164,9.5624e-05
5436,44531712,3.44043,1.19383,9.5563e-05
5437,44539904,3.77405,1.18830,9.5502e-05
5438,44548096,3.41658,1.18785,9.5441e-05
5439,44556288,3.71338,1.19857,9.5381e-05
5440,44564480,3.58766,1.18859,9.5320e-05
5441,44572672,3.62845,1.17849,9.5260e-05
5442,44580864,3.64966,1.18044,9.5199e-05
5443,44589056,3.65540,1.17556,9.5139e-05
5444,44597248,3.70071,1.17647,9.5078e-05
5445,44605440,3.50356,1.17779,9.5018e-05
5446,44613632,3.59971,1.17637,9.4958e-05
5447,44621824,3.45622,1.19776,9.4898e-05
5448,44630016,3.70322,1.18426,9.4838e-05
5449,44638208,3.77923,1.17601,9.4778e-05
5450,44646400,3.70592,1.17573,9.4719e-05
5451,44654592,3.63942,1.19147,9.4659e-05
5452,44662784,3.70486,1.19594,9.4599e-05
5453,44670976,3.72354,1.19514,9.4540e-05
5454,44679168,3.72397,1.17183,9.4480e-05
5455,44687360,3.46348,1.20229,9.4421e-05
5456,44695552,3.72148,1.17708,9.4362e-05
5457,44703744,3.75117,1.18007,9.4303e-05
5458,44711936,3.57163,1.16984,9.4244e-05
5459,44720128,3.67534,1.16592,9.4185e-05
5460,44728320,3.72368,1.17118,9.4126e-05
5461,44736512,3.64340,1.16760,9.4067e-05
5462,44744704,3.56266,1.17657,9.4008e-05
5463,44752896,3.86853,1.18074,9.3950e-05
5464,44761088,3.73962,1.18356,9.3891e-05
5465,44769280,3.51605,1.18265,9.3833e-05
5466,44777472,3.65527,1.19047,9.3775e-05
5467,44785664,3.75463,1.17578,9.3716e-05
5468,44793856,3.59133,1.17881,9.3658e-05
5469,44802048,3.73722,1.17841,9.3600e-05
5470,44810240,3.70211,1.17594,9.3542e-05
5471,44818432,3.65274,1.16597,9.3484e-05
5472,44826624,3.52918,1.16209,9.3426e-05
5473,44834816,3.51354,1.17328,9.3369e-05
5474,44843008,3.42241,1.18047,9.3311e-05
5475,44851200,3.64632,1.17443,9.3253e-05
5476,44859392,3.70215,1.17576,9.3196e-05
5477,44867584,3.73571,1.17160,9.3139e-05
5478,44875776,3.55519,1.17015,9.3081e-05
5479,44883968,3.72106,1.16772,9.3024e-05
5480,44892160,3.63607,1.17487,9.2967e-05
5481,44900352,3.57475,1.17684,9.2910e-05
5482,44908544,3.53130,1.17936,9.2853e-05
5483,44916736,3.48426,1.17740,9.2796e-05
5484,44924928,3.59358,1.17724,9.2739e-05
5485,44933120,3.67533,1.17396,9.2683e-05
5486,44941312,3.70856,1.18114,9.2626e-05
5487,44949504,3.75002,1.16985,9.2570e-05
5488,44957696,3.49212,1.16765,9.2513e-05
5489,44965888,3.58351,1.16835,9.2457e-05
5490,44974080,3.54043,1.17557,9.2401e-05
5491,44982272,3.66738,1.16366,9.2344e-05
5492,44990464,3.76211,1.16459,9.2288e-05
5493,44998656,3.79250,1.18049,9.2232e-05
5494,45006848,3.58440,1.19223,9.2177e-05
5495,45015040,3.76205,1.17765,9.2121e-05
5496,45023232,3.46378,1.17964,9.2065e-05
5497,45031424,3.57860,1.17640,9.2009e-05
5498,45039616,3.46958,1.18689,9.1954e-05
5499,45047808,3.54437,1.16404,9.1899e-05
5500,45056000,3.48629,1.17703,9.1843e-05
5501,45064192,3.64882,1.17014,9.1788e-05
5502,45072384,3.62703,1.18679,9.1733e-05
5503,45080576,3.64201,1.16342,9.1678e-05
5504,45088768,3.67381,1.16644,9.1623e-05
5505,45096960,3.45563,1.17453,9.1568e-05
5506,45105152,3.67785,1.16254,9.1513e-05
5507,45113344,3.57827,1.16935,9.1458e-05
5508,45121536,3.51104,1.16478,9.1404e-05
5509,45129728,3.64947,1.16496,9.1349e-05
5510,45137920,3.66189,1.17410,9.1295e-05
5511,45146112,3.65047,1.18628,9.1240e-05
5512,45154304,3.51512,1.17108,9.1186e-05
5513,45162496,3.54279,1.17622,9.1132e-05
5514,45170688,3.59979,1.17275,9.1078e-05
5515,45178880,3.58814,1.17213,9.1024e-05
5516,45187072,3.65978,1.16824,9.0970e-05
5517,45195264,3.53737,1.17787,9.0916e-05
5518,45203456,3.57385,1.18127,9.0862e-05
5519,45211648,3.54634,1.16713,9.0808e-05
5520,45219840,3.44124,1.17170,9.0755e-05
5521,45228032,3.62754,1.17052,9.0701e-05
5522,45236224,3.56374,1.15423,9.0648e-05
5523,45244416,3.55137,1.16298,9.0595e-05
5524,45252608,3.65288,1.16355,9.0541e-05
5525,45260800,3.63745,1.16503,9.0488e-05
5526,45268992,3.66496,1.16858,9.0435e-05
5527,45277184,3.54677,1.18458,9.0382e-05
5528,45285376,3.70999,1.15574,9.0329e-05
5529,45293568,3.46707,1.16824,9.0277e-05
5530,45301760,3.62045,1.19330,9.0224e-05
5531,45309952,3.65728,1.19507,9.0171e-05
5532,45318144,3.63129,1.18070,9.0119e-05
5533,45326336,3.60535,1.18097,9.0066e-05
5534,45334528,3.72092,1.17519,9.0014e-05
5535,45342720,3.65097,1.17345,8.9962e-05
5536,45350912,3.63796,1.16738,8.9910e-05
5537,45359104,3.62829,1.16892,8.9858e-05
5538,45367296,3.58340,1.16002,8.9806e-05
5539,45375488,3.52284,1.17049,8.9754e-05
5540,45383680,3.57848,1.17770,8.9702e-05
5541,45391872,3.52821,1.16324,8.9650e-05
5542,45400064,3.56780,1.17345,8.9599e-05
5543,45408256,3.73594,1.18209,8.9547e-05
5544,45416448,3.60355,1.17028,8.9496e-05
5545,45424640,3.49946,1.18033,8.9444e-05
5546,45432832,3.49868,1.18545,8.9393e-05
5547,45441024,3.48214,1.16561,8.9342e-05
5548,45449216,3.61831,1.16576,8.9291e-05
5549,45457408,3.65674,1.16533,8.9240e-05
5550,45465600,3.54336,1.15728,8.9189e-05
5551,45473792,3.66235,1.16313,8.9138e-05
5552,45481984,3.68143,1.18151,8.9087e-05
5553,45490176,3.56221,1.15781,8.9037e-05
5554,45498368,3.68332,1.18352,8.8986e-05
5555,45506560,3.70707,1.17596,8.8936e-05
5556,45514752,3.57146,1.16760,8.8885e-05
5557,45522944,3.78851,1.16820,8.8835e-05
5558,45531136,3.66053,1.16637,8.8785e-05
5559,45539328,3.37490,1.16332,8.8735e-05
5560,45547520,3.60977,1.16989,8.8685e-05
5561,45555712,3.50522,1.16245,8.8635e-05
5562,45563904,3.57355,1.16377,8.8585e-05
5563,45572096,3.64613,1.15699,8.8535e-05
5564,45580288,3.58102,1.16642,8.8486e-05
5565,45588480,3.56784,1.16867,8.8436e-05
5566,45596672,3.59815,1.16294,8.8387e-05
5567,45604864,3.55455,1.16423,8.8337e-05
5568,45613056,3.53139,1.16344,8.8288e-05
5569,45621248,3.60565,1.17735,8.8239e-05
5570,45629440,3.61005,1.16974,8.8190e-05
5571,45637632,3.65613,1.16117,8.8140e-05
5572,45645824,3.69168,1.18376,8.8092e-05
5573,45654016,3.66001,1.16868,8.8043e-05
5574,45662208,3.65100,1.17591,8.7994e-05
5575,45670400,3.60045,1.16116,8.7945e-05
5576,45678592,3.44992,1.16619,8.7897e-05
5577,45686784,3.59633,1.17247,8.7848e-05
5578,45694976,3.60148,1.16496,8.7800e-05
5579,45703168,3.64433,1.17108,8.7751e-05
5580,45711360,3.54696,1.16816,8.7703e-05
5581,45719552,3.76923,1.17821,8.7655e-05
5582,45727744,3.64769,1.17423,8.7607e-05
5583,45735936,3.71388,1.18293,8.7559e-05
5584,45744128,3.52236,1.17218,8.7511e-05
5585,45752320,3.73059,1.18149,8.7463e-05
5586,45760512,3.56291,1.16444,8.7416e-05
5587,45768704,3.72260,1.19148,8.7368e-05
5588,45776896,3.65940,1.17003,8.7321e-05
5589,45785088,3.58598,1.17952,8.7273e-05
5590,45793280,3.54913,1.17403,8.7226e-05
5591,45801472,3.60942,1.17924,8.7179e-05
5592,45809664,3.60818,1.18425,8.7132e-05
5593,45817856,3.59204,1.19242,8.7085e-05
5594,45826048,3.46145,1.17538,8.7038e-05
5595,45834240,3.61469,1.16727,8.6991e-05
5596,45842432,3.64217,1.17148,8.6944e-05
5597,45850624,3.72913,1.18144,8.6897e-05
5598,45858816,3.52576,1.17392,8.6851e-05
5599,45867008,3.77009,1.16518,8.6804e-05
5600,45875200,3.50820,1.17803,8.6758e-05
5601,45883392,3.42198,1.17562,8.6711e-05
5602,45891584,3.76008,1.17388,8.6665e-05
5603,45899776,3.68778,1.17976,8.6619e-05
5604,45907968,3.50450,1.17197,8.6573e-05
5605,45916160,3.60757,1.16798,8.6527e-05
5606,45924352,3.42121,1.17131,8.6481e-05
5607,45932544,3.52061,1.16907,8.6435e-05
5608,45940736,3.63073,1.15808,8.6389e-05
5609,45948928,3.71119,1.17040,8.6344e-05
5610,45957120,3.52483,1.16244,8.6298e-05
5611,45965312,3.60387,1.15623,8.6253e-05
5612,45973504,3.55939,1.15640,8.6207e-05
5613,45981696,3.56370,1.16559,8.6162e-05
5614,45989888,3.58571,1.16463,8.6117e-05
5615,45998080,3.55287,1.17117,8.6072e-05
5616,46006272,3.57553,1.15946,8.6027e-05
5617,46014464,3.56798,1.17486,8.5982e-05
5618,46022656,3.50041,1.16572,8.5937e-05
5619,46030848,3.58686,1.15335,8.5893e-05
5620,46039040,3.51833,1.16327,8.5848e-05
5621,46047232,3.63359,1.17488,8.5803e-05
5622,46055424,3.71165,1.16750,8.5759e-05
5623,46063616,3.50957,1.16612,8.5715e-05
5624,46071808,3.62655,1.17166,8.5670e-05
5625,46080000,3.37954,1.16571,8.5626e-05
5626,46088192,3.62327,1.16248,8.5582e-05
5627,46096384,3.68300,1.17843,8.5538e-05
5628,46104576,3.64211,1.18388,8.5494e-05
5629,46112768,3.51765,1.16313,8.5450e-05
5630,46120960,3.67767,1.19263,8.5407e-05
5631,46129152,3.64640,1.16917,8.5363e-05
5632,46137344,3.53554,1.16588,8.5319e-05
5633,46145536,3.67922,1.17630,8.5276e-05
5634,46153728,3.56935,1.17674,8.5233e-05
5635,46161920,3.66630,1.18806,8.5189e-05
5636,46170112,3.59931,1.16250,8.5146e-05
5637,46178304,3.53978,1.17458,8.5103e-05
5638,46186496,3.58622,1.17066,8.5060e-05
5639,46194688,3.65645,1.17121,8.5017e-05
5640,46202880,3.64283,1.17488,8.4974e-05
5641,46211072,3.52745,1.17353,8.4932e-05
5642,46219264,3.60184,1.17654,8.4889e-05
5643,46227456,3.51559,1.16955,8.4846e-05
5644,46235648,3.59414,1.19146,8.4804e-05
5645,46243840,3.53916,1.18012,8.4762e-05
5646,46252032,3.45499,1.18317,8.4719e-05
5647,46260224,3.44419,1.17738,8.4677e-05
5648,46268416,3.62840,1.19413,8.4635e-05
5649,46276608,3.56157,1.16934,8.4593e-05
5650,46284800,3.65860,1.17309,8.4551e-05
5651,46292992,3.59140,1.16513,8.4509e-05
5652,46301184,3.63137,1.16135,8.4467e-05
5653,46309376,3.53927,1.16620,8.4426e-05
5654,46317568,3.59269,1.15423,8.4384e-05
5655,46325760,3.53546,1.15993,8.4343e-05
5656,46333952,3.75311,1.17779,8.4301e-05
5657,46342144,3.79819,1.16575,8.4260e-05
5658,46350336,3.55186,1.15907,8.4219e-05
5659,46358528,3.78629,1.16545,8.4178e-05
5660,46366720,3.67110,1.16016,8.4137e-05
5661,46374912,3.61397,1.16383,8.4096e-05
5662,46383104,3.51490,1.15836,8.4055e-05
5663,46391296,3.55725,1.17122,8.4014e-05
5664,46399488,3.59569,1.16843,8.3974e-05
5665,46407680,3.66611,1.15793,8.3933e-05
5666,46415872,3.52609,1.16059,8.3893e-05
5667,46424064,3.63310,1.14557,8.3852e-05
5668,46432256,3.51575,1.17334,8.3812e-05
5669,46440448,3.51515,1.14743,8.3772e-05
5670,46448640,3.72999,1.15755,8.3732e-05
5671,46456832,3.59732,1.14792,8.3692e-05
5672,46465024,3.58959,1.15907,8.3652e-05
5673,46473216,3.76341,1.15758,8.3612e-05
5674,46481408,3.64000,1.15572,8.3572e-05
5675,46489600,3.57577,1.15322,8.3532e-05
5676,46497792,3.57157,1.15156,8.3493e-05
5677,46505984,3.53328,1.17008,8.3453e-05
5678,46514176,3.53367,1.16731,8.3414e-05
5679,46522368,3.64037,1.17506,8.3375e-05
5680,46530560,3.57428,1.16862,8.3336e-05
5681,46538752,3.67441,1.15596,8.3296e-05
5682,46546944,3.67235,1.16575,8.3257e-05
5683,46555136,3.73497,1.16815,8.3218e-05
5684,46563328,3.79626,1.16827,8.3180e-05
5685,46571520,3.59751,1.17239,8.3141e-05
5686,46579712,3.61391,1.16017,8.3102e-05
5687,46587904,3.66831,1.17449,8.3064e-05
5688,46596096,3.59580,1.16897,8.3025e-05
5689,46604288,3.45721,1.16910,8.2987e-05
5690,46612480,3.67472,1.19169,8.2948e-05
5691,46620672,3.61909,1.17783,8.2910e-05
5692,46628864,3.63336,1.16074,8.2872e-05
5693,46637056,3.50172,1.16520,8.2834e-05
5694,46645248,3.65036,1.16176,8.2796e-05
5695,46653440,3.59428,1.16336,8.2758e-05
5696,46661632,3.51582,1.16647,8.2721e-05
5697,46669824,3.62919,1.17420,8.2683e-05
5698,46678016,3.59385,1.18537,8.2645e-05
5699,46686208,3.51157,1.18297,8.2608e-05
5700,46694400,3.48217,1.16628,8.2571e-05
5701,46702592,3.65827,1.18079,8.2533e-05
5702,46710784,3.51739,1.16860,8.2496e-05
5703,46718976,3.65255,1.16500,8.2459e-05
5704,46727168,3.63330,1.17296,8.2422e-05
5705,46735360,3.60909,1.17543,8.2385e-05
5706,46743552,3.44203,1.18611,8.2348e-05
5707,46751744,3.48717,1.19545,8.2311e-05
5708,46759936,3.58878,1.15748,8.2275e-05
5709,46768128,3.59992,1.16431,8.2238e-05
5710,46776320,3.62036,1.16376,8.2202e-05
5711,46784512,3.70319,1.18243,8.2165e-05
5712,46792704,3.68184,1.16145,8.2129e-05
5713,46800896,3.66688,1.17373,8.2093e-05
5714,46809088,3.53465,1.16245,8.2057e-05
5715,46817280,3.65493,1.16176,8.2021e-05
5716,46825472,3.56668,1.16707,8.1985e-05
5717,46833664,3.66219,1.17664,8.1949e-05
5718,46841856,3.54532,1.15753,8.1913e-05
5719,46850048,3.51995,1.15817,8.1878e-05
5720,46858240,3.62950,1.16687,8.1842e-05
5721,46866432,3.64794,1.17867,8.1807e-05
5722,46874624,3.63381,1.17365,8.1771e-05
5723,46882816,3.60973,1.15729,8.1736e-05
5724,46891008,3.53750,1.18185,8.1701e-05
5725,46899200,3.47491,1.17850,8.1666e-05
5726,46907392,3.65165,1.16935,8.1631e-05
5727,46915584,3.63278,1.18014,8.1596e-05
5728,46923776,3.44685,1.16824,8.1561e-05
5729,46931968,3.44040,1.18142,8.1526e-05
5730,46940160,3.54818,1.15905,8.1491e-05
5731,46948352,3.43898,1.16753,8.1457e-05
5732,46956544,3.56734,1.15795,8.1422e-05
5733,46964736,3.66110,1.17295,8.1388e-05
5734,46972928,3.51374,1.16670,8.1354e-05
5735,46981120,3.80992,1.17524,8.1320e-05
5736,46989312,3.69333,1.16211,8.1285e-05
5737,46997504,3.71826,1.16214,8.1251e-05
5738,47005696,3.60896,1.16052,8.1218e-05
5739,47013888,3.66433,1.16194,8.1184e-05
5740,47022080,3.71732,1.18664,8.1150e-05
5741,47030272,3.60528,1.18219,8.1116e-05
5742,47038464,3.67326,1.18387,8.1083e-05
5743,47046656,3.47653,1.17235,8.1049e-05
5744,47054848,3.53529,1.16906,8.1016e-05
5745,47063040,3.52265,1.17726,8.0983e-05
5746,47071232,3.61446,1.15998,8.0950e-05
5747,47079424,3.52888,1.16166,8.0916e-05
5748,47087616,3.49606,1.17406,8.0883e-05
5749,47095808,3.64965,1.17361,8.0851e-05
5750,47104000,3.57870,1.17373,8.0818e-05
5751,47112192,3.55604,1.16049,8.0785e-05
5752,47120384,3.57479,1.17055,8.0752e-05
5753,47128576,3.52273,1.16548,8.0720e-05
5754,47136768,3.48962,1.15394,8.0687e-05
5755,47144960,3.62985,1.15577,8.0655e-05
5756,47153152,3.72208,1.15119,8.0623e-05
5757,47161344,3.57173,1.15650,8.0591e-05
5758,47169536,3.56797,1.16189,8.0558e-05
5759,47177728,3.57153,1.15595,8.0526e-05
5760,47185920,3.56890,1.17070,8.0495e-05
5761,47194112,3.56869,1.15437,8.0463e-05
5762,47202304,3.54036,1.15610,8.0431e-05
5763,47210496,3.50231,1.16415,8.0399e-05
5764,47218688,3.63850,1.15555,8.0368e-05
5765,47226880,3.52224,1.15799,8.0336e-05
5766,47235072,3.69616,1.17365,8.0305e-05
5767,47243264,3.79378,1.16113,8.0274e-05
5768,47251456,3.54946,1.18170,8.0243e-05
5769,47259648,3.54071,1.17147,8.0212e-05
5770,47267840,3.55448,1.16191,8.0181e-05
5771,47276032,3.71773,1.17136,8.0150e-05
5772,47284224,3.60709,1.16859,8.0119e-05
5773,47292416,3.67746,1.16450,8.0088e-05
5774,47300608,3.50707,1.16007,8.0058e-05
5775,47308800,3.68810,1.16654,8.0027e-05
5776,47316992,3.54156,1.17172,7.9997e-05
5777,47325184,3.51083,1.16284,7.9966e-05
5778,47333376,3.78397,1.15934,7.9936e-05
5779,47341568,3.67604,1.15531,7.9906e-05
5780,47349760,3.63494,1.17713,7.9876e-05
5781,47357952,3.52003,1.15562,7.9846e-05
5782,47366144,3.47727,1.15612,7.9816e-05
5783,47374336,3.58705,1.16517,7.9786e-05
5784,47382528,3.47574,1.16236,7.9756e-05
5785,47390720,3.51109,1.16639,7.9727e-05
5786,47398912,3.61398,1.15780,7.9697e-05
5787,47407104,3.67829,1.16900,7.9668e-05
5788,47415296,3.48864,1.15351,7.9638e-05
5789,47423488,3.67987,1.15983,7.9609e-05
5790,47431680,3.58183,1.16161,7.9580e-05
5791,47439872,3.56508,1.15804,7.9551e-05
5792,47448064,3.63045,1.15861,7.9522e-05
5793,47456256,3.58507,1.15716,7.9493e-05
5794,47464448,3.62788,1.15777,7.9464e-05
5795,47472640,3.60585,1.17770,7.9436e-05
5796,47480832,3.63691,1.15666,7.9407e-05
5797,47489024,3.56393,1.16015,7.9379e-05
5798,47497216,3.49193,1.17955,7.9350e-05
5799,47505408,3.67705,1.16157,7.9322e-05
5800,47513600,3.52411,1.16097,7.9294e-05
5801,47521792,3.61593,1.16010,7.9265e-05
5802,47529984,3.56591,1.17543,7.9237e-05
5803,47538176,3.60078,1.15661,7.9209e-05
5804,47546368,3.44199,1.16252,7.9182e-05
5805,47554560,3.65244,1.16508,7.9154e-05
5806,47562752,3.56687,1.15526,7.9126e-05
5807,47570944,3.55636,1.15576,7.9099e-05
5808,47579136,3.76521,1.14997,7.9071e-05
5809,47587328,3.62993,1.14749,7.9044e-05
5810,47595520,3.50215,1.16225,7.9016e-05
5811,47603712,3.62630,1.15347,7.8989e-05
5812,47611904,3.67185,1.15752,7.8962e-05
5813,47620096,3.69068,1.16808,7.8935e-05
5814,47628288,3.62667,1.17196,7.8908e-05
5815,47636480,3.57853,1.15340,7.8881e-05
5816,47644672,3.57246,1.15974,7.8854e-05
5817,47652864,3.53382,1.17051,7.8828e-05
5818,47661056,3.43790,1.15757,7.8801e-05
5819,47669248,3.57337,1.16372,7.8775e-05
5820,47677440,3.61513,1.15899,7.8748e-05
5821,47685632,3.58368,1.15873,7.8722e-05
5822,47693824,3.65358,1.17096,7.8696e-05
5823,47702016,3.56134,1.15857,7.8670e-05
5824,47710208,3.63463,1.15669,7.8644e-05
5825,47718400,3.73445,1.16612,7.8618e-05
5826,47726592,3.60541,1.15478,7.8592e-05
5827,47734784,3.48926,1.16377,7.8566e-05
5828,47742976,3.51967,1.15391,7.8540e-05
5829,47751168,3.69530,1.15685,7.8515e-05
5830,47759360,3.49720,1.16543,7.8489e-05
5831,47767552,3.60364,1.16463,7.8464e-05
5832,47775744,3.61543,1.15694,7.8439e-05
5833,47783936,3.46647,1.15071,7.8414e-05
5834,47792128,3.52594,1.15722,7.8388e-05
5835,47800320,3.59687,1.15863,7.8363e-05
5836,47808512,3.51012,1.15365,7.8338e-05
5837,47816704,3.77878,1.15042,7.8314e-05
5838,47824896,3.56722,1.16019,7.8289e-05
5839,47833088,3.58534,1.15643,7.8264e-05
5840,47841280,3.66648,1.15572,7.8240e-05
5841,47849472,3.40185,1.18037,7.8215e-05
5842,47857664,3.66670,1.16627,7.8191e-05
5843,47865856,3.67188,1.16447,7.8167e-05
5844,47874048,3.67836,1.14913,7.8142e-05
5845,47882240,3.57453,1.15844,7.8118e-05
5846,47890432,3.58255,1.16175,7.8094e-05
5847,47898624,3.62553,1.17480,7.8070e-05
5848,47906816,3.64840,1.15051,7.8047e-05
5849,47915008,3.53691,1.17273,7.8023e-05
5850,47923200,3.53458,1.15565,7.7999e-05
5851,47931392,3.48326,1.15751,7.7976e-05
5852,47939584,3.49240,1.15925,7.7952e-05
5853,47947776,3.63311,1.14925,7.7929e-05
5854,47955968,3.67014,1.16921,7.7906e-05
5855,47964160,3.54066,1.15953,7.7883e-05
5856,47972352,3.56060,1.16023,7.7859e-05
5857,47980544,3.56091,1.15698,7.7836e-05
5858,47988736,3.64650,1.15222,7.7814e-05
5859,47996928,3.54535,1.14628,7.7791e-05
5860,48005120,3.59052,1.14730,7.7768e-05
5861,48013312,3.56163,1.15823,7.7745e-05
5862,48021504,3.58288,1.15470,7.7723e-05
5863,48029696,3.44991,1.15798,7.7701e-05
5864,48037888,3.58726,1.15619,7.7678e-05
5865,48046080,3.52240,1.14755,7.7656e-05
5866,48054272,3.48807,1.15469,7.7634e-05
5867,48062464,3.64435,1.14999,7.7612e-05
5868,48070656,3.47065,1.15348,7.7590e-05
5869,48078848,3.54933,1.15376,7.7568e-05
5870,48087040,3.51999,1.15353,7.7546e-05
5871,48095232,3.68936,1.15020,7.7524e-05
5872,48103424,3.55298,1.16063,7.7503e-05
5873,48111616,3.50038,1.15678,7.7481e-05
5874,48119808,3.59236,1.15337,7.7460e-05
5875,48128000,3.60858,1.15964,7.7439e-05
5876,48136192,3.61474,1.15939,7.7417e-05
5877,48144384,3.63803,1.15587,7.7396e-05
5878,48152576,3.63736,1.15972,7.7375e-05
5879,48160768,3.71957,1.16476,7.7354e-05
5880,48168960,3.64995,1.15437,7.7333e-05
5881,48177152,3.49829,1.15103,7.7313e-05
5882,48185344,3.63831,1.16285,7.7292e-05
5883,48193536,3.57716,1.16640,7.7271e-05
5884,48201728,3.63885,1.15925,7.7251e-05
5885,48209920,3.62686,1.15534,7.7231e-05
5886,48218112,3.64313,1.15300,7.7210e-05
5887,48226304,3.55415,1.14930,7.7190e-05
5888,48234496,3.60618,1.15485,7.7170e-05
5889,48242688,3.50572,1.15589,7.7150e-05
5890,48250880,3.62376,1.16146,7.7130e-05
5891,48259072,3.65726,1.15701,7.7110e-05
5892,48267264,3.50383,1.15572,7.7090e-05
5893,48275456,3.75444,1.14816,7.7071e-05
5894,48283648,3.58718,1.16002,7.7051e-05
5895,48291840,3.60379,1.15333,7.7032e-05
5896,48300032,3.54032,1.17065,7.7012e-05
5897,48308224,3.33189,1.17357,7.6993e-05
5898,48316416,3.59982,1.16032,7.6974e-05
5899,48324608,3.60119,1.16040,7.6955e-05
5900,48332800,3.55064,1.16374,7.6936e-05
5901,48340992,3.50302,1.16039,7.6917e-05
5902,48349184,3.55168,1.15976,7.6898e-05
5903,48357376,3.71708,1.16460,7.6879e-05
5904,48365568,3.56787,1.15014,7.6861e-05
5905,48373760,3.73990,1.15048,7.6842e-05
5906,48381952,3.55217,1.15981,7.6824e-05
5907,48390144,3.51032,1.14741,7.6805e-05
5908,48398336,3.44702,1.15817,7.6787e-05
5909,48406528,3.53960,1.15043,7.6769e-05
5910,48414720,3.51899,1.15490,7.6751e-05
5911,48422912,3.48351,1.17063,7.6733e-05
5912,48431104,3.71395,1.15245,7.6715e-05
5913,48439296,3.69790,1.16932,7.6697e-05
5914,48447488,3.59912,1.16822,7.6679e-05
5915,48455680,3.69749,1.17021,7.6662e-05
5916,48463872,3.59646,1.16474,7.6644e-05
5917,48472064,3.40350,1.18549,7.6627e-05
5918,48480256,3.53565,1.17613,7.6609e-05
5919,48488448,3.93339,1.16652,7.6592e-05
5920,48496640,3.66360,1.15707,7.6575e-05
5921,48504832,3.54988,1.16541,7.6558e-05
5922,48513024,3.58835,1.15842,7.6541e-05
5923,48521216,3.61221,1.17072,7.6524e-05
5924,48529408,3.60957,1.15668,7.6507e-05
5925,48537600,3.55755,1.16666,7.6491e-05
5926,48545792,3.61718,1.16856,7.6474e-05
5927,48553984,3.43539,1.17312,7.6458e-05
5928,48562176,3.50113,1.16972,7.6441e-05
5929,48570368,3.47139,1.18110,7.6425e-05
5930,48578560,3.59214,1.16065,7.6409e-05
5931,48586752,3.75855,1.15839,7.6392e-05
5932,48594944,3.57793,1.14989,7.6376e-05
5933,48603136,3.60497,1.15309,7.6360e-05
5934,48611328,3.61133,1.15836,7.6345e-05
5935,48619520,3.53087,1.15260,7.6329e-05
5936,48627712,3.51246,1.16362,7.6313e-05
5937,48635904,3.56745,1.15217,7.6298e-05
5938,48644096,3.69757,1.15221,7.6282e-05
5939,48652288,3.42419,1.16190,7.6267e-05
5940,48660480,3.52971,1.15736,7.6251e-05
5941,48668672,3.64546,1.16258,7.6236e-05
5942,48676864,3.58190,1.15667,7.6221e-05
5943,48685056,3.58283,1.16933,7.6206e-05
5944,48693248,3.49844,1.17223,7.6191e-05
5945,48701440,3.53240,1.17230,7.6176e-05
5946,48709632,3.43288,1.17612,7.6162e-05
5947,48717824,3.60196,1.16954,7.6147e-05
5948,48726016,3.46221,1.15321,7.6132e-05
5949,48734208,3.57790,1.15379,7.6118e-05
5950,48742400,3.55094,1.14741,7.6104e-05
5951,48750592,3.84000,1.15298,7.6089e-05
5952,48758784,3.68420,1.16187,7.6075e-05
5953,48766976,3.45523,1.16594,7.6061e-05
5954,48775168,3.48667,1.16386,7.6047e-05
5955,48783360,3.62708,1.15609,7.6033e-05
5956,48791552,3.66762,1.15208,7.6019e-05
5957,48799744,3.65228,1.15572,7.6006e-05
5958,48807936,3.56385,1.15331,7.5992e-05
5959,48816128,3.48818,1.15759,7.5978e-05
5960,48824320,3.50845,1.15483,7.5965e-05
5961,48832512,3.61467,1.16271,7.5952e-05
5962,48840704,3.55353,1.14833,7.5938e-05
5963,48848896,3.58207,1.16994,7.5925e-05
5964,48857088,3.62800,1.14716,7.5912e-05
5965,48865280,3.72754,1.16668,7.5899e-05
5966,48873472,3.60056,1.14910,7.5886e-05
5967,48881664,3.65805,1.17416,7.5873e-05
5968,48889856,3.54920,1.15612,7.5861e-05
5969,48898048,3.64633,1.15055,7.5848e-05
5970,48906240,3.74295,1.15059,7.5836e-05
5971,48914432,3.42173,1.15617,7.5823e-05
5972,48922624,3.72356,1.14222,7.5811e-05
5973,48930816,3.58713,1.15232,7.5799e-05
5974,48939008,3.58153,1.13466,7.5787e-05
5975,48947200,3.61283,1.15768,7.5774e-05
5976,48955392,3.53761,1.14651,7.5763e-05
5977,48963584,3.59428,1.14956,7.5751e-05
5978,48971776,3.66721,1.14346,7.5739e-05
5979,48979968,3.61468,1.14595,7.5727e-05
5980,48988160,3.44002,1.14001,7.5716e-05
5981,48996352,3.45081,1.15431,7.5704e-05
5982,49004544,3.58889,1.14588,7.5693e-05
5983,49012736,3.63293,1.17701,7.5681e-05
5984,49020928,3.65124,1.14931,7.5670e-05
5985,49029120,3.68165,1.15938,7.5659e-05
5986,49037312,3.70449,1.15146,7.5648e-05
5987,49045504,3.56881,1.15419,7.5637e-05
5988,49053696,3.40581,1.15477,7.5626e-05
5989,49061888,3.60634,1.15617,7.5616e-05
5990,49070080,3.47767,1.15868,7.5605e-05
5991,49078272,3.62310,1.16697,7.5594e-05
5992,49086464,3.58809,1.15954,7.5584e-05
5993,49094656,3.31588,1.16293,7.5573e-05
5994,49102848,3.71419,1.15207,7.5563e-05
5995,49111040,3.47611,1.15706,7.5553e-05
5996,49119232,3.67518,1.15392,7.5543e-05
5997,49127424,3.68618,1.14752,7.5533e-05
5998,49135616,3.65137,1.15074,7.5523e-05
5999,49143808,3.60065,1.15150,7.5513e-05
6000,49152000,3.66244,1.14657,7.5503e-05
6001,49160192,3.50687,1.13698,7.5494e-05
6002,49168384,3.50216,1.15033,7.5484e-05
6003,49176576,3.53836,1.14639,7.5475e-05
6004,49184768,3.56342,1.15508,7.5465e-05
6005,49192960,3.63762,1.14133,7.5456e-05
6006,49201152,3.51328,1.14890,7.5447e-05
6007,49209344,3.43934,1.16021,7.5438e-05
6008,49217536,3.61262,1.14814,7.5429e-05
6009,49225728,3.54797,1.14637,7.5420e-05
6010,49233920,3.56883,1.15887,7.5411e-05
6011,49242112,3.54536,1.15400,7.5403e-05
6012,49250304,3.56807,1.16406,7.5394e-05
6013,49258496,3.62091,1.16249,7.5385e-05
6014,49266688,3.53934,1.16268,7.5377e-05
6015,49274880,3.60308,1.16498,7.5369e-05
6016,49283072,3.56787,1.14404,7.5360e-05
6017,49291264,3.69590,1.15121,7.5352e-05
6018,49299456,3.52534,1.15528,7.5344e-05
6019,49307648,3.45816,1.14557,7.5336e-05
6020,49315840,3.64802,1.15926,7.5328e-05
6021,49324032,3.53076,1.15478,7.5321e-05
6022,49332224,3.46317,1.16502,7.5313e-05
6023,49340416,3.63600,1.16889,7.5305e-05
6024,49348608,3.67983,1.16287,7.5298e-05
6025,49356800,3.61133,1.14817,7.5291e-05
6026,49364992,3.61246,1.15467,7.5283e-05
6027,49373184,3.67036,1.14381,7.5276e-05
6028,49381376,3.61080,1.15397,7.5269e-05
6029,49389568,3.52322,1.15257,7.5262e-05
6030,49397760,3.61328,1.15542,7.5255e-05
6031,49405952,3.56120,1.15108,7.5248e-05
6032,49414144,3.56528,1.14528,7.5241e-05
6033,49422336,3.53539,1.14793,7.5235e-05
6034,49430528,3.64299,1.16303,7.5228e-05
6035,49438720,3.36359,1.15503,7.5222e-05
6036,49446912,3.53224,1.15435,7.5215e-05
6037,49455104,3.51484,1.15569,7.5209e-05
6038,49463296,3.53790,1.16496,7.5203e-05
6039,49471488,3.57046,1.14701,7.5197e-05
6040,49479680,3.71431,1.15461,7.5191e-05
6041,49487872,3.49725,1.16335,7.5185e-05
6042,49496064,3.63220,1.16130,7.5179e-05
6043,49504256,3.57563,1.16086,7.5173e-05
6044,49512448,3.62034,1.15507,7.5168e-05
6045,49520640,3.60482,1.15837,7.5162e-05
6046,49528832,3.51856,1.16843,7.5157e-05
6047,49537024,3.50126,1.15417,7.5151e-05
6048,49545216,3.57714,1.15333,7.5146e-05
6049,49553408,3.62153,1.16012,7.5141e-05
6050,49561600,3.58760,1.16057,7.5136e-05
6051,49569792,3.62700,1.15979,7.5131e-05
6052,49577984,3.74424,1.16679,7.5126e-05
6053,49586176,3.64203,1.16235,7.5121e-05
6054,49594368,3.55990,1.16476,7.5116e-05
6055,49602560,3.54596,1.15494,7.5112e-05
6056,49610752,3.70348,1.16293,7.5107e-05
6057,49618944,3.54944,1.16131,7.5103e-05
6058,49627136,3.60822,1.15227,7.5099e-05
6059,49635328,3.60745,1.16037,7.5094e-05
6060,49643520,3.56142,1.14617,7.5090e-05
6061,49651712,3.53709,1.15278,7.5086e-05
6062,49659904,3.61569,1.15254,7.5082e-05
6063,49668096,3.62944,1.14827,7.5078e-05
6064,49676288,3.55471,1.14254,7.5074e-05
6065,49684480,3.63049,1.15377,7.5071e-05
6066,49692672,3.60724,1.16075,7.5067e-05
6067,49700864,3.60207,1.14939,7.5064e-05
6068,49709056,3.53006,1.16432,7.5060e-05
6069,49717248,3.53650,1.15492,7.5057e-05
6070,49725440,3.74831,1.16066,7.5054e-05
6071,49733632,3.59603,1.14129,7.5051e-05
6072,49741824,3.53810,1.14921,7.5048e-05
6073,49750016,3.63137,1.15102,7.5045e-05
6074,49758208,3.63698,1.16631,7.5042e-05
6075,49766400,3.58369,1.14813,7.5039e-05
6076,49774592,3.54523,1.15675,7.5037e-05
6077,49782784,3.51292,1.15353,7.5034e-05
6078,49790976,3.56115,1.14540,7.5031e-05
6079,49799168,3.49865,1.14562,7.5029e-05
6080,49807360,3.55182,1.14574,7.5027e-05
6081,49815552,3.47864,1.14095,7.5025e-05
6082,49823744,3.52207,1.13799,7.5023e-05
6083,49831936,3.71702,1.14161,7.5021e-05
6084,49840128,3.53916,1.14287,7.5019e-05
6085,49848320,3.61175,1.14477,7.5017e-05
6086,49856512,3.58990,1.14893,7.5015e-05
6087,49864704,3.50896,1.14945,7.5013e-05
6088,49872896,3.56154,1.16303,7.5012e-05
6089,49881088,3.58924,1.15741,7.5010e-05
6090,49889280,3.64437,1.13558,7.5009e-05
6091,49897472,3.66597,1.14749,7.5008e-05
6092,49905664,3.66682,1.14169,7.5007e-05
6093,49913856,3.64523,1.14329,7.5006e-05
6094,49922048,3.55609,1.17138,7.5005e-05
6095,49930240,3.61288,1.14309,7.5004e-05
6096,49938432,3.50153,1.15062,7.5003e-05
6097,49946624,3.63169,1.13834,7.5002e-05
6098,49954816,3.55508,1.15142,7.5002e-05
6099,49963008,3.49072,1.15311,7.5001e-05
6100,49971200,3.36919,1.14079,7.5001e-05
6101,49979392,3.48059,1.15131,7.5000e-05
6102,49987584,3.62726,1.16151,7.5000e-05
6103,49995776,3.61491,1.15813,7.5000e-05
