step,tokens,train_ce,aux_loss,lr
2442,20004864,4.06552,1.11677,5.2909e-04
2443,20013056,4.10468,1.06528,5.2892e-04
2444,20021248,3.90160,1.03388,5.2876e-04
2445,20029440,4.03214,1.01689,5.2859e-04
2446,20037632,3.96927,1.01417,5.2842e-04
2447,20045824,4.03827,1.01960,5.2826e-04
2448,20054016,4.00304,1.01796,5.2809e-04
2449,20062208,3.93009,1.02121,5.2792e-04
2450,20070400,3.91353,1.01812,5.2776e-04
2451,20078592,3.99961,1.02267,5.2759e-04
2452,20086784,4.06318,1.01918,5.2742e-04
2453,20094976,4.30940,1.02034,5.2726e-04
2454,20103168,4.01508,1.01532,5.2709e-04
2455,20111360,4.09695,1.01157,5.2692e-04
2456,20119552,4.12805,1.01333,5.2676e-04
2457,20127744,3.90263,1.01122,5.2659e-04
2458,20135936,4.08533,1.01361,5.2642e-04
2459,20144128,3.89461,1.01239,5.2626e-04
2460,20152320,4.13448,1.01224,5.2609e-04
2461,20160512,4.17963,1.00951,5.2592e-04
2462,20168704,3.99399,1.01138,5.2575e-04
2463,20176896,4.03055,1.00844,5.2559e-04
2464,20185088,4.08851,1.00913,5.2542e-04
2465,20193280,4.01717,1.00774,5.2525e-04
2466,20201472,4.09770,1.01312,5.2509e-04
2467,20209664,4.09601,1.01177,5.2492e-04
2468,20217856,3.99830,1.01318,5.2475e-04
2469,20226048,4.05951,1.01698,5.2458e-04
2470,20234240,4.09897,1.01304,5.2442e-04
2471,20242432,3.92659,1.01125,5.2425e-04
2472,20250624,4.00928,1.01210,5.2408e-04
2473,20258816,4.15910,1.01188,5.2392e-04
2474,20267008,4.03486,1.01023,5.2375e-04
2475,20275200,4.08600,1.00753,5.2358e-04
2476,20283392,3.90517,1.01248,5.2341e-04
2477,20291584,4.08940,1.00749,5.2325e-04
2478,20299776,3.96391,1.01337,5.2308e-04
2479,20307968,4.40947,1.00835,5.2291e-04
2480,20316160,4.08267,1.01278,5.2274e-04
2481,20324352,4.14349,1.01272,5.2258e-04
2482,20332544,4.08189,1.01554,5.2241e-04
2483,20340736,4.12222,1.01395,5.2224e-04
2484,20348928,3.96081,1.01743,5.2207e-04
2485,20357120,4.06653,1.01345,5.2191e-04
2486,20365312,3.89034,1.01438,5.2174e-04
2487,20373504,4.05701,1.01510,5.2157e-04
2488,20381696,4.07165,1.00998,5.2140e-04
2489,20389888,4.00136,1.01152,5.2123e-04
2490,20398080,4.10506,1.01442,5.2107e-04
2491,20406272,4.11036,1.01647,5.2090e-04
2492,20414464,3.96270,1.01453,5.2073e-04
2493,20422656,3.98591,1.01260,5.2056e-04
2494,20430848,3.95844,1.01383,5.2039e-04
2495,20439040,4.00336,1.01324,5.2023e-04
2496,20447232,4.15474,1.01370,5.2006e-04
2497,20455424,4.02223,1.01744,5.1989e-04
2498,20463616,4.16236,1.01718,5.1972e-04
2499,20471808,4.15019,1.02495,5.1955e-04
2500,20480000,4.15092,1.02237,5.1939e-04
2501,20488192,4.08423,1.02580,5.1922e-04
2502,20496384,4.04356,1.01948,5.1905e-04
2503,20504576,4.01570,1.01662,5.1888e-04
2504,20512768,4.02423,1.01555,5.1871e-04
2505,20520960,4.07388,1.01284,5.1855e-04
2506,20529152,4.00631,1.01400,5.1838e-04
2507,20537344,4.08559,1.01254,5.1821e-04
2508,20545536,4.17257,1.01488,5.1804e-04
2509,20553728,3.95434,1.01463,5.1787e-04
2510,20561920,3.95159,1.01481,5.1770e-04
2511,20570112,3.93975,1.01273,5.1753e-04
2512,20578304,4.11630,1.01384,5.1737e-04
2513,20586496,3.88273,1.01639,5.1720e-04
2514,20594688,4.05254,1.01525,5.1703e-04
2515,20602880,4.10785,1.01865,5.1686e-04
2516,20611072,3.91693,1.02194,5.1669e-04
2517,20619264,3.94245,1.02457,5.1652e-04
2518,20627456,4.02659,1.02056,5.1635e-04
2519,20635648,4.10237,1.02138,5.1619e-04
2520,20643840,3.94763,1.02466,5.1602e-04
2521,20652032,4.05166,1.02258,5.1585e-04
2522,20660224,4.07658,1.02494,5.1568e-04
2523,20668416,3.98408,1.02121,5.1551e-04
2524,20676608,3.99385,1.02014,5.1534e-04
2525,20684800,4.13923,1.02114,5.1517e-04
2526,20692992,4.03809,1.01743,5.1500e-04
2527,20701184,4.04565,1.02290,5.1484e-04
2528,20709376,3.96346,1.01825,5.1467e-04
2529,20717568,3.94205,1.01763,5.1450e-04
2530,20725760,3.98094,1.01826,5.1433e-04
2531,20733952,4.06450,1.02003,5.1416e-04
2532,20742144,4.04211,1.02151,5.1399e-04
2533,20750336,3.96352,1.01766,5.1382e-04
2534,20758528,4.14201,1.01918,5.1365e-04
2535,20766720,3.97349,1.01724,5.1348e-04
2536,20774912,4.05023,1.01835,5.1331e-04
2537,20783104,4.02337,1.01621,5.1314e-04
2538,20791296,3.92732,1.02004,5.1298e-04
2539,20799488,4.03102,1.02323,5.1281e-04
2540,20807680,4.13901,1.02293,5.1264e-04
2541,20815872,4.02190,1.02497,5.1247e-04
2542,20824064,4.06327,1.02215,5.1230e-04
2543,20832256,4.02686,1.02350,5.1213e-04
2544,20840448,4.00078,1.02330,5.1196e-04
2545,20848640,3.93522,1.03251,5.1179e-04
2546,20856832,4.06892,1.02740,5.1162e-04
2547,20865024,4.12516,1.02563,5.1145e-04
2548,20873216,4.00847,1.02572,5.1128e-04
2549,20881408,4.08992,1.02925,5.1111e-04
2550,20889600,4.11149,1.03329,5.1094e-04
2551,20897792,4.05362,1.02506,5.1077e-04
2552,20905984,3.94054,1.02369,5.1060e-04
2553,20914176,4.04066,1.02523,5.1043e-04
2554,20922368,3.95766,1.01730,5.1026e-04
2555,20930560,4.12652,1.02053,5.1009e-04
2556,20938752,3.91658,1.01897,5.0992e-04
2557,20946944,4.13256,1.01928,5.0976e-04
2558,20955136,4.10126,1.01773,5.0959e-04
2559,20963328,4.07269,1.01748,5.0942e-04
2560,20971520,3.89937,1.01577,5.0925e-04
2561,20979712,4.08073,1.01024,5.0908e-04
2562,20987904,3.90957,1.01254,5.0891e-04
2563,20996096,4.01146,1.01193,5.0874e-04
2564,21004288,4.03386,1.01021,5.0857e-04
2565,21012480,4.09811,1.01041,5.0840e-04
2566,21020672,4.05264,1.01100,5.0823e-04
2567,21028864,4.16486,1.00981,5.0806e-04
2568,21037056,4.00052,1.01372,5.0789e-04
2569,21045248,4.13304,1.00830,5.0772e-04
2570,21053440,4.02225,1.00813,5.0755e-04
2571,21061632,4.10602,1.01195,5.0738e-04
2572,21069824,4.06116,1.01344,5.0721e-04
2573,21078016,3.95196,1.01030,5.0704e-04
2574,21086208,4.08120,1.01115,5.0687e-04
2575,21094400,3.94777,1.01073,5.0670e-04
2576,21102592,3.93739,1.01295,5.0653e-04
2577,21110784,4.08744,1.00981,5.0635e-04
2578,21118976,4.06265,1.00975,5.0618e-04
2579,21127168,4.05965,1.01084,5.0601e-04
2580,21135360,4.17598,1.01453,5.0584e-04
2581,21143552,3.86033,1.01817,5.0567e-04
2582,21151744,3.87821,1.01493,5.0550e-04
2583,21159936,4.05479,1.01476,5.0533e-04
2584,21168128,4.13553,1.02126,5.0516e-04
2585,21176320,4.04027,1.01588,5.0499e-04
2586,21184512,3.91796,1.02013,5.0482e-04
2587,21192704,3.98727,1.01981,5.0465e-04
2588,21200896,4.07879,1.01794,5.0448e-04
2589,21209088,4.16921,1.01540,5.0431e-04
2590,21217280,4.09559,1.01563,5.0414e-04
2591,21225472,3.97290,1.01189,5.0397e-04
2592,21233664,4.09642,1.01321,5.0380e-04
2593,21241856,4.13812,1.01093,5.0363e-04
2594,21250048,4.29041,1.01433,5.0346e-04
2595,21258240,4.01936,1.01416,5.0329e-04
2596,21266432,4.00581,1.01327,5.0311e-04
2597,21274624,4.12035,1.01333,5.0294e-04
2598,21282816,4.10575,1.01627,5.0277e-04
2599,21291008,4.04222,1.01338,5.0260e-04
2600,21299200,4.01660,1.01017,5.0243e-04
2601,21307392,3.92298,1.01434,5.0226e-04
2602,21315584,4.09298,1.01365,5.0209e-04
2603,21323776,4.05547,1.01180,5.0192e-04
2604,21331968,4.06802,1.01510,5.0175e-04
2605,21340160,3.98330,1.01582,5.0158e-04
2606,21348352,4.19869,1.01558,5.0141e-04
2607,21356544,4.12063,1.01042,5.0123e-04
2608,21364736,4.08911,1.01257,5.0106e-04
2609,21372928,3.99863,1.01345,5.0089e-04
2610,21381120,3.86599,1.01295,5.0072e-04
2611,21389312,4.12404,1.01360,5.0055e-04
2612,21397504,4.19787,1.01746,5.0038e-04
2613,21405696,3.95753,1.01516,5.0021e-04
2614,21413888,4.08057,1.01127,5.0004e-04
2615,21422080,3.93372,1.01266,4.9987e-04
2616,21430272,3.98894,1.01131,4.9969e-04
2617,21438464,4.04779,1.01259,4.9952e-04
2618,21446656,4.07448,1.01304,4.9935e-04
2619,21454848,4.13594,1.01317,4.9918e-04
2620,21463040,4.09031,1.01429,4.9901e-04
2621,21471232,4.22278,1.01663,4.9884e-04
2622,21479424,3.94448,1.01658,4.9867e-04
2623,21487616,4.01398,1.01433,4.9850e-04
2624,21495808,3.93155,1.01012,4.9832e-04
2625,21504000,4.06069,1.01031,4.9815e-04
2626,21512192,3.94851,1.01079,4.9798e-04
2627,21520384,4.12577,1.00874,4.9781e-04
2628,21528576,4.12963,1.00993,4.9764e-04
2629,21536768,4.10516,1.00734,4.9747e-04
2630,21544960,4.02480,1.00633,4.9729e-04
2631,21553152,4.08205,1.00854,4.9712e-04
2632,21561344,3.94897,1.00874,4.9695e-04
2633,21569536,4.09266,1.01122,4.9678e-04
2634,21577728,4.07622,1.00874,4.9661e-04
2635,21585920,3.95845,1.00575,4.9644e-04
2636,21594112,3.90662,1.00755,4.9626e-04
2637,21602304,4.00252,1.00645,4.9609e-04
2638,21610496,4.11621,1.00794,4.9592e-04
2639,21618688,4.08260,1.01104,4.9575e-04
2640,21626880,4.11956,1.00856,4.9558e-04
2641,21635072,4.09774,1.01280,4.9541e-04
2642,21643264,4.18197,1.01403,4.9523e-04
2643,21651456,3.96636,1.01031,4.9506e-04
2644,21659648,4.04415,1.01245,4.9489e-04
2645,21667840,3.96391,1.01104,4.9472e-04
2646,21676032,3.83329,1.00918,4.9455e-04
2647,21684224,4.04949,1.00862,4.9437e-04
2648,21692416,4.06924,1.01296,4.9420e-04
2649,21700608,4.02549,1.01115,4.9403e-04
2650,21708800,4.08064,1.00933,4.9386e-04
2651,21716992,3.94077,1.01382,4.9369e-04
2652,21725184,4.02870,1.00855,4.9351e-04
2653,21733376,4.07511,1.01324,4.9334e-04
2654,21741568,3.96407,1.01377,4.9317e-04
2655,21749760,4.05073,1.01308,4.9300e-04
2656,21757952,4.16681,1.01230,4.9283e-04
2657,21766144,3.94280,1.01248,4.9265e-04
2658,21774336,4.13952,1.01504,4.9248e-04
2659,21782528,4.08974,1.01341,4.9231e-04
2660,21790720,4.03243,1.01297,4.9214e-04
2661,21798912,4.01677,1.01088,4.9196e-04
2662,21807104,4.07329,1.00909,4.9179e-04
2663,21815296,4.19266,1.01218,4.9162e-04
2664,21823488,4.11074,1.00909,4.9145e-04
2665,21831680,4.08142,1.00896,4.9127e-04
2666,21839872,4.08692,1.00811,4.9110e-04
2667,21848064,4.09288,1.00830,4.9093e-04
2668,21856256,4.04516,1.01813,4.9076e-04
2669,21864448,4.09496,1.01167,4.9059e-04
2670,21872640,4.04003,1.01538,4.9041e-04
2671,21880832,4.05868,1.01170,4.9024e-04
2672,21889024,3.98346,1.00914,4.9007e-04
2673,21897216,4.08801,1.01246,4.8990e-04
2674,21905408,3.97600,1.01495,4.8972e-04
2675,21913600,4.11005,1.01036,4.8955e-04
2676,21921792,4.03897,1.01318,4.8938e-04
2677,21929984,4.09526,1.01290,4.8920e-04
2678,21938176,3.98404,1.00842,4.8903e-04
2679,21946368,4.09162,1.01251,4.8886e-04
2680,21954560,3.92660,1.00908,4.8869e-04
2681,21962752,4.10240,1.01319,4.8851e-04
2682,21970944,3.96348,1.01397,4.8834e-04
2683,21979136,4.23814,1.01341,4.8817e-04
2684,21987328,4.03049,1.01366,4.8800e-04
2685,21995520,4.10479,1.01495,4.8782e-04
2686,22003712,4.06978,1.01216,4.8765e-04
2687,22011904,3.91640,1.01323,4.8748e-04
2688,22020096,3.92611,1.01280,4.8730e-04
2689,22028288,3.97172,1.01447,4.8713e-04
2690,22036480,3.92542,1.01388,4.8696e-04
2691,22044672,3.88466,1.01351,4.8679e-04
2692,22052864,3.87617,1.01468,4.8661e-04
2693,22061056,4.04309,1.01515,4.8644e-04
2694,22069248,4.17553,1.01552,4.8627e-04
2695,22077440,4.17013,1.01643,4.8609e-04
2696,22085632,4.16851,1.01907,4.8592e-04
2697,22093824,4.03434,1.01460,4.8575e-04
2698,22102016,3.92229,1.01866,4.8557e-04
2699,22110208,4.03560,1.01724,4.8540e-04
2700,22118400,3.96394,1.01297,4.8523e-04
2701,22126592,4.01338,1.01195,4.8506e-04
2702,22134784,4.05658,1.00900,4.8488e-04
2703,22142976,4.13336,1.01169,4.8471e-04
2704,22151168,4.01123,1.01142,4.8454e-04
2705,22159360,4.00181,1.01221,4.8436e-04
2706,22167552,4.06871,1.01413,4.8419e-04
2707,22175744,3.91990,1.01379,4.8402e-04
2708,22183936,4.05132,1.01528,4.8384e-04
2709,22192128,4.01823,1.01284,4.8367e-04
2710,22200320,4.12318,1.02112,4.8350e-04
2711,22208512,4.08096,1.01176,4.8332e-04
2712,22216704,4.04888,1.01172,4.8315e-04
2713,22224896,4.07113,1.01002,4.8298e-04
2714,22233088,4.08927,1.01201,4.8280e-04
2715,22241280,4.21115,1.01523,4.8263e-04
2716,22249472,4.00419,1.01138,4.8246e-04
2717,22257664,4.11563,1.01338,4.8228e-04
2718,22265856,4.03170,1.01088,4.8211e-04
2719,22274048,4.18302,1.01365,4.8194e-04
2720,22282240,4.00747,1.01455,4.8176e-04
2721,22290432,4.20421,1.01480,4.8159e-04
2722,22298624,4.09586,1.01660,4.8142e-04
2723,22306816,4.06713,1.01748,4.8124e-04
2724,22315008,4.08575,1.01418,4.8107e-04
2725,22323200,3.93888,1.01539,4.8089e-04
2726,22331392,3.94627,1.01175,4.8072e-04
2727,22339584,4.06281,1.01216,4.8055e-04
2728,22347776,4.12990,1.01121,4.8037e-04
2729,22355968,3.95980,1.01546,4.8020e-04
2730,22364160,4.05430,1.01085,4.8003e-04
2731,22372352,4.10487,1.00983,4.7985e-04
2732,22380544,3.87133,1.01196,4.7968e-04
2733,22388736,3.95020,1.00858,4.7951e-04
2734,22396928,3.94191,1.01178,4.7933e-04
2735,22405120,4.09359,1.01147,4.7916e-04
2736,22413312,3.95617,1.01200,4.7898e-04
2737,22421504,4.16646,1.01397,4.7881e-04
2738,22429696,4.02089,1.01416,4.7864e-04
2739,22437888,4.04828,1.01345,4.7846e-04
2740,22446080,4.02426,1.01353,4.7829e-04
2741,22454272,3.96261,1.01471,4.7811e-04
2742,22462464,4.02044,1.01040,4.7794e-04
2743,22470656,3.95292,1.01335,4.7777e-04
2744,22478848,3.94414,1.01580,4.7759e-04
2745,22487040,4.03795,1.01060,4.7742e-04
2746,22495232,4.13576,1.01199,4.7725e-04
2747,22503424,3.83270,1.01931,4.7707e-04
2748,22511616,3.96058,1.01399,4.7690e-04
2749,22519808,4.04272,1.01165,4.7672e-04
2750,22528000,4.12689,1.01113,4.7655e-04
2751,22536192,4.10029,1.00988,4.7637e-04
2752,22544384,3.99674,1.01330,4.7620e-04
2753,22552576,4.19382,1.01425,4.7603e-04
2754,22560768,4.00295,1.01085,4.7585e-04
2755,22568960,3.99422,1.01167,4.7568e-04
2756,22577152,4.15361,1.01031,4.7550e-04
2757,22585344,3.88758,1.01099,4.7533e-04
2758,22593536,3.99204,1.01212,4.7516e-04
2759,22601728,4.02001,1.01234,4.7498e-04
2760,22609920,4.11077,1.01278,4.7481e-04
2761,22618112,3.96235,1.01372,4.7463e-04
2762,22626304,3.88566,1.01499,4.7446e-04
2763,22634496,4.01065,1.01362,4.7428e-04
2764,22642688,3.91534,1.01465,4.7411e-04
2765,22650880,3.96922,1.01089,4.7394e-04
2766,22659072,4.10535,1.01342,4.7376e-04
2767,22667264,4.07973,1.01095,4.7359e-04
2768,22675456,3.85399,1.01115,4.7341e-04
2769,22683648,4.00965,1.01793,4.7324e-04
2770,22691840,3.87120,1.01534,4.7306e-04
2771,22700032,4.12615,1.01152,4.7289e-04
2772,22708224,3.90943,1.01400,4.7272e-04
2773,22716416,4.00264,1.01729,4.7254e-04
2774,22724608,4.03190,1.01526,4.7237e-04
2775,22732800,4.02903,1.01602,4.7219e-04
2776,22740992,3.98236,1.02002,4.7202e-04
2777,22749184,4.04952,1.01619,4.7184e-04
2778,22757376,4.05702,1.01683,4.7167e-04
2779,22765568,4.03560,1.01310,4.7149e-04
2780,22773760,3.94405,1.01479,4.7132e-04
2781,22781952,4.04973,1.01311,4.7115e-04
2782,22790144,4.02164,1.01807,4.7097e-04
2783,22798336,3.98786,1.01725,4.7080e-04
2784,22806528,4.07453,1.01325,4.7062e-04
2785,22814720,4.04324,1.01867,4.7045e-04
2786,22822912,4.02298,1.01987,4.7027e-04
2787,22831104,4.09512,1.01744,4.7010e-04
2788,22839296,4.08011,1.02562,4.6992e-04
2789,22847488,4.03499,1.01541,4.6975e-04
2790,22855680,4.03728,1.01591,4.6957e-04
2791,22863872,3.95321,1.01404,4.6940e-04
2792,22872064,3.93482,1.01497,4.6922e-04
2793,22880256,3.96931,1.01443,4.6905e-04
2794,22888448,4.02040,1.01214,4.6887e-04
2795,22896640,4.07081,1.01571,4.6870e-04
2796,22904832,3.97354,1.01511,4.6852e-04
2797,22913024,3.84660,1.01737,4.6835e-04
2798,22921216,4.04850,1.01497,4.6817e-04
2799,22929408,4.03876,1.01731,4.6800e-04
2800,22937600,4.15048,1.01408,4.6783e-04
2801,22945792,4.01942,1.01774,4.6765e-04
2802,22953984,3.95191,1.01553,4.6748e-04
2803,22962176,3.90497,1.01646,4.6730e-04
2804,22970368,3.98788,1.01352,4.6713e-04
2805,22978560,4.12153,1.01426,4.6695e-04
2806,22986752,3.96296,1.01750,4.6678e-04
2807,22994944,3.97280,1.01951,4.6660e-04
2808,23003136,3.91594,1.01190,4.6643e-04
2809,23011328,3.80777,1.01428,4.6625e-04
2810,23019520,4.08303,1.01111,4.6608e-04
2811,23027712,4.08441,1.01271,4.6590e-04
2812,23035904,4.06814,1.01071,4.6573e-04
2813,23044096,4.04653,1.01138,4.6555e-04
2814,23052288,3.96071,1.01513,4.6538e-04
2815,23060480,3.94683,1.01998,4.6520e-04
2816,23068672,3.92058,1.01622,4.6503e-04
2817,23076864,4.07905,1.01357,4.6485e-04
2818,23085056,3.99915,1.01322,4.6467e-04
2819,23093248,3.97270,1.01596,4.6450e-04
2820,23101440,3.77949,1.01748,4.6432e-04
2821,23109632,4.05018,1.01608,4.6415e-04
2822,23117824,4.01243,1.01034,4.6397e-04
2823,23126016,3.92660,1.01696,4.6380e-04
2824,23134208,3.82009,1.01655,4.6362e-04
2825,23142400,4.11436,1.01919,4.6345e-04
2826,23150592,3.98159,1.01780,4.6327e-04
2827,23158784,3.93421,1.01302,4.6310e-04
2828,23166976,3.98790,1.01479,4.6292e-04
2829,23175168,3.81977,1.01618,4.6275e-04
2830,23183360,3.98990,1.01856,4.6257e-04
2831,23191552,4.11484,1.01430,4.6240e-04
2832,23199744,4.11295,1.01862,4.6222e-04
2833,23207936,3.73404,1.02232,4.6205e-04
2834,23216128,3.92939,1.02479,4.6187e-04
2835,23224320,4.15251,1.02007,4.6170e-04
2836,23232512,3.94381,1.01400,4.6152e-04
2837,23240704,3.89510,1.01640,4.6134e-04
2838,23248896,3.90147,1.01378,4.6117e-04
2839,23257088,4.08493,1.01141,4.6099e-04
2840,23265280,4.11328,1.01250,4.6082e-04
2841,23273472,4.00776,1.01484,4.6064e-04
2842,23281664,3.94037,1.01152,4.6047e-04
2843,23289856,4.11270,1.01227,4.6029e-04
2844,23298048,3.96262,1.01183,4.6012e-04
2845,23306240,3.94777,1.01618,4.5994e-04
2846,23314432,4.03315,1.01208,4.5977e-04
2847,23322624,4.01868,1.01510,4.5959e-04
2848,23330816,3.83995,1.01431,4.5941e-04
2849,23339008,4.09962,1.01618,4.5924e-04
2850,23347200,3.96039,1.01363,4.5906e-04
2851,23355392,4.06028,1.01554,4.5889e-04
2852,23363584,4.05103,1.01481,4.5871e-04
2853,23371776,3.90954,1.01646,4.5854e-04
2854,23379968,3.90114,1.01596,4.5836e-04
2855,23388160,3.85973,1.01589,4.5819e-04
2856,23396352,3.90826,1.01358,4.5801e-04
2857,23404544,4.01086,1.01868,4.5783e-04
2858,23412736,3.99107,1.01780,4.5766e-04
2859,23420928,3.93968,1.01513,4.5748e-04
2860,23429120,3.93575,1.02123,4.5731e-04
2861,23437312,4.00069,1.01276,4.5713e-04
2862,23445504,3.93714,1.01985,4.5696e-04
2863,23453696,4.10452,1.01944,4.5678e-04
2864,23461888,3.92664,1.01880,4.5660e-04
2865,23470080,3.86829,1.01596,4.5643e-04
2866,23478272,3.97198,1.01881,4.5625e-04
2867,23486464,3.93628,1.01956,4.5608e-04
2868,23494656,3.87514,1.01962,4.5590e-04
2869,23502848,4.10825,1.02500,4.5572e-04
2870,23511040,3.91990,1.02620,4.5555e-04
2871,23519232,3.90826,1.02257,4.5537e-04
2872,23527424,3.99836,1.01888,4.5520e-04
2873,23535616,4.04868,1.01950,4.5502e-04
2874,23543808,3.98022,1.02170,4.5485e-04
2875,23552000,4.03388,1.02128,4.5467e-04
2876,23560192,4.05517,1.02477,4.5449e-04
2877,23568384,4.01103,1.01616,4.5432e-04
2878,23576576,4.06538,1.01648,4.5414e-04
2879,23584768,4.01498,1.01298,4.5397e-04
2880,23592960,3.99373,1.01095,4.5379e-04
2881,23601152,4.06996,1.01457,4.5361e-04
2882,23609344,3.79433,1.01744,4.5344e-04
2883,23617536,4.02787,1.01060,4.5326e-04
2884,23625728,4.17019,1.01176,4.5309e-04
2885,23633920,4.00006,1.01253,4.5291e-04
2886,23642112,3.89999,1.02240,4.5273e-04
2887,23650304,3.91403,1.01546,4.5256e-04
2888,23658496,4.03011,1.01486,4.5238e-04
2889,23666688,4.01823,1.01752,4.5221e-04
2890,23674880,4.00810,1.01861,4.5203e-04
2891,23683072,3.91683,1.02225,4.5185e-04
2892,23691264,4.00968,1.02090,4.5168e-04
2893,23699456,4.11937,1.01573,4.5150e-04
2894,23707648,3.92538,1.02059,4.5133e-04
2895,23715840,4.03628,1.01722,4.5115e-04
2896,23724032,4.14966,1.02265,4.5097e-04
2897,23732224,4.02390,1.01171,4.5080e-04
2898,23740416,3.89298,1.01725,4.5062e-04
2899,23748608,3.83814,1.01588,4.5045e-04
2900,23756800,3.99387,1.01166,4.5027e-04
2901,23764992,3.98651,1.02077,4.5009e-04
2902,23773184,3.90816,1.02069,4.4992e-04
2903,23781376,3.94604,1.02317,4.4974e-04
2904,23789568,4.07796,1.01879,4.4956e-04
2905,23797760,3.96770,1.02555,4.4939e-04
2906,23805952,4.07627,1.01742,4.4921e-04
2907,23814144,3.92360,1.02055,4.4904e-04
2908,23822336,3.95322,1.01989,4.4886e-04
2909,23830528,3.97003,1.01399,4.4868e-04
2910,23838720,3.95163,1.01982,4.4851e-04
2911,23846912,3.94848,1.01665,4.4833e-04
2912,23855104,4.02904,1.01373,4.4815e-04
2913,23863296,4.03427,1.01568,4.4798e-04
2914,23871488,3.93111,1.01571,4.4780e-04
2915,23879680,4.05407,1.01969,4.4763e-04
2916,23887872,4.07090,1.01388,4.4745e-04
2917,23896064,3.92772,1.01481,4.4727e-04
2918,23904256,3.96539,1.02169,4.4710e-04
2919,23912448,4.12648,1.01936,4.4692e-04
2920,23920640,3.90699,1.01433,4.4674e-04
2921,23928832,3.94053,1.01413,4.4657e-04
2922,23937024,3.99017,1.01534,4.4639e-04
2923,23945216,4.07451,1.01306,4.4621e-04
2924,23953408,3.95314,1.01195,4.4604e-04
2925,23961600,4.00569,1.01619,4.4586e-04
2926,23969792,3.95543,1.01419,4.4569e-04
2927,23977984,3.99258,1.01742,4.4551e-04
2928,23986176,3.87604,1.02132,4.4533e-04
2929,23994368,3.87500,1.02290,4.4516e-04
2930,24002560,3.95459,1.02207,4.4498e-04
2931,24010752,4.01880,1.02140,4.4480e-04
2932,24018944,4.01143,1.02451,4.4463e-04
2933,24027136,4.02034,1.02673,4.4445e-04
2934,24035328,3.97090,1.02085,4.4427e-04
2935,24043520,3.78078,1.03116,4.4410e-04
2936,24051712,3.92978,1.02573,4.4392e-04
2937,24059904,3.99080,1.02765,4.4374e-04
2938,24068096,3.80282,1.02874,4.4357e-04
2939,24076288,3.91988,1.03031,4.4339e-04
2940,24084480,3.95310,1.02695,4.4321e-04
2941,24092672,4.03886,1.02570,4.4304e-04
2942,24100864,4.09069,1.02226,4.4286e-04
2943,24109056,4.00381,1.02609,4.4269e-04
2944,24117248,3.99186,1.03161,4.4251e-04
2945,24125440,4.12230,1.01997,4.4233e-04
2946,24133632,3.94152,1.01853,4.4216e-04
2947,24141824,4.01034,1.01677,4.4198e-04
2948,24150016,3.92764,1.02190,4.4180e-04
2949,24158208,3.76903,1.01851,4.4163e-04
2950,24166400,3.93324,1.01472,4.4145e-04
2951,24174592,4.02918,1.01646,4.4127e-04
2952,24182784,4.07642,1.01688,4.4110e-04
2953,24190976,4.06596,1.01651,4.4092e-04
2954,24199168,4.07442,1.01977,4.4074e-04
2955,24207360,3.92718,1.01317,4.4057e-04
2956,24215552,3.88618,1.01888,4.4039e-04
2957,24223744,4.01401,1.01857,4.4021e-04
2958,24231936,4.01896,1.03285,4.4004e-04
2959,24240128,4.05044,1.01932,4.3986e-04
2960,24248320,4.08680,1.01609,4.3968e-04
2961,24256512,3.96744,1.01686,4.3951e-04
2962,24264704,3.98852,1.01420,4.3933e-04
2963,24272896,3.95275,1.01951,4.3915e-04
2964,24281088,3.89325,1.02198,4.3898e-04
2965,24289280,3.99730,1.02015,4.3880e-04
2966,24297472,4.18869,1.01684,4.3862e-04
2967,24305664,4.06814,1.01760,4.3845e-04
2968,24313856,3.91875,1.01656,4.3827e-04
2969,24322048,3.85962,1.02163,4.3809e-04
2970,24330240,3.97930,1.02523,4.3792e-04
2971,24338432,4.05710,1.02123,4.3774e-04
2972,24346624,3.89558,1.02503,4.3756e-04
2973,24354816,3.96827,1.01926,4.3738e-04
2974,24363008,4.06586,1.02385,4.3721e-04
2975,24371200,3.94749,1.02053,4.3703e-04
2976,24379392,3.99624,1.01718,4.3685e-04
2977,24387584,3.99377,1.01973,4.3668e-04
2978,24395776,3.82944,1.02292,4.3650e-04
2979,24403968,3.94581,1.01802,4.3632e-04
2980,24412160,4.04450,1.01401,4.3615e-04
2981,24420352,3.97603,1.02012,4.3597e-04
2982,24428544,3.95180,1.01979,4.3579e-04
2983,24436736,3.87259,1.02000,4.3562e-04
2984,24444928,3.86705,1.01780,4.3544e-04
2985,24453120,4.03402,1.01310,4.3526e-04
2986,24461312,3.86739,1.01609,4.3509e-04
2987,24469504,4.16730,1.01637,4.3491e-04
2988,24477696,3.98208,1.01893,4.3473e-04
2989,24485888,3.96308,1.02023,4.3456e-04
2990,24494080,3.96899,1.01408,4.3438e-04
2991,24502272,3.87762,1.01775,4.3420e-04
2992,24510464,3.92901,1.01832,4.3402e-04
2993,24518656,3.90779,1.01829,4.3385e-04
2994,24526848,3.95362,1.02110,4.3367e-04
2995,24535040,4.12515,1.02688,4.3349e-04
2996,24543232,3.94353,1.02571,4.3332e-04
2997,24551424,4.02396,1.02212,4.3314e-04
2998,24559616,4.10815,1.02079,4.3296e-04
2999,24567808,3.82262,1.02067,4.3279e-04
3000,24576000,4.05079,1.02623,4.3261e-04
3001,24584192,3.91131,1.02203,4.3243e-04
3002,24592384,3.86413,1.02097,4.3225e-04
3003,24600576,3.96736,1.01936,4.3208e-04
3004,24608768,3.98336,1.01753,4.3190e-04
3005,24616960,3.94207,1.02062,4.3172e-04
3006,24625152,3.95108,1.01413,4.3155e-04
3007,24633344,4.02239,1.01906,4.3137e-04
3008,24641536,4.05101,1.02393,4.3119e-04
3009,24649728,4.02833,1.02000,4.3102e-04
3010,24657920,3.93405,1.02202,4.3084e-04
3011,24666112,3.85724,1.01982,4.3066e-04
3012,24674304,4.06668,1.01931,4.3048e-04
3013,24682496,3.91927,1.01643,4.3031e-04
3014,24690688,4.05162,1.02533,4.3013e-04
3015,24698880,3.99347,1.02085,4.2995e-04
3016,24707072,3.98288,1.01827,4.2978e-04
3017,24715264,3.85897,1.02604,4.2960e-04
3018,24723456,4.06474,1.02296,4.2942e-04
3019,24731648,4.11863,1.02684,4.2925e-04
3020,24739840,3.87919,1.02371,4.2907e-04
3021,24748032,4.05870,1.02443,4.2889e-04
3022,24756224,3.88896,1.02960,4.2871e-04
3023,24764416,4.08232,1.03854,4.2854e-04
3024,24772608,3.90403,1.03870,4.2836e-04
3025,24780800,3.94327,1.03136,4.2818e-04
3026,24788992,4.01000,1.02887,4.2801e-04
3027,24797184,4.05685,1.02903,4.2783e-04
3028,24805376,4.02099,1.04067,4.2765e-04
3029,24813568,4.12243,1.02742,4.2747e-04
3030,24821760,4.01831,1.02953,4.2730e-04
3031,24829952,4.01291,1.03085,4.2712e-04
3032,24838144,3.77541,1.03766,4.2694e-04
3033,24846336,4.10874,1.03241,4.2677e-04
3034,24854528,3.85298,1.02933,4.2659e-04
3035,24862720,4.04040,1.03192,4.2641e-04
3036,24870912,3.99472,1.02419,4.2624e-04
3037,24879104,3.90956,1.02645,4.2606e-04
3038,24887296,3.88048,1.02693,4.2588e-04
3039,24895488,3.91071,1.02776,4.2570e-04
3040,24903680,3.79784,1.02736,4.2553e-04
3041,24911872,3.82885,1.02343,4.2535e-04
3042,24920064,3.92908,1.02486,4.2517e-04
3043,24928256,4.03614,1.02393,4.2500e-04
3044,24936448,4.01002,1.02713,4.2482e-04
3045,24944640,3.86233,1.02770,4.2464e-04
3046,24952832,3.96521,1.02448,4.2446e-04
3047,24961024,3.80319,1.03378,4.2429e-04
3048,24969216,4.06978,1.02356,4.2411e-04
3049,24977408,3.92531,1.02826,4.2393e-04
3050,24985600,4.07264,1.02106,4.2375e-04
3051,24993792,3.96129,1.02322,4.2358e-04
3052,25001984,4.04352,1.02731,4.2340e-04
3053,25010176,3.98167,1.02562,4.2322e-04
3054,25018368,3.98334,1.02439,4.2305e-04
3055,25026560,3.67181,1.02328,4.2287e-04
3056,25034752,4.14519,1.02376,4.2269e-04
3057,25042944,3.92914,1.03011,4.2251e-04
3058,25051136,4.05589,1.02966,4.2234e-04
3059,25059328,4.00599,1.02415,4.2216e-04
3060,25067520,3.92239,1.03079,4.2198e-04
3061,25075712,4.08393,1.03047,4.2181e-04
3062,25083904,3.97254,1.02916,4.2163e-04
3063,25092096,3.98525,1.02816,4.2145e-04
3064,25100288,3.99848,1.02652,4.2127e-04
3065,25108480,4.09788,1.03259,4.2110e-04
3066,25116672,3.86385,1.02635,4.2092e-04
3067,25124864,3.93327,1.02536,4.2074e-04
3068,25133056,3.89698,1.02469,4.2057e-04
3069,25141248,3.99086,1.02731,4.2039e-04
3070,25149440,4.05392,1.02989,4.2021e-04
3071,25157632,3.95124,1.02286,4.2003e-04
3072,25165824,3.97239,1.02728,4.1986e-04
3073,25174016,3.78816,1.02326,4.1968e-04
3074,25182208,3.95490,1.02180,4.1950e-04
3075,25190400,3.93321,1.02306,4.1932e-04
3076,25198592,3.95534,1.02644,4.1915e-04
3077,25206784,3.95295,1.02329,4.1897e-04
3078,25214976,3.81073,1.02895,4.1879e-04
3079,25223168,4.07850,1.02925,4.1862e-04
3080,25231360,3.81562,1.02910,4.1844e-04
3081,25239552,4.05868,1.02942,4.1826e-04
3082,25247744,4.09001,1.03153,4.1808e-04
3083,25255936,4.09918,1.03824,4.1791e-04
3084,25264128,3.85182,1.03501,4.1773e-04
3085,25272320,3.87694,1.03509,4.1755e-04
3086,25280512,4.10050,1.02901,4.1737e-04
3087,25288704,4.01298,1.02733,4.1720e-04
3088,25296896,3.88859,1.03428,4.1702e-04
3089,25305088,3.74785,1.02791,4.1684e-04
3090,25313280,3.93363,1.02328,4.1667e-04
3091,25321472,4.01209,1.02680,4.1649e-04
3092,25329664,3.86511,1.02172,4.1631e-04
3093,25337856,4.01078,1.02238,4.1613e-04
3094,25346048,4.05579,1.02559,4.1596e-04
3095,25354240,3.85151,1.02558,4.1578e-04
3096,25362432,3.88962,1.02743,4.1560e-04
3097,25370624,4.06799,1.02084,4.1543e-04
3098,25378816,4.01793,1.02536,4.1525e-04
3099,25387008,4.15670,1.02848,4.1507e-04
3100,25395200,3.95959,1.02779,4.1489e-04
3101,25403392,3.96781,1.03427,4.1472e-04
3102,25411584,3.84256,1.02911,4.1454e-04
3103,25419776,3.91410,1.03020,4.1436e-04
3104,25427968,4.05733,1.02994,4.1418e-04
3105,25436160,3.94561,1.02991,4.1401e-04
3106,25444352,4.08442,1.02781,4.1383e-04
3107,25452544,4.00486,1.02424,4.1365e-04
3108,25460736,3.94856,1.02442,4.1348e-04
3109,25468928,3.91800,1.02723,4.1330e-04
3110,25477120,3.82634,1.02818,4.1312e-04
3111,25485312,3.94482,1.02850,4.1294e-04
3112,25493504,3.96105,1.02543,4.1277e-04
3113,25501696,3.81499,1.02421,4.1259e-04
3114,25509888,3.95735,1.02600,4.1241e-04
3115,25518080,4.05520,1.03048,4.1223e-04
3116,25526272,4.07516,1.02825,4.1206e-04
3117,25534464,3.84001,1.02983,4.1188e-04
3118,25542656,4.03950,1.03055,4.1170e-04
3119,25550848,3.91729,1.03259,4.1152e-04
3120,25559040,3.93612,1.02750,4.1135e-04
3121,25567232,3.94082,1.02838,4.1117e-04
3122,25575424,4.10465,1.02904,4.1099e-04
3123,25583616,3.88580,1.02623,4.1082e-04
3124,25591808,3.65596,1.03152,4.1064e-04
3125,25600000,3.85085,1.02663,4.1046e-04
3126,25608192,4.04285,1.03160,4.1028e-04
3127,25616384,3.99368,1.02689,4.1011e-04
3128,25624576,4.03486,1.03056,4.0993e-04
3129,25632768,3.94421,1.02190,4.0975e-04
3130,25640960,3.89824,1.02771,4.0957e-04
3131,25649152,3.98328,1.02030,4.0940e-04
3132,25657344,4.00268,1.02289,4.0922e-04
3133,25665536,3.90663,1.02665,4.0904e-04
3134,25673728,3.97634,1.02753,4.0887e-04
3135,25681920,4.03390,1.03012,4.0869e-04
3136,25690112,3.96694,1.02378,4.0851e-04
3137,25698304,3.83366,1.03307,4.0833e-04
3138,25706496,3.96488,1.02493,4.0816e-04
3139,25714688,3.84559,1.03032,4.0798e-04
3140,25722880,4.00834,1.03283,4.0780e-04
3141,25731072,3.98035,1.02947,4.0763e-04
3142,25739264,3.85870,1.02715,4.0745e-04
3143,25747456,3.95485,1.03821,4.0727e-04
3144,25755648,3.80184,1.03038,4.0709e-04
3145,25763840,3.93957,1.02438,4.0692e-04
3146,25772032,3.94198,1.02754,4.0674e-04
3147,25780224,4.05861,1.02468,4.0656e-04
3148,25788416,3.79645,1.02620,4.0638e-04
3149,25796608,3.96478,1.01993,4.0621e-04
3150,25804800,3.92240,1.02221,4.0603e-04
3151,25812992,3.94566,1.02184,4.0585e-04
3152,25821184,3.77280,1.02946,4.0568e-04
3153,25829376,3.87379,1.02143,4.0550e-04
3154,25837568,3.84625,1.02188,4.0532e-04
3155,25845760,3.93552,1.02326,4.0514e-04
3156,25853952,4.01742,1.02123,4.0497e-04
3157,25862144,4.01441,1.02847,4.0479e-04
3158,25870336,3.94088,1.02641,4.0461e-04
3159,25878528,3.98271,1.02492,4.0443e-04
3160,25886720,3.92441,1.02995,4.0426e-04
3161,25894912,3.84218,1.03070,4.0408e-04
3162,25903104,3.96755,1.02912,4.0390e-04
3163,25911296,3.76606,1.02556,4.0373e-04
3164,25919488,3.82003,1.02865,4.0355e-04
3165,25927680,3.99030,1.02915,4.0337e-04
3166,25935872,3.93786,1.03097,4.0319e-04
3167,25944064,3.80705,1.03243,4.0302e-04
3168,25952256,3.96976,1.02944,4.0284e-04
3169,25960448,3.94262,1.02811,4.0266e-04
3170,25968640,4.01844,1.02864,4.0249e-04
3171,25976832,3.98581,1.02985,4.0231e-04
3172,25985024,3.97322,1.03241,4.0213e-04
3173,25993216,3.93907,1.03361,4.0195e-04
3174,26001408,4.09783,1.03066,4.0178e-04
3175,26009600,3.99777,1.03286,4.0160e-04
3176,26017792,3.99962,1.03132,4.0142e-04
3177,26025984,3.91359,1.03121,4.0125e-04
3178,26034176,3.88575,1.02930,4.0107e-04
3179,26042368,3.87601,1.02703,4.0089e-04
3180,26050560,3.85313,1.02871,4.0071e-04
3181,26058752,3.64144,1.03105,4.0054e-04
3182,26066944,3.82214,1.02933,4.0036e-04
3183,26075136,3.79275,1.02544,4.0018e-04
3184,26083328,3.84848,1.02944,4.0000e-04
3185,26091520,3.79113,1.02190,3.9983e-04
3186,26099712,3.87661,1.02677,3.9965e-04
3187,26107904,3.94766,1.03192,3.9947e-04
3188,26116096,3.85760,1.02378,3.9930e-04
3189,26124288,3.91489,1.02082,3.9912e-04
3190,26132480,3.81583,1.02577,3.9894e-04
3191,26140672,4.03080,1.03041,3.9876e-04
3192,26148864,3.90555,1.02495,3.9859e-04
3193,26157056,3.88848,1.02968,3.9841e-04
3194,26165248,3.84214,1.03229,3.9823e-04
3195,26173440,3.95898,1.02687,3.9806e-04
3196,26181632,3.96821,1.03087,3.9788e-04
3197,26189824,3.87757,1.04057,3.9770e-04
3198,26198016,3.98409,1.03129,3.9753e-04
3199,26206208,3.94073,1.03518,3.9735e-04
3200,26214400,3.89453,1.03394,3.9717e-04
3201,26222592,3.91772,1.03344,3.9699e-04
3202,26230784,3.96405,1.03549,3.9682e-04
3203,26238976,3.98615,1.03347,3.9664e-04
3204,26247168,3.85727,1.03667,3.9646e-04
3205,26255360,4.00264,1.03280,3.9629e-04
3206,26263552,3.98565,1.03564,3.9611e-04
3207,26271744,3.94856,1.03596,3.9593e-04
3208,26279936,3.81438,1.03006,3.9575e-04
3209,26288128,3.84395,1.03857,3.9558e-04
3210,26296320,4.09068,1.03238,3.9540e-04
3211,26304512,3.89911,1.03282,3.9522e-04
3212,26312704,3.94183,1.03361,3.9505e-04
3213,26320896,3.80008,1.02851,3.9487e-04
3214,26329088,3.92723,1.02999,3.9469e-04
3215,26337280,3.86774,1.03365,3.9452e-04
3216,26345472,3.92315,1.02798,3.9434e-04
3217,26353664,3.91209,1.03420,3.9416e-04
3218,26361856,3.89085,1.02800,3.9398e-04
3219,26370048,3.87406,1.02979,3.9381e-04
3220,26378240,3.90935,1.02537,3.9363e-04
3221,26386432,3.94942,1.03109,3.9345e-04
3222,26394624,3.88161,1.02882,3.9328e-04
3223,26402816,4.00141,1.02823,3.9310e-04
3224,26411008,3.89758,1.03128,3.9292e-04
3225,26419200,3.89389,1.03037,3.9275e-04
3226,26427392,3.85719,1.03119,3.9257e-04
3227,26435584,3.82979,1.03637,3.9239e-04
3228,26443776,3.97610,1.04024,3.9221e-04
3229,26451968,3.84840,1.03421,3.9204e-04
3230,26460160,3.91819,1.02766,3.9186e-04
3231,26468352,3.94683,1.03328,3.9168e-04
3232,26476544,3.99478,1.03404,3.9151e-04
3233,26484736,3.90954,1.03185,3.9133e-04
3234,26492928,3.93740,1.03642,3.9115e-04
3235,26501120,3.98488,1.03473,3.9098e-04
3236,26509312,3.73707,1.03529,3.9080e-04
3237,26517504,4.00785,1.03269,3.9062e-04
3238,26525696,3.84512,1.03336,3.9044e-04
3239,26533888,4.02939,1.03173,3.9027e-04
3240,26542080,3.86440,1.03366,3.9009e-04
3241,26550272,3.88313,1.03113,3.8991e-04
3242,26558464,3.99574,1.03500,3.8974e-04
3243,26566656,3.97369,1.03369,3.8956e-04
3244,26574848,3.78724,1.03640,3.8938e-04
3245,26583040,3.86282,1.03413,3.8921e-04
3246,26591232,3.90909,1.02792,3.8903e-04
3247,26599424,3.94706,1.02827,3.8885e-04
3248,26607616,3.99916,1.02447,3.8868e-04
3249,26615808,3.92200,1.02404,3.8850e-04
3250,26624000,3.96603,1.02458,3.8832e-04
3251,26632192,3.93161,1.02576,3.8815e-04
3252,26640384,3.83305,1.02768,3.8797e-04
3253,26648576,3.95037,1.02943,3.8779e-04
3254,26656768,3.84606,1.02700,3.8762e-04
3255,26664960,3.83281,1.02906,3.8744e-04
3256,26673152,3.88537,1.03094,3.8726e-04
3257,26681344,3.88001,1.02589,3.8708e-04
3258,26689536,3.91968,1.03531,3.8691e-04
3259,26697728,3.84237,1.03115,3.8673e-04
3260,26705920,3.81023,1.03335,3.8655e-04
3261,26714112,3.96891,1.02752,3.8638e-04
3262,26722304,3.94610,1.02871,3.8620e-04
3263,26730496,3.93361,1.02957,3.8602e-04
3264,26738688,3.96888,1.03083,3.8585e-04
3265,26746880,3.86438,1.02987,3.8567e-04
3266,26755072,4.04128,1.03199,3.8549e-04
3267,26763264,3.97196,1.02655,3.8532e-04
3268,26771456,3.96715,1.02975,3.8514e-04
3269,26779648,3.95560,1.03226,3.8496e-04
3270,26787840,4.00035,1.02979,3.8479e-04
3271,26796032,3.99912,1.02819,3.8461e-04
3272,26804224,3.87062,1.03063,3.8443e-04
3273,26812416,3.97149,1.02683,3.8426e-04
3274,26820608,4.03190,1.02521,3.8408e-04
3275,26828800,3.78454,1.02876,3.8390e-04
3276,26836992,3.82976,1.03840,3.8373e-04
3277,26845184,3.91857,1.03240,3.8355e-04
3278,26853376,4.03353,1.02607,3.8337e-04
3279,26861568,3.87158,1.03197,3.8320e-04
3280,26869760,3.91472,1.03300,3.8302e-04
3281,26877952,3.87470,1.02802,3.8284e-04
3282,26886144,3.92955,1.02982,3.8267e-04
3283,26894336,3.79900,1.03492,3.8249e-04
3284,26902528,3.90732,1.02835,3.8231e-04
3285,26910720,3.84886,1.03202,3.8214e-04
3286,26918912,3.95551,1.03160,3.8196e-04
3287,26927104,3.94645,1.02918,3.8179e-04
3288,26935296,3.74423,1.03706,3.8161e-04
3289,26943488,4.07552,1.03819,3.8143e-04
3290,26951680,3.92135,1.03784,3.8126e-04
3291,26959872,3.94918,1.03673,3.8108e-04
3292,26968064,4.02703,1.04877,3.8090e-04
3293,26976256,3.79966,1.03502,3.8073e-04
3294,26984448,3.97438,1.03364,3.8055e-04
3295,26992640,4.03091,1.02914,3.8037e-04
3296,27000832,3.86596,1.03064,3.8020e-04
3297,27009024,3.97031,1.03324,3.8002e-04
3298,27017216,3.80852,1.03391,3.7984e-04
3299,27025408,3.65575,1.02887,3.7967e-04
3300,27033600,3.93359,1.03546,3.7949e-04
3301,27041792,3.76006,1.03444,3.7931e-04
3302,27049984,3.82491,1.03980,3.7914e-04
3303,27058176,3.98277,1.04102,3.7896e-04
3304,27066368,3.84744,1.04053,3.7879e-04
3305,27074560,3.79191,1.04113,3.7861e-04
3306,27082752,3.78619,1.03592,3.7843e-04
3307,27090944,3.85875,1.03408,3.7826e-04
3308,27099136,3.85473,1.04270,3.7808e-04
3309,27107328,3.95936,1.03916,3.7790e-04
3310,27115520,3.90028,1.03477,3.7773e-04
3311,27123712,3.96031,1.03018,3.7755e-04
3312,27131904,4.01419,1.04437,3.7737e-04
3313,27140096,3.77212,1.03807,3.7720e-04
3314,27148288,3.89898,1.03313,3.7702e-04
3315,27156480,3.83036,1.03194,3.7685e-04
3316,27164672,3.92979,1.03157,3.7667e-04
3317,27172864,3.83234,1.03769,3.7649e-04
3318,27181056,3.86488,1.04005,3.7632e-04
3319,27189248,3.85676,1.03815,3.7614e-04
3320,27197440,3.92184,1.03671,3.7596e-04
3321,27205632,3.95483,1.03737,3.7579e-04
3322,27213824,3.99298,1.03350,3.7561e-04
3323,27222016,3.80342,1.03098,3.7544e-04
3324,27230208,3.90947,1.03472,3.7526e-04
3325,27238400,3.90350,1.02920,3.7508e-04
3326,27246592,3.88474,1.03584,3.7491e-04
3327,27254784,3.88295,1.03521,3.7473e-04
3328,27262976,3.87296,1.03501,3.7455e-04
3329,27271168,3.75376,1.03379,3.7438e-04
3330,27279360,3.91545,1.03014,3.7420e-04
3331,27287552,3.83428,1.03489,3.7403e-04
3332,27295744,3.86448,1.03752,3.7385e-04
3333,27303936,3.89723,1.03823,3.7367e-04
3334,27312128,3.77757,1.04802,3.7350e-04
3335,27320320,3.89395,1.03083,3.7332e-04
3336,27328512,3.82470,1.03371,3.7315e-04
3337,27336704,3.77725,1.03296,3.7297e-04
3338,27344896,3.85693,1.03551,3.7279e-04
3339,27353088,4.01018,1.03296,3.7262e-04
3340,27361280,3.82877,1.03023,3.7244e-04
3341,27369472,3.88752,1.03568,3.7227e-04
3342,27377664,3.86794,1.03386,3.7209e-04
3343,27385856,3.94070,1.03444,3.7191e-04
3344,27394048,3.95889,1.03431,3.7174e-04
3345,27402240,4.10583,1.03578,3.7156e-04
3346,27410432,3.87157,1.03258,3.7139e-04
3347,27418624,3.88531,1.03553,3.7121e-04
3348,27426816,3.96982,1.03426,3.7103e-04
3349,27435008,3.89870,1.03392,3.7086e-04
3350,27443200,3.95751,1.03389,3.7068e-04
3351,27451392,3.85490,1.03758,3.7051e-04
3352,27459584,3.93826,1.03105,3.7033e-04
3353,27467776,3.82148,1.03312,3.7015e-04
3354,27475968,3.90454,1.03468,3.6998e-04
3355,27484160,3.93654,1.03194,3.6980e-04
3356,27492352,4.00040,1.03011,3.6963e-04
3357,27500544,3.84988,1.03694,3.6945e-04
3358,27508736,3.68207,1.04018,3.6928e-04
3359,27516928,3.83569,1.03528,3.6910e-04
3360,27525120,3.78594,1.03306,3.6892e-04
3361,27533312,3.98179,1.03661,3.6875e-04
3362,27541504,3.86588,1.03387,3.6857e-04
3363,27549696,3.86951,1.03805,3.6840e-04
3364,27557888,3.87171,1.03883,3.6822e-04
3365,27566080,3.85653,1.03972,3.6804e-04
3366,27574272,3.74095,1.03498,3.6787e-04
3367,27582464,3.84809,1.03462,3.6769e-04
3368,27590656,3.93239,1.03323,3.6752e-04
3369,27598848,3.84167,1.03037,3.6734e-04
3370,27607040,3.78062,1.03614,3.6717e-04
3371,27615232,3.99058,1.03319,3.6699e-04
3372,27623424,3.97036,1.02869,3.6681e-04
3373,27631616,3.84321,1.03166,3.6664e-04
3374,27639808,3.91997,1.03156,3.6646e-04
3375,27648000,3.90153,1.03051,3.6629e-04
3376,27656192,3.89036,1.03982,3.6611e-04
3377,27664384,3.90356,1.03474,3.6594e-04
3378,27672576,3.80388,1.03418,3.6576e-04
3379,27680768,3.93017,1.03509,3.6559e-04
3380,27688960,3.88322,1.03212,3.6541e-04
3381,27697152,3.98295,1.03468,3.6523e-04
3382,27705344,3.96085,1.02864,3.6506e-04
3383,27713536,3.81350,1.03037,3.6488e-04
3384,27721728,3.88010,1.03065,3.6471e-04
3385,27729920,3.67974,1.03087,3.6453e-04
3386,27738112,3.85745,1.03306,3.6436e-04
3387,27746304,3.91398,1.02823,3.6418e-04
3388,27754496,3.94944,1.03026,3.6401e-04
3389,27762688,4.11040,1.03148,3.6383e-04
3390,27770880,3.95509,1.03121,3.6366e-04
3391,27779072,4.07903,1.03488,3.6348e-04
3392,27787264,4.13559,1.03530,3.6330e-04
3393,27795456,3.89395,1.03199,3.6313e-04
3394,27803648,3.90474,1.03094,3.6295e-04
3395,27811840,3.83546,1.03657,3.6278e-04
3396,27820032,4.00234,1.03172,3.6260e-04
3397,27828224,3.75741,1.03547,3.6243e-04
3398,27836416,3.71481,1.03592,3.6225e-04
3399,27844608,3.86287,1.03205,3.6208e-04
3400,27852800,3.94413,1.03773,3.6190e-04
3401,27860992,3.95095,1.03358,3.6173e-04
3402,27869184,3.94038,1.03653,3.6155e-04
3403,27877376,3.87249,1.03645,3.6138e-04
3404,27885568,3.92605,1.03255,3.6120e-04
3405,27893760,3.88340,1.02901,3.6103e-04
3406,27901952,3.83522,1.03154,3.6085e-04
3407,27910144,3.93412,1.03455,3.6068e-04
3408,27918336,3.90085,1.03246,3.6050e-04
3409,27926528,3.98158,1.03627,3.6033e-04
3410,27934720,3.91761,1.03548,3.6015e-04
3411,27942912,3.83017,1.03307,3.5997e-04
3412,27951104,3.93687,1.03252,3.5980e-04
3413,27959296,3.94452,1.03208,3.5962e-04
3414,27967488,3.95249,1.03442,3.5945e-04
3415,27975680,3.94421,1.03216,3.5927e-04
3416,27983872,3.86486,1.02802,3.5910e-04
3417,27992064,3.99153,1.03165,3.5892e-04
3418,28000256,4.06797,1.03201,3.5875e-04
3419,28008448,3.78048,1.03262,3.5857e-04
3420,28016640,3.89781,1.03196,3.5840e-04
3421,28024832,3.78583,1.03145,3.5822e-04
3422,28033024,3.86783,1.03119,3.5805e-04
3423,28041216,3.85215,1.02857,3.5787e-04
3424,28049408,3.85250,1.03284,3.5770e-04
3425,28057600,3.91300,1.03434,3.5752e-04
3426,28065792,3.75341,1.03108,3.5735e-04
3427,28073984,3.82297,1.03394,3.5717e-04
3428,28082176,3.81116,1.03009,3.5700e-04
3429,28090368,4.01487,1.03161,3.5683e-04
3430,28098560,3.89476,1.03516,3.5665e-04
3431,28106752,3.88120,1.02973,3.5648e-04
3432,28114944,3.86391,1.04075,3.5630e-04
3433,28123136,3.86844,1.03255,3.5613e-04
3434,28131328,3.83830,1.03325,3.5595e-04
3435,28139520,4.02874,1.03309,3.5578e-04
3436,28147712,4.00514,1.03469,3.5560e-04
3437,28155904,3.84401,1.03921,3.5543e-04
3438,28164096,3.86418,1.02818,3.5525e-04
3439,28172288,3.92798,1.03458,3.5508e-04
3440,28180480,3.87537,1.03545,3.5490e-04
3441,28188672,3.97959,1.03682,3.5473e-04
3442,28196864,3.90492,1.03489,3.5455e-04
3443,28205056,3.81182,1.03960,3.5438e-04
3444,28213248,3.86207,1.03421,3.5420e-04
3445,28221440,3.84304,1.03665,3.5403e-04
3446,28229632,3.82333,1.03557,3.5385e-04
3447,28237824,3.72065,1.03172,3.5368e-04
3448,28246016,3.88473,1.03367,3.5351e-04
3449,28254208,3.90362,1.02834,3.5333e-04
3450,28262400,3.96776,1.03446,3.5316e-04
3451,28270592,3.87542,1.03164,3.5298e-04
3452,28278784,3.87236,1.03056,3.5281e-04
3453,28286976,3.87642,1.03109,3.5263e-04
3454,28295168,3.72011,1.04103,3.5246e-04
3455,28303360,3.89545,1.03513,3.5228e-04
3456,28311552,3.85329,1.03748,3.5211e-04
3457,28319744,3.85623,1.03577,3.5194e-04
3458,28327936,3.86185,1.03150,3.5176e-04
3459,28336128,3.83633,1.03603,3.5159e-04
3460,28344320,3.93275,1.03722,3.5141e-04
3461,28352512,3.87781,1.03902,3.5124e-04
3462,28360704,3.78271,1.03513,3.5106e-04
3463,28368896,3.91276,1.04223,3.5089e-04
3464,28377088,3.94256,1.03276,3.5072e-04
3465,28385280,3.94978,1.03899,3.5054e-04
3466,28393472,3.95095,1.03693,3.5037e-04
3467,28401664,3.86888,1.04898,3.5019e-04
3468,28409856,3.83431,1.03473,3.5002e-04
3469,28418048,3.85997,1.03747,3.4984e-04
3470,28426240,4.02080,1.04124,3.4967e-04
3471,28434432,3.84048,1.02953,3.4950e-04
3472,28442624,3.89164,1.03948,3.4932e-04
3473,28450816,3.71648,1.04048,3.4915e-04
3474,28459008,3.91446,1.03017,3.4897e-04
3475,28467200,3.84435,1.02887,3.4880e-04
3476,28475392,3.78699,1.02607,3.4863e-04
3477,28483584,3.94124,1.02902,3.4845e-04
3478,28491776,3.90587,1.03202,3.4828e-04
3479,28499968,3.89553,1.02706,3.4810e-04
3480,28508160,3.99409,1.03201,3.4793e-04
3481,28516352,3.86427,1.02779,3.4775e-04
3482,28524544,3.78228,1.03670,3.4758e-04
3483,28532736,3.81667,1.03261,3.4741e-04
3484,28540928,3.80523,1.03111,3.4723e-04
3485,28549120,3.89476,1.03495,3.4706e-04
3486,28557312,3.84436,1.03481,3.4689e-04
3487,28565504,3.83399,1.03189,3.4671e-04
3488,28573696,3.85648,1.03429,3.4654e-04
3489,28581888,3.84244,1.03025,3.4636e-04
3490,28590080,3.77539,1.03620,3.4619e-04
3491,28598272,3.87003,1.03407,3.4602e-04
3492,28606464,3.90348,1.03487,3.4584e-04
3493,28614656,3.90122,1.03536,3.4567e-04
3494,28622848,3.85046,1.03087,3.4549e-04
3495,28631040,3.80329,1.03908,3.4532e-04
3496,28639232,3.66722,1.03667,3.4515e-04
3497,28647424,3.90786,1.03286,3.4497e-04
3498,28655616,3.96478,1.03809,3.4480e-04
3499,28663808,3.71556,1.03455,3.4463e-04
3500,28672000,3.94050,1.03610,3.4445e-04
3501,28680192,3.84930,1.03858,3.4428e-04
3502,28688384,3.87084,1.03482,3.4411e-04
3503,28696576,3.80876,1.03588,3.4393e-04
3504,28704768,3.98839,1.03668,3.4376e-04
3505,28712960,3.74814,1.04347,3.4358e-04
3506,28721152,3.88207,1.03579,3.4341e-04
3507,28729344,3.98923,1.03800,3.4324e-04
3508,28737536,3.88913,1.03417,3.4306e-04
3509,28745728,3.95132,1.03696,3.4289e-04
3510,28753920,3.98312,1.03514,3.4272e-04
3511,28762112,4.11539,1.03872,3.4254e-04
3512,28770304,4.04926,1.03380,3.4237e-04
3513,28778496,3.87084,1.03759,3.4220e-04
3514,28786688,3.75667,1.03389,3.4202e-04
3515,28794880,3.82924,1.03608,3.4185e-04
3516,28803072,3.84913,1.03712,3.4168e-04
3517,28811264,3.80585,1.03521,3.4150e-04
3518,28819456,3.74791,1.03656,3.4133e-04
3519,28827648,3.86844,1.03274,3.4116e-04
3520,28835840,3.85922,1.03792,3.4098e-04
3521,28844032,3.96927,1.04075,3.4081e-04
3522,28852224,3.77768,1.04262,3.4064e-04
3523,28860416,3.77359,1.03426,3.4046e-04
3524,28868608,3.83015,1.03774,3.4029e-04
3525,28876800,3.77081,1.04078,3.4012e-04
3526,28884992,3.76485,1.03628,3.3994e-04
3527,28893184,3.83040,1.03891,3.3977e-04
3528,28901376,3.86038,1.03785,3.3960e-04
3529,28909568,3.99243,1.04112,3.3943e-04
3530,28917760,3.74872,1.03678,3.3925e-04
3531,28925952,3.66541,1.04071,3.3908e-04
3532,28934144,3.83073,1.03796,3.3891e-04
3533,28942336,3.84742,1.03605,3.3873e-04
3534,28950528,3.88138,1.03671,3.3856e-04
3535,28958720,3.83565,1.03869,3.3839e-04
3536,28966912,3.84509,1.03767,3.3821e-04
3537,28975104,3.79609,1.05381,3.3804e-04
3538,28983296,3.70234,1.03976,3.3787e-04
3539,28991488,3.85323,1.03604,3.3770e-04
3540,28999680,4.00599,1.03757,3.3752e-04
3541,29007872,3.94900,1.03552,3.3735e-04
3542,29016064,3.76375,1.03355,3.3718e-04
3543,29024256,4.05219,1.04175,3.3700e-04
3544,29032448,4.02292,1.03202,3.3683e-04
3545,29040640,3.82611,1.03366,3.3666e-04
3546,29048832,3.79995,1.03121,3.3649e-04
3547,29057024,3.88508,1.03193,3.3631e-04
3548,29065216,3.94991,1.03303,3.3614e-04
3549,29073408,3.94599,1.03128,3.3597e-04
3550,29081600,3.99430,1.03101,3.3580e-04
3551,29089792,3.80366,1.02911,3.3562e-04
3552,29097984,3.85000,1.02850,3.3545e-04
3553,29106176,3.79234,1.03530,3.3528e-04
3554,29114368,3.74916,1.03465,3.3510e-04
3555,29122560,3.71074,1.03503,3.3493e-04
3556,29130752,3.74747,1.03988,3.3476e-04
3557,29138944,3.84557,1.03068,3.3459e-04
3558,29147136,3.85567,1.03772,3.3441e-04
3559,29155328,3.83026,1.03226,3.3424e-04
3560,29163520,3.81638,1.03749,3.3407e-04
3561,29171712,3.82345,1.03636,3.3390e-04
3562,29179904,3.79533,1.03766,3.3373e-04
3563,29188096,3.92773,1.03609,3.3355e-04
3564,29196288,3.86228,1.03549,3.3338e-04
3565,29204480,3.78706,1.03602,3.3321e-04
3566,29212672,3.74350,1.03747,3.3304e-04
3567,29220864,3.86081,1.04062,3.3286e-04
3568,29229056,3.88487,1.03034,3.3269e-04
3569,29237248,3.91740,1.02875,3.3252e-04
3570,29245440,3.92440,1.03640,3.3235e-04
3571,29253632,3.95304,1.03580,3.3217e-04
3572,29261824,3.83492,1.03344,3.3200e-04
3573,29270016,3.81960,1.03488,3.3183e-04
3574,29278208,3.85707,1.03026,3.3166e-04
3575,29286400,3.79697,1.03230,3.3149e-04
3576,29294592,3.96221,1.03118,3.3131e-04
3577,29302784,3.95919,1.03573,3.3114e-04
3578,29310976,3.84110,1.03222,3.3097e-04
3579,29319168,4.05420,1.03030,3.3080e-04
3580,29327360,3.88225,1.03020,3.3063e-04
3581,29335552,3.73411,1.03135,3.3045e-04
3582,29343744,3.88960,1.03308,3.3028e-04
3583,29351936,3.98319,1.03243,3.3011e-04
3584,29360128,3.85912,1.03005,3.2994e-04
3585,29368320,3.85190,1.03366,3.2977e-04
3586,29376512,3.79056,1.03679,3.2959e-04
3587,29384704,3.93708,1.04119,3.2942e-04
3588,29392896,3.82509,1.03440,3.2925e-04
3589,29401088,3.80319,1.02961,3.2908e-04
3590,29409280,4.01823,1.03194,3.2891e-04
3591,29417472,3.76431,1.03515,3.2874e-04
3592,29425664,3.82496,1.03262,3.2856e-04
3593,29433856,3.88066,1.02996,3.2839e-04
3594,29442048,3.87426,1.03075,3.2822e-04
3595,29450240,3.88120,1.03765,3.2805e-04
3596,29458432,3.73929,1.03712,3.2788e-04
3597,29466624,3.83059,1.03954,3.2771e-04
3598,29474816,3.95738,1.03977,3.2753e-04
3599,29483008,3.87218,1.03887,3.2736e-04
3600,29491200,3.94810,1.04078,3.2719e-04
3601,29499392,3.83982,1.03716,3.2702e-04
3602,29507584,3.76808,1.03637,3.2685e-04
3603,29515776,3.94029,1.03778,3.2668e-04
3604,29523968,3.86814,1.03788,3.2650e-04
3605,29532160,3.86281,1.03857,3.2633e-04
3606,29540352,3.93679,1.03770,3.2616e-04
3607,29548544,3.95454,1.03618,3.2599e-04
3608,29556736,3.87096,1.03486,3.2582e-04
3609,29564928,3.85778,1.03314,3.2565e-04
3610,29573120,3.79826,1.03392,3.2548e-04
3611,29581312,3.85980,1.03530,3.2531e-04
3612,29589504,3.97765,1.03362,3.2513e-04
3613,29597696,3.83899,1.03688,3.2496e-04
3614,29605888,3.88613,1.03405,3.2479e-04
3615,29614080,3.84596,1.03267,3.2462e-04
3616,29622272,3.80537,1.03633,3.2445e-04
3617,29630464,3.90156,1.03350,3.2428e-04
3618,29638656,3.85508,1.03598,3.2411e-04
3619,29646848,3.64895,1.03092,3.2394e-04
3620,29655040,3.80123,1.02964,3.2377e-04
3621,29663232,3.82215,1.03757,3.2359e-04
3622,29671424,3.79509,1.03478,3.2342e-04
3623,29679616,3.64657,1.03413,3.2325e-04
3624,29687808,3.89338,1.02562,3.2308e-04
3625,29696000,3.73226,1.02606,3.2291e-04
3626,29704192,3.82442,1.03025,3.2274e-04
3627,29712384,3.86800,1.02922,3.2257e-04
3628,29720576,3.78739,1.03148,3.2240e-04
3629,29728768,3.83532,1.04347,3.2223e-04
3630,29736960,3.77865,1.03747,3.2206e-04
3631,29745152,3.87381,1.03584,3.2189e-04
3632,29753344,3.85654,1.03662,3.2171e-04
3633,29761536,3.78320,1.03357,3.2154e-04
3634,29769728,3.79572,1.03266,3.2137e-04
3635,29777920,3.70545,1.03787,3.2120e-04
3636,29786112,3.82434,1.03415,3.2103e-04
3637,29794304,3.83025,1.03429,3.2086e-04
3638,29802496,3.78360,1.03321,3.2069e-04
3639,29810688,3.81352,1.03573,3.2052e-04
3640,29818880,3.67640,1.03931,3.2035e-04
3641,29827072,3.87652,1.03235,3.2018e-04
3642,29835264,3.83421,1.03522,3.2001e-04
3643,29843456,3.91264,1.03392,3.1984e-04
3644,29851648,3.95575,1.03366,3.1967e-04
3645,29859840,3.85965,1.03690,3.1950e-04
3646,29868032,3.62020,1.03812,3.1933e-04
3647,29876224,3.78446,1.03960,3.1916e-04
3648,29884416,3.63042,1.03574,3.1899e-04
3649,29892608,3.93634,1.03867,3.1882e-04
3650,29900800,3.85673,1.04000,3.1865e-04
3651,29908992,3.87478,1.03789,3.1847e-04
3652,29917184,3.70751,1.03703,3.1830e-04
3653,29925376,4.01588,1.04036,3.1813e-04
3654,29933568,3.93510,1.03558,3.1796e-04
3655,29941760,3.78673,1.03852,3.1779e-04
3656,29949952,3.94342,1.03857,3.1762e-04
3657,29958144,3.85611,1.04000,3.1745e-04
3658,29966336,3.76450,1.03793,3.1728e-04
3659,29974528,3.85450,1.03399,3.1711e-04
3660,29982720,3.76727,1.03735,3.1694e-04
3661,29990912,3.82143,1.03566,3.1677e-04
3662,29999104,3.89145,1.04234,3.1660e-04
3663,30007296,3.87853,1.03742,3.1643e-04
3664,30015488,3.76414,1.03658,3.1626e-04
3665,30023680,3.81025,1.03700,3.1609e-04
3666,30031872,3.82751,1.03678,3.1592e-04
3667,30040064,3.81294,1.03456,3.1575e-04
3668,30048256,3.86674,1.04057,3.1558e-04
3669,30056448,3.77321,1.03192,3.1541e-04
3670,30064640,3.83688,1.02831,3.1524e-04
3671,30072832,3.73187,1.04035,3.1508e-04
3672,30081024,3.65257,1.03835,3.1491e-04
3673,30089216,3.82117,1.03248,3.1474e-04
3674,30097408,3.83449,1.03276,3.1457e-04
3675,30105600,3.84691,1.03641,3.1440e-04
3676,30113792,3.83619,1.04000,3.1423e-04
3677,30121984,3.82558,1.03916,3.1406e-04
3678,30130176,3.87287,1.03369,3.1389e-04
3679,30138368,3.83646,1.03755,3.1372e-04
3680,30146560,3.91019,1.03762,3.1355e-04
3681,30154752,3.69454,1.03650,3.1338e-04
3682,30162944,3.98830,1.03958,3.1321e-04
3683,30171136,3.80342,1.03350,3.1304e-04
3684,30179328,3.89468,1.03333,3.1287e-04
3685,30187520,3.78175,1.03301,3.1270e-04
3686,30195712,3.90704,1.02922,3.1253e-04
3687,30203904,3.88311,1.02843,3.1236e-04
3688,30212096,3.87994,1.02940,3.1219e-04
3689,30220288,3.85426,1.03036,3.1202e-04
3690,30228480,3.85906,1.03146,3.1186e-04
3691,30236672,3.83505,1.02936,3.1169e-04
3692,30244864,3.64162,1.03652,3.1152e-04
3693,30253056,3.78356,1.03213,3.1135e-04
3694,30261248,3.91242,1.03191,3.1118e-04
3695,30269440,3.79668,1.03086,3.1101e-04
3696,30277632,3.79846,1.03668,3.1084e-04
3697,30285824,3.83603,1.03993,3.1067e-04
3698,30294016,3.80705,1.03432,3.1050e-04
3699,30302208,3.72446,1.03095,3.1033e-04
3700,30310400,3.81820,1.03443,3.1016e-04
3701,30318592,3.85603,1.03154,3.1000e-04
3702,30326784,3.82128,1.03457,3.0983e-04
3703,30334976,3.77881,1.03249,3.0966e-04
3704,30343168,3.74936,1.02886,3.0949e-04
3705,30351360,3.75165,1.03234,3.0932e-04
3706,30359552,3.78291,1.03447,3.0915e-04
3707,30367744,3.76330,1.03055,3.0898e-04
3708,30375936,3.73629,1.03423,3.0881e-04
3709,30384128,3.84609,1.03606,3.0865e-04
3710,30392320,3.86124,1.04103,3.0848e-04
3711,30400512,3.80965,1.03487,3.0831e-04
3712,30408704,3.90189,1.03565,3.0814e-04
3713,30416896,3.87100,1.03782,3.0797e-04
3714,30425088,3.78173,1.03246,3.0780e-04
3715,30433280,3.94302,1.03702,3.0763e-04
3716,30441472,3.92053,1.04069,3.0747e-04
3717,30449664,3.89998,1.03483,3.0730e-04
3718,30457856,3.73115,1.04508,3.0713e-04
3719,30466048,3.97038,1.03421,3.0696e-04
3720,30474240,3.65396,1.04076,3.0679e-04
3721,30482432,3.79693,1.03820,3.0662e-04
3722,30490624,3.93407,1.03672,3.0645e-04
3723,30498816,3.80954,1.04069,3.0629e-04
3724,30507008,3.70546,1.03790,3.0612e-04
3725,30515200,3.81227,1.04010,3.0595e-04
3726,30523392,3.98089,1.03632,3.0578e-04
3727,30531584,3.78461,1.03489,3.0561e-04
3728,30539776,3.89335,1.03311,3.0545e-04
3729,30547968,3.84286,1.03404,3.0528e-04
3730,30556160,3.93491,1.03461,3.0511e-04
3731,30564352,3.72049,1.03796,3.0494e-04
3732,30572544,3.91041,1.03518,3.0477e-04
3733,30580736,3.73766,1.03211,3.0461e-04
3734,30588928,3.89642,1.03267,3.0444e-04
3735,30597120,3.82150,1.03576,3.0427e-04
3736,30605312,3.92326,1.02903,3.0410e-04
3737,30613504,3.91367,1.03182,3.0393e-04
3738,30621696,3.84728,1.03111,3.0377e-04
3739,30629888,3.84851,1.03358,3.0360e-04
3740,30638080,3.74315,1.03698,3.0343e-04
3741,30646272,3.90741,1.03440,3.0326e-04
3742,30654464,3.78720,1.03682,3.0309e-04
3743,30662656,3.90838,1.03551,3.0293e-04
3744,30670848,4.00680,1.03235,3.0276e-04
3745,30679040,3.78880,1.03761,3.0259e-04
3746,30687232,3.83299,1.03281,3.0242e-04
3747,30695424,3.77647,1.03027,3.0226e-04
3748,30703616,3.69165,1.03117,3.0209e-04
3749,30711808,3.69308,1.03623,3.0192e-04
3750,30720000,3.67036,1.04270,3.0175e-04
3751,30728192,3.95834,1.03440,3.0159e-04
3752,30736384,3.86777,1.03258,3.0142e-04
3753,30744576,3.87152,1.03619,3.0125e-04
3754,30752768,3.56327,1.03598,3.0108e-04
3755,30760960,3.84149,1.03071,3.0092e-04
3756,30769152,3.82798,1.03173,3.0075e-04
3757,30777344,3.91423,1.03361,3.0058e-04
3758,30785536,3.81705,1.03508,3.0042e-04
3759,30793728,3.87656,1.03566,3.0025e-04
3760,30801920,3.86914,1.03304,3.0008e-04
3761,30810112,3.78555,1.03296,2.9991e-04
3762,30818304,3.84848,1.03340,2.9975e-04
3763,30826496,3.90595,1.03141,2.9958e-04
3764,30834688,3.87758,1.03390,2.9941e-04
3765,30842880,3.84551,1.03060,2.9925e-04
3766,30851072,3.90513,1.03356,2.9908e-04
3767,30859264,3.74865,1.03706,2.9891e-04
3768,30867456,3.91083,1.03270,2.9874e-04
3769,30875648,3.87384,1.03690,2.9858e-04
3770,30883840,3.88974,1.03547,2.9841e-04
3771,30892032,3.78545,1.03556,2.9824e-04
3772,30900224,3.78046,1.03438,2.9808e-04
3773,30908416,3.82506,1.03857,2.9791e-04
3774,30916608,4.00343,1.03355,2.9774e-04
3775,30924800,3.86775,1.03570,2.9758e-04
3776,30932992,3.87738,1.03346,2.9741e-04
3777,30941184,3.89464,1.03536,2.9724e-04
3778,30949376,3.68022,1.03663,2.9708e-04
3779,30957568,3.73325,1.03999,2.9691e-04
3780,30965760,3.95320,1.03384,2.9674e-04
3781,30973952,3.82069,1.03647,2.9658e-04
3782,30982144,3.94212,1.03742,2.9641e-04
3783,30990336,3.82079,1.03962,2.9624e-04
3784,30998528,3.73373,1.03690,2.9608e-04
3785,31006720,3.79363,1.04066,2.9591e-04
3786,31014912,3.71688,1.03502,2.9575e-04
3787,31023104,3.80683,1.03502,2.9558e-04
3788,31031296,3.91894,1.04052,2.9541e-04
3789,31039488,3.83465,1.03269,2.9525e-04
3790,31047680,3.71616,1.03519,2.9508e-04
3791,31055872,3.68393,1.03812,2.9491e-04
3792,31064064,3.94579,1.03863,2.9475e-04
3793,31072256,3.98139,1.03700,2.9458e-04
3794,31080448,3.91768,1.03723,2.9442e-04
3795,31088640,3.83601,1.03826,2.9425e-04
3796,31096832,3.98592,1.03781,2.9408e-04
3797,31105024,3.76619,1.03475,2.9392e-04
3798,31113216,3.89493,1.03387,2.9375e-04
3799,31121408,3.77829,1.03303,2.9359e-04
3800,31129600,3.88717,1.03577,2.9342e-04
3801,31137792,3.72285,1.03387,2.9325e-04
3802,31145984,3.80714,1.03563,2.9309e-04
3803,31154176,3.65319,1.03931,2.9292e-04
3804,31162368,3.74607,1.03829,2.9276e-04
3805,31170560,3.74319,1.03455,2.9259e-04
3806,31178752,3.91804,1.03733,2.9243e-04
3807,31186944,3.86511,1.03375,2.9226e-04
3808,31195136,3.77043,1.03549,2.9209e-04
3809,31203328,3.85654,1.03726,2.9193e-04
3810,31211520,3.80881,1.03318,2.9176e-04
3811,31219712,3.86327,1.03267,2.9160e-04
3812,31227904,3.92426,1.03389,2.9143e-04
3813,31236096,3.78247,1.03598,2.9127e-04
3814,31244288,3.69151,1.03487,2.9110e-04
3815,31252480,3.79985,1.03610,2.9094e-04
3816,31260672,3.68774,1.03652,2.9077e-04
3817,31268864,3.75827,1.03536,2.9061e-04
3818,31277056,3.87227,1.03771,2.9044e-04
3819,31285248,3.76306,1.03277,2.9027e-04
3820,31293440,3.88838,1.03350,2.9011e-04
3821,31301632,3.75681,1.03637,2.8994e-04
3822,31309824,3.82662,1.03351,2.8978e-04
3823,31318016,3.67916,1.03287,2.8961e-04
3824,31326208,3.73789,1.03206,2.8945e-04
3825,31334400,3.71845,1.03585,2.8928e-04
3826,31342592,3.82396,1.03359,2.8912e-04
3827,31350784,3.79669,1.03417,2.8895e-04
3828,31358976,3.80629,1.03447,2.8879e-04
3829,31367168,3.89998,1.03188,2.8862e-04
3830,31375360,3.74365,1.03243,2.8846e-04
3831,31383552,3.80764,1.03160,2.8829e-04
3832,31391744,3.67416,1.03226,2.8813e-04
3833,31399936,3.71973,1.03158,2.8796e-04
3834,31408128,3.76807,1.03314,2.8780e-04
3835,31416320,3.72968,1.03367,2.8764e-04
3836,31424512,3.63104,1.03901,2.8747e-04
3837,31432704,3.50349,1.03638,2.8731e-04
3838,31440896,3.71997,1.03703,2.8714e-04
3839,31449088,3.89237,1.02728,2.8698e-04
3840,31457280,3.92034,1.03006,2.8681e-04
3841,31465472,3.76438,1.02986,2.8665e-04
3842,31473664,3.63012,1.03128,2.8648e-04
3843,31481856,3.83445,1.03456,2.8632e-04
3844,31490048,3.85771,1.03229,2.8615e-04
3845,31498240,3.91122,1.03044,2.8599e-04
3846,31506432,3.89631,1.03402,2.8583e-04
3847,31514624,3.83899,1.03347,2.8566e-04
3848,31522816,3.77046,1.03214,2.8550e-04
3849,31531008,3.86182,1.03913,2.8533e-04
3850,31539200,3.92428,1.03629,2.8517e-04
3851,31547392,3.77310,1.03186,2.8500e-04
3852,31555584,3.67991,1.03568,2.8484e-04
3853,31563776,3.78542,1.03730,2.8468e-04
3854,31571968,3.87896,1.03518,2.8451e-04
3855,31580160,3.84590,1.03876,2.8435e-04
3856,31588352,3.68682,1.03017,2.8418e-04
3857,31596544,3.77565,1.03279,2.8402e-04
3858,31604736,3.82602,1.03416,2.8386e-04
3859,31612928,3.83192,1.03561,2.8369e-04
3860,31621120,3.86166,1.03678,2.8353e-04
3861,31629312,3.73668,1.03237,2.8336e-04
3862,31637504,3.72215,1.03174,2.8320e-04
3863,31645696,3.96800,1.03514,2.8304e-04
3864,31653888,3.78755,1.02844,2.8287e-04
3865,31662080,3.82815,1.03411,2.8271e-04
3866,31670272,3.82723,1.03260,2.8255e-04
3867,31678464,3.81633,1.03458,2.8238e-04
3868,31686656,3.82551,1.03080,2.8222e-04
3869,31694848,3.68071,1.03388,2.8206e-04
3870,31703040,3.71709,1.02868,2.8189e-04
3871,31711232,3.95988,1.03167,2.8173e-04
3872,31719424,3.90590,1.03181,2.8157e-04
3873,31727616,3.70709,1.02903,2.8140e-04
3874,31735808,3.86679,1.02599,2.8124e-04
3875,31744000,3.85137,1.03045,2.8108e-04
3876,31752192,3.83412,1.02597,2.8091e-04
3877,31760384,3.72523,1.03145,2.8075e-04
3878,31768576,3.84941,1.02572,2.8059e-04
3879,31776768,3.83603,1.03097,2.8042e-04
3880,31784960,3.71594,1.02304,2.8026e-04
3881,31793152,3.74842,1.03187,2.8010e-04
3882,31801344,3.86316,1.02905,2.7993e-04
3883,31809536,3.65327,1.03853,2.7977e-04
3884,31817728,3.75356,1.02939,2.7961e-04
3885,31825920,3.81109,1.03967,2.7944e-04
3886,31834112,3.64054,1.03994,2.7928e-04
3887,31842304,3.75700,1.03805,2.7912e-04
3888,31850496,3.73143,1.04424,2.7896e-04
3889,31858688,3.67732,1.04238,2.7879e-04
3890,31866880,3.78336,1.03814,2.7863e-04
3891,31875072,3.76309,1.04275,2.7847e-04
3892,31883264,3.82417,1.04901,2.7830e-04
3893,31891456,3.82370,1.03754,2.7814e-04
3894,31899648,3.70602,1.03661,2.7798e-04
3895,31907840,3.76503,1.03834,2.7782e-04
3896,31916032,4.00657,1.03797,2.7765e-04
3897,31924224,3.78239,1.03563,2.7749e-04
3898,31932416,3.85802,1.03710,2.7733e-04
3899,31940608,3.76456,1.02975,2.7717e-04
3900,31948800,3.72946,1.03657,2.7700e-04
3901,31956992,3.90235,1.03350,2.7684e-04
3902,31965184,3.83031,1.03153,2.7668e-04
3903,31973376,3.78178,1.03897,2.7652e-04
3904,31981568,3.80210,1.03091,2.7636e-04
3905,31989760,3.68264,1.03959,2.7619e-04
3906,31997952,3.90942,1.02893,2.7603e-04
3907,32006144,3.73385,1.03326,2.7587e-04
3908,32014336,3.78018,1.03119,2.7571e-04
3909,32022528,3.61405,1.02988,2.7554e-04
3910,32030720,3.82535,1.03578,2.7538e-04
3911,32038912,3.87947,1.03439,2.7522e-04
3912,32047104,3.72919,1.04275,2.7506e-04
3913,32055296,3.76940,1.03689,2.7490e-04
3914,32063488,3.79010,1.03401,2.7474e-04
3915,32071680,3.67822,1.03370,2.7457e-04
3916,32079872,3.70669,1.03233,2.7441e-04
3917,32088064,3.82593,1.03483,2.7425e-04
3918,32096256,3.91958,1.03560,2.7409e-04
3919,32104448,3.82456,1.03499,2.7393e-04
3920,32112640,3.78998,1.03241,2.7376e-04
3921,32120832,3.70958,1.03188,2.7360e-04
3922,32129024,3.77223,1.03257,2.7344e-04
3923,32137216,3.85449,1.03566,2.7328e-04
3924,32145408,3.59396,1.04732,2.7312e-04
3925,32153600,3.86828,1.03445,2.7296e-04
3926,32161792,3.83351,1.03404,2.7280e-04
3927,32169984,3.90914,1.03519,2.7263e-04
3928,32178176,3.69357,1.03931,2.7247e-04
3929,32186368,3.60783,1.03809,2.7231e-04
3930,32194560,3.75717,1.03677,2.7215e-04
3931,32202752,3.91388,1.03390,2.7199e-04
3932,32210944,3.74281,1.03477,2.7183e-04
3933,32219136,3.73564,1.03628,2.7167e-04
3934,32227328,3.81002,1.03346,2.7151e-04
3935,32235520,3.76592,1.03153,2.7135e-04
3936,32243712,3.87682,1.03397,2.7118e-04
3937,32251904,3.89358,1.03158,2.7102e-04
3938,32260096,3.84784,1.03635,2.7086e-04
3939,32268288,3.60666,1.04365,2.7070e-04
3940,32276480,3.63684,1.03248,2.7054e-04
3941,32284672,3.79288,1.03332,2.7038e-04
3942,32292864,3.74152,1.03744,2.7022e-04
3943,32301056,3.73812,1.03850,2.7006e-04
3944,32309248,3.62234,1.03790,2.6990e-04
3945,32317440,3.78731,1.03651,2.6974e-04
3946,32325632,3.78439,1.02901,2.6958e-04
3947,32333824,3.69693,1.03688,2.6942e-04
3948,32342016,3.84336,1.03480,2.6926e-04
3949,32350208,3.95487,1.03097,2.6909e-04
3950,32358400,3.95868,1.03563,2.6893e-04
3951,32366592,3.76013,1.03490,2.6877e-04
3952,32374784,3.70851,1.03784,2.6861e-04
3953,32382976,3.84970,1.03284,2.6845e-04
3954,32391168,3.76779,1.03475,2.6829e-04
3955,32399360,3.73440,1.03438,2.6813e-04
3956,32407552,3.77696,1.03638,2.6797e-04
3957,32415744,3.78258,1.03997,2.6781e-04
3958,32423936,3.75540,1.03639,2.6765e-04
3959,32432128,3.71962,1.03170,2.6749e-04
3960,32440320,3.86161,1.04238,2.6733e-04
3961,32448512,3.85888,1.03737,2.6717e-04
3962,32456704,3.63591,1.03353,2.6701e-04
3963,32464896,3.82631,1.03661,2.6685e-04
3964,32473088,3.76498,1.03369,2.6669e-04
3965,32481280,3.85303,1.03339,2.6653e-04
3966,32489472,3.81318,1.04216,2.6637e-04
3967,32497664,3.77149,1.03964,2.6621e-04
3968,32505856,3.57529,1.03497,2.6605e-04
3969,32514048,3.85036,1.03422,2.6589e-04
3970,32522240,3.76739,1.03093,2.6573e-04
3971,32530432,3.94426,1.02994,2.6557e-04
3972,32538624,3.74166,1.03900,2.6541e-04
3973,32546816,3.91576,1.03338,2.6525e-04
3974,32555008,3.78952,1.03288,2.6510e-04
3975,32563200,3.78215,1.03174,2.6494e-04
3976,32571392,3.87597,1.02663,2.6478e-04
3977,32579584,3.87934,1.03184,2.6462e-04
3978,32587776,3.77838,1.02910,2.6446e-04
3979,32595968,3.64350,1.03027,2.6430e-04
3980,32604160,3.77915,1.03229,2.6414e-04
3981,32612352,3.85323,1.03284,2.6398e-04
3982,32620544,3.71297,1.04191,2.6382e-04
3983,32628736,3.84949,1.03082,2.6366e-04
3984,32636928,3.65459,1.03627,2.6350e-04
3985,32645120,3.80133,1.03229,2.6334e-04
3986,32653312,3.77649,1.04136,2.6318e-04
3987,32661504,3.83314,1.03936,2.6303e-04
3988,32669696,3.73855,1.03104,2.6287e-04
3989,32677888,3.74339,1.03295,2.6271e-04
3990,32686080,3.76702,1.03810,2.6255e-04
3991,32694272,3.79448,1.03101,2.6239e-04
3992,32702464,3.84687,1.03665,2.6223e-04
3993,32710656,3.82254,1.03280,2.6207e-04
3994,32718848,3.70419,1.03151,2.6191e-04
3995,32727040,3.51881,1.03925,2.6176e-04
3996,32735232,3.64819,1.03378,2.6160e-04
3997,32743424,3.85462,1.03116,2.6144e-04
3998,32751616,3.79140,1.03805,2.6128e-04
3999,32759808,3.85546,1.03256,2.6112e-04
4000,32768000,4.02548,1.03553,2.6096e-04
4001,32776192,3.61461,1.03573,2.6080e-04
4002,32784384,3.85461,1.04365,2.6065e-04
4003,32792576,3.66481,1.04240,2.6049e-04
4004,32800768,3.72465,1.04667,2.6033e-04
4005,32808960,3.74888,1.04047,2.6017e-04
4006,32817152,3.67014,1.03553,2.6001e-04
4007,32825344,3.86279,1.04008,2.5986e-04
4008,32833536,3.84743,1.03419,2.5970e-04
4009,32841728,3.87378,1.03610,2.5954e-04
4010,32849920,3.81927,1.03351,2.5938e-04
4011,32858112,3.84823,1.03331,2.5922e-04
4012,32866304,3.87761,1.03344,2.5907e-04
4013,32874496,3.70377,1.03360,2.5891e-04
4014,32882688,3.84207,1.03310,2.5875e-04
4015,32890880,3.74238,1.03614,2.5859e-04
4016,32899072,3.76347,1.03393,2.5843e-04
4017,32907264,3.79860,1.03164,2.5828e-04
4018,32915456,3.79085,1.03031,2.5812e-04
4019,32923648,3.81020,1.03662,2.5796e-04
4020,32931840,3.73836,1.03219,2.5780e-04
4021,32940032,3.80564,1.02976,2.5765e-04
4022,32948224,3.84377,1.03206,2.5749e-04
4023,32956416,3.77803,1.02810,2.5733e-04
4024,32964608,3.65558,1.02900,2.5717e-04
4025,32972800,3.77315,1.02898,2.5702e-04
4026,32980992,3.79474,1.03217,2.5686e-04
4027,32989184,3.92048,1.02921,2.5670e-04
4028,32997376,3.94646,1.03607,2.5654e-04
4029,33005568,3.94871,1.03114,2.5639e-04
4030,33013760,3.73531,1.03261,2.5623e-04
4031,33021952,3.74058,1.03226,2.5607e-04
4032,33030144,3.86036,1.03325,2.5592e-04
4033,33038336,3.74311,1.02957,2.5576e-04
4034,33046528,3.67854,1.03019,2.5560e-04
4035,33054720,3.84538,1.03533,2.5544e-04
4036,33062912,3.76589,1.03097,2.5529e-04
4037,33071104,3.82075,1.03358,2.5513e-04
4038,33079296,3.79269,1.03147,2.5497e-04
4039,33087488,3.81254,1.03689,2.5482e-04
4040,33095680,3.86970,1.03305,2.5466e-04
4041,33103872,3.76338,1.03052,2.5450e-04
4042,33112064,3.71142,1.03014,2.5435e-04
4043,33120256,3.76867,1.03229,2.5419e-04
4044,33128448,3.84945,1.04027,2.5403e-04
4045,33136640,3.70197,1.03523,2.5388e-04
4046,33144832,3.61263,1.03107,2.5372e-04
4047,33153024,3.84131,1.03079,2.5356e-04
4048,33161216,3.80161,1.03069,2.5341e-04
4049,33169408,3.71198,1.03416,2.5325e-04
4050,33177600,3.68093,1.02368,2.5310e-04
4051,33185792,3.87608,1.03029,2.5294e-04
4052,33193984,3.84907,1.03182,2.5278e-04
4053,33202176,3.70740,1.02839,2.5263e-04
4054,33210368,3.73428,1.03218,2.5247e-04
4055,33218560,3.75598,1.02745,2.5232e-04
4056,33226752,3.81518,1.03296,2.5216e-04
4057,33234944,3.77223,1.03138,2.5200e-04
4058,33243136,3.92465,1.03267,2.5185e-04
4059,33251328,3.71189,1.03397,2.5169e-04
4060,33259520,3.85363,1.02994,2.5154e-04
4061,33267712,3.74441,1.03153,2.5138e-04
4062,33275904,3.91605,1.02958,2.5122e-04
4063,33284096,3.80653,1.03973,2.5107e-04
4064,33292288,3.86425,1.03180,2.5091e-04
4065,33300480,3.79303,1.03251,2.5076e-04
4066,33308672,3.89194,1.02916,2.5060e-04
4067,33316864,3.74429,1.02687,2.5045e-04
4068,33325056,3.71021,1.03141,2.5029e-04
4069,33333248,3.67610,1.02681,2.5013e-04
4070,33341440,3.70828,1.03277,2.4998e-04
4071,33349632,3.77375,1.03212,2.4982e-04
4072,33357824,3.80120,1.02740,2.4967e-04
4073,33366016,3.74364,1.02913,2.4951e-04
4074,33374208,3.74837,1.02764,2.4936e-04
4075,33382400,3.73036,1.02849,2.4920e-04
4076,33390592,3.94039,1.02976,2.4905e-04
4077,33398784,3.73651,1.02917,2.4889e-04
4078,33406976,3.75939,1.02813,2.4874e-04
4079,33415168,3.69246,1.02638,2.4858e-04
4080,33423360,3.71539,1.02740,2.4843e-04
4081,33431552,3.58602,1.03043,2.4827e-04
4082,33439744,3.73568,1.02676,2.4812e-04
4083,33447936,3.86914,1.03207,2.4796e-04
4084,33456128,3.87700,1.03224,2.4781e-04
4085,33464320,3.82163,1.02738,2.4765e-04
4086,33472512,3.77487,1.03317,2.4750e-04
4087,33480704,3.75344,1.02914,2.4734e-04
4088,33488896,3.55373,1.03239,2.4719e-04
4089,33497088,3.71572,1.02801,2.4704e-04
4090,33505280,3.80105,1.02902,2.4688e-04
4091,33513472,3.92410,1.03110,2.4673e-04
4092,33521664,3.80257,1.03170,2.4657e-04
4093,33529856,3.80553,1.02572,2.4642e-04
4094,33538048,3.78125,1.02724,2.4626e-04
4095,33546240,3.80817,1.02613,2.4611e-04
4096,33554432,3.66652,1.03098,2.4596e-04
4097,33562624,3.58123,1.03339,2.4580e-04
4098,33570816,3.74525,1.02592,2.4565e-04
4099,33579008,3.73732,1.03092,2.4549e-04
4100,33587200,3.75663,1.02738,2.4534e-04
4101,33595392,3.96252,1.02816,2.4518e-04
4102,33603584,3.84387,1.03093,2.4503e-04
4103,33611776,3.88021,1.02789,2.4488e-04
4104,33619968,3.84696,1.02968,2.4472e-04
4105,33628160,3.69766,1.03402,2.4457e-04
4106,33636352,3.68378,1.03671,2.4442e-04
4107,33644544,3.69581,1.03161,2.4426e-04
4108,33652736,3.74182,1.03378,2.4411e-04
4109,33660928,3.75809,1.03747,2.4395e-04
4110,33669120,3.83684,1.03002,2.4380e-04
4111,33677312,3.77440,1.03149,2.4365e-04
4112,33685504,3.83485,1.02754,2.4349e-04
4113,33693696,3.57334,1.03356,2.4334e-04
4114,33701888,3.66324,1.03560,2.4319e-04
4115,33710080,3.84646,1.03211,2.4303e-04
4116,33718272,3.64983,1.03054,2.4288e-04
4117,33726464,3.87718,1.02664,2.4273e-04
4118,33734656,3.78467,1.03194,2.4257e-04
4119,33742848,3.68924,1.03583,2.4242e-04
4120,33751040,3.78289,1.03364,2.4227e-04
4121,33759232,3.78775,1.03924,2.4212e-04
4122,33767424,3.89098,1.03196,2.4196e-04
4123,33775616,3.82733,1.03612,2.4181e-04
4124,33783808,3.78531,1.03393,2.4166e-04
4125,33792000,3.74326,1.03587,2.4150e-04
4126,33800192,3.71312,1.03866,2.4135e-04
4127,33808384,3.74226,1.03959,2.4120e-04
4128,33816576,3.78945,1.02632,2.4105e-04
4129,33824768,3.84107,1.03189,2.4089e-04
4130,33832960,3.62808,1.03381,2.4074e-04
4131,33841152,3.81222,1.02955,2.4059e-04
4132,33849344,3.73005,1.02959,2.4043e-04
4133,33857536,3.82695,1.03399,2.4028e-04
4134,33865728,3.73011,1.02867,2.4013e-04
4135,33873920,3.74904,1.02950,2.3998e-04
4136,33882112,3.71779,1.03313,2.3982e-04
4137,33890304,3.55942,1.03095,2.3967e-04
4138,33898496,3.80688,1.03237,2.3952e-04
4139,33906688,3.83546,1.03169,2.3937e-04
4140,33914880,3.61799,1.03287,2.3922e-04
4141,33923072,3.93401,1.03376,2.3906e-04
4142,33931264,3.74495,1.02779,2.3891e-04
4143,33939456,3.82075,1.03121,2.3876e-04
4144,33947648,3.64002,1.03307,2.3861e-04
4145,33955840,3.76797,1.03228,2.3846e-04
4146,33964032,3.57371,1.04041,2.3830e-04
4147,33972224,3.75179,1.03503,2.3815e-04
4148,33980416,3.76142,1.02979,2.3800e-04
4149,33988608,3.61995,1.03549,2.3785e-04
4150,33996800,3.65503,1.02526,2.3770e-04
4151,34004992,3.72067,1.02911,2.3755e-04
4152,34013184,3.82223,1.02852,2.3739e-04
4153,34021376,3.70883,1.03346,2.3724e-04
4154,34029568,3.80537,1.03573,2.3709e-04
4155,34037760,3.70178,1.02865,2.3694e-04
4156,34045952,3.81030,1.03113,2.3679e-04
4157,34054144,3.69275,1.03699,2.3664e-04
4158,34062336,3.77925,1.02786,2.3649e-04
4159,34070528,3.62852,1.03438,2.3633e-04
4160,34078720,3.79068,1.03769,2.3618e-04
4161,34086912,3.72475,1.03140,2.3603e-04
4162,34095104,3.74189,1.03490,2.3588e-04
4163,34103296,3.84599,1.03337,2.3573e-04
4164,34111488,3.76815,1.02590,2.3558e-04
4165,34119680,3.79465,1.02851,2.3543e-04
4166,34127872,3.81489,1.02769,2.3528e-04
4167,34136064,3.87422,1.03048,2.3513e-04
4168,34144256,3.87781,1.02885,2.3498e-04
4169,34152448,3.72045,1.02602,2.3482e-04
4170,34160640,3.74592,1.02958,2.3467e-04
4171,34168832,3.71718,1.02513,2.3452e-04
4172,34177024,3.83661,1.02729,2.3437e-04
4173,34185216,3.79733,1.02776,2.3422e-04
4174,34193408,3.79471,1.03025,2.3407e-04
4175,34201600,3.75229,1.02992,2.3392e-04
4176,34209792,3.87718,1.03182,2.3377e-04
4177,34217984,3.76546,1.03000,2.3362e-04
4178,34226176,3.67078,1.02919,2.3347e-04
4179,34234368,3.87657,1.02929,2.3332e-04
4180,34242560,3.71847,1.03827,2.3317e-04
4181,34250752,3.64107,1.03109,2.3302e-04
4182,34258944,3.63214,1.03190,2.3287e-04
4183,34267136,3.74549,1.03594,2.3272e-04
4184,34275328,3.60976,1.03154,2.3257e-04
4185,34283520,3.49588,1.02643,2.3242e-04
4186,34291712,3.64838,1.02497,2.3227e-04
4187,34299904,3.89268,1.02871,2.3212e-04
4188,34308096,3.67228,1.03072,2.3197e-04
4189,34316288,3.93594,1.03307,2.3182e-04
4190,34324480,3.85436,1.02923,2.3167e-04
4191,34332672,3.78826,1.02885,2.3152e-04
4192,34340864,3.67426,1.03080,2.3137e-04
4193,34349056,3.71203,1.03565,2.3122e-04
4194,34357248,3.77346,1.03113,2.3107e-04
4195,34365440,3.66662,1.03057,2.3092e-04
4196,34373632,3.81744,1.03076,2.3077e-04
4197,34381824,3.80879,1.02737,2.3062e-04
4198,34390016,3.79660,1.02850,2.3047e-04
4199,34398208,3.74064,1.03704,2.3033e-04
4200,34406400,3.71916,1.02763,2.3018e-04
4201,34414592,3.81016,1.03772,2.3003e-04
4202,34422784,3.77770,1.03346,2.2988e-04
4203,34430976,3.66756,1.02975,2.2973e-04
4204,34439168,3.72253,1.03336,2.2958e-04
4205,34447360,3.72246,1.03428,2.2943e-04
4206,34455552,3.67662,1.03147,2.2928e-04
4207,34463744,3.68985,1.02821,2.2913e-04
4208,34471936,3.74130,1.02700,2.2898e-04
4209,34480128,3.77751,1.02744,2.2884e-04
4210,34488320,3.79837,1.02588,2.2869e-04
4211,34496512,3.77874,1.03001,2.2854e-04
4212,34504704,3.81628,1.03117,2.2839e-04
4213,34512896,3.84645,1.02687,2.2824e-04
4214,34521088,3.87084,1.02831,2.2809e-04
4215,34529280,3.74581,1.02931,2.2794e-04
4216,34537472,3.76398,1.02886,2.2780e-04
4217,34545664,3.80584,1.03079,2.2765e-04
4218,34553856,3.91002,1.03197,2.2750e-04
4219,34562048,3.68419,1.03380,2.2735e-04
4220,34570240,3.74209,1.02727,2.2720e-04
4221,34578432,3.68169,1.03731,2.2705e-04
4222,34586624,3.81785,1.03153,2.2691e-04
4223,34594816,3.77566,1.02947,2.2676e-04
4224,34603008,3.84899,1.03238,2.2661e-04
4225,34611200,3.62539,1.02917,2.2646e-04
4226,34619392,3.74675,1.02967,2.2631e-04
4227,34627584,3.64985,1.03235,2.2617e-04
4228,34635776,3.65691,1.03167,2.2602e-04
4229,34643968,3.77947,1.02865,2.2587e-04
4230,34652160,3.81054,1.02820,2.2572e-04
4231,34660352,3.64947,1.03510,2.2558e-04
4232,34668544,3.81330,1.02875,2.2543e-04
4233,34676736,3.69466,1.03001,2.2528e-04
4234,34684928,3.74556,1.02850,2.2513e-04
4235,34693120,3.66003,1.02839,2.2499e-04
4236,34701312,3.70237,1.02722,2.2484e-04
4237,34709504,3.79106,1.02486,2.2469e-04
4238,34717696,3.72720,1.02972,2.2454e-04
4239,34725888,3.76031,1.02537,2.2440e-04
4240,34734080,3.56902,1.02607,2.2425e-04
4241,34742272,3.79316,1.02688,2.2410e-04
4242,34750464,3.68916,1.02734,2.2396e-04
4243,34758656,3.68249,1.02615,2.2381e-04
4244,34766848,3.81907,1.02148,2.2366e-04
4245,34775040,3.71403,1.02386,2.2351e-04
4246,34783232,3.61955,1.02713,2.2337e-04
4247,34791424,3.90519,1.02882,2.2322e-04
4248,34799616,3.77037,1.02814,2.2307e-04
4249,34807808,3.86259,1.02436,2.2293e-04
4250,34816000,3.81690,1.03111,2.2278e-04
4251,34824192,3.82117,1.02661,2.2263e-04
4252,34832384,3.72744,1.02645,2.2249e-04
4253,34840576,3.57258,1.02396,2.2234e-04
4254,34848768,3.80867,1.02533,2.2219e-04
4255,34856960,3.65056,1.02646,2.2205e-04
4256,34865152,3.74681,1.02506,2.2190e-04
4257,34873344,3.90043,1.02587,2.2176e-04
4258,34881536,3.71820,1.02588,2.2161e-04
4259,34889728,3.63719,1.02879,2.2146e-04
4260,34897920,3.75462,1.02843,2.2132e-04
4261,34906112,3.65859,1.03337,2.2117e-04
4262,34914304,3.81858,1.03486,2.2103e-04
4263,34922496,3.55107,1.03021,2.2088e-04
4264,34930688,3.69500,1.03143,2.2073e-04
4265,34938880,3.77870,1.03039,2.2059e-04
4266,34947072,3.79812,1.03451,2.2044e-04
4267,34955264,3.79843,1.03031,2.2030e-04
4268,34963456,3.66789,1.02820,2.2015e-04
4269,34971648,3.89795,1.02849,2.2000e-04
4270,34979840,3.65726,1.02630,2.1986e-04
4271,34988032,3.71473,1.02928,2.1971e-04
4272,34996224,3.71857,1.02684,2.1957e-04
4273,35004416,3.60433,1.03109,2.1942e-04
4274,35012608,3.66918,1.02820,2.1928e-04
4275,35020800,3.81039,1.02854,2.1913e-04
4276,35028992,3.65716,1.02835,2.1899e-04
4277,35037184,3.75734,1.03176,2.1884e-04
4278,35045376,3.71203,1.03057,2.1870e-04
4279,35053568,3.72850,1.03159,2.1855e-04
4280,35061760,3.77496,1.03222,2.1841e-04
4281,35069952,3.58152,1.02759,2.1826e-04
4282,35078144,3.71207,1.02845,2.1812e-04
4283,35086336,3.84456,1.03185,2.1797e-04
4284,35094528,3.67632,1.03190,2.1783e-04
4285,35102720,3.78163,1.03054,2.1768e-04
4286,35110912,3.65285,1.03058,2.1754e-04
4287,35119104,3.73696,1.03321,2.1739e-04
4288,35127296,3.85789,1.03277,2.1725e-04
4289,35135488,3.83117,1.02828,2.1710e-04
4290,35143680,3.87757,1.02828,2.1696e-04
4291,35151872,3.84222,1.02793,2.1681e-04
4292,35160064,3.81387,1.03475,2.1667e-04
4293,35168256,3.92400,1.02815,2.1653e-04
4294,35176448,3.67295,1.02859,2.1638e-04
4295,35184640,3.59027,1.03724,2.1624e-04
4296,35192832,3.79159,1.02674,2.1609e-04
4297,35201024,3.67480,1.02758,2.1595e-04
4298,35209216,3.67282,1.02532,2.1580e-04
4299,35217408,3.84308,1.02535,2.1566e-04
4300,35225600,3.63337,1.03027,2.1552e-04
4301,35233792,3.80590,1.03106,2.1537e-04
4302,35241984,3.78710,1.02639,2.1523e-04
4303,35250176,3.65378,1.02971,2.1508e-04
4304,35258368,3.73623,1.02431,2.1494e-04
4305,35266560,3.93851,1.02613,2.1480e-04
4306,35274752,3.71334,1.03091,2.1465e-04
4307,35282944,3.69302,1.02921,2.1451e-04
4308,35291136,3.62266,1.02836,2.1437e-04
4309,35299328,3.51668,1.02725,2.1422e-04
4310,35307520,3.73735,1.02463,2.1408e-04
4311,35315712,3.81732,1.02760,2.1394e-04
4312,35323904,3.77575,1.02439,2.1379e-04
4313,35332096,3.80600,1.03654,2.1365e-04
4314,35340288,3.73825,1.02794,2.1351e-04
4315,35348480,3.66680,1.02874,2.1336e-04
4316,35356672,3.81228,1.02512,2.1322e-04
4317,35364864,3.51287,1.03499,2.1308e-04
4318,35373056,3.87045,1.03071,2.1293e-04
4319,35381248,3.77785,1.02286,2.1279e-04
4320,35389440,3.72744,1.02597,2.1265e-04
4321,35397632,3.57403,1.02547,2.1251e-04
4322,35405824,3.77566,1.02735,2.1236e-04
4323,35414016,3.54439,1.02958,2.1222e-04
4324,35422208,3.74378,1.02383,2.1208e-04
4325,35430400,3.71345,1.02617,2.1193e-04
4326,35438592,3.77040,1.02545,2.1179e-04
4327,35446784,3.75305,1.03000,2.1165e-04
4328,35454976,3.81772,1.02869,2.1151e-04
4329,35463168,3.73978,1.02449,2.1136e-04
4330,35471360,3.85673,1.02487,2.1122e-04
4331,35479552,3.83406,1.02673,2.1108e-04
4332,35487744,3.71419,1.02985,2.1094e-04
4333,35495936,3.74309,1.02644,2.1080e-04
4334,35504128,3.71381,1.02692,2.1065e-04
4335,35512320,3.70898,1.02779,2.1051e-04
4336,35520512,3.80435,1.02741,2.1037e-04
4337,35528704,3.69984,1.02805,2.1023e-04
4338,35536896,3.78632,1.02887,2.1009e-04
4339,35545088,3.53145,1.03118,2.0994e-04
4340,35553280,3.65838,1.02695,2.0980e-04
4341,35561472,3.86027,1.03541,2.0966e-04
4342,35569664,3.63181,1.02412,2.0952e-04
4343,35577856,3.70869,1.02908,2.0938e-04
4344,35586048,3.68523,1.02743,2.0924e-04
4345,35594240,3.66833,1.02610,2.0909e-04
4346,35602432,3.67120,1.02631,2.0895e-04
4347,35610624,3.81436,1.02634,2.0881e-04
4348,35618816,3.72314,1.02715,2.0867e-04
4349,35627008,3.64831,1.02673,2.0853e-04
4350,35635200,3.77091,1.02614,2.0839e-04
4351,35643392,3.72262,1.02821,2.0825e-04
4352,35651584,3.67044,1.03470,2.0811e-04
4353,35659776,3.68167,1.02701,2.0796e-04
4354,35667968,3.73353,1.02993,2.0782e-04
4355,35676160,3.71625,1.02888,2.0768e-04
4356,35684352,3.64041,1.02837,2.0754e-04
4357,35692544,3.71471,1.03001,2.0740e-04
4358,35700736,3.77519,1.02860,2.0726e-04
4359,35708928,3.69726,1.03101,2.0712e-04
4360,35717120,3.70419,1.03454,2.0698e-04
4361,35725312,3.79154,1.03650,2.0684e-04
4362,35733504,3.80362,1.02947,2.0670e-04
4363,35741696,3.68121,1.03375,2.0656e-04
4364,35749888,3.78051,1.02847,2.0642e-04
4365,35758080,3.97602,1.02686,2.0628e-04
4366,35766272,3.70391,1.02791,2.0614e-04
4367,35774464,3.68347,1.02560,2.0600e-04
4368,35782656,3.62561,1.02961,2.0586e-04
4369,35790848,3.68337,1.03330,2.0572e-04
4370,35799040,3.57345,1.02924,2.0558e-04
4371,35807232,3.75498,1.03426,2.0544e-04
4372,35815424,3.79714,1.02995,2.0530e-04
4373,35823616,3.89494,1.03008,2.0516e-04
4374,35831808,3.65633,1.03013,2.0502e-04
4375,35840000,3.75568,1.03043,2.0488e-04
4376,35848192,3.77754,1.02681,2.0474e-04
4377,35856384,3.82548,1.02812,2.0460e-04
4378,35864576,3.64160,1.02854,2.0446e-04
4379,35872768,3.78397,1.03437,2.0432e-04
4380,35880960,3.65090,1.02802,2.0418e-04
4381,35889152,3.86910,1.03357,2.0404e-04
4382,35897344,3.58357,1.02626,2.0390e-04
4383,35905536,3.69091,1.02677,2.0376e-04
4384,35913728,3.70116,1.02464,2.0362e-04
4385,35921920,3.80607,1.02588,2.0348e-04
4386,35930112,3.65068,1.02561,2.0334e-04
4387,35938304,3.80894,1.02529,2.0320e-04
4388,35946496,3.87068,1.02858,2.0306e-04
4389,35954688,3.78468,1.02554,2.0292e-04
4390,35962880,3.75355,1.02813,2.0279e-04
4391,35971072,3.62540,1.03022,2.0265e-04
4392,35979264,3.76170,1.02709,2.0251e-04
4393,35987456,3.68643,1.03251,2.0237e-04
4394,35995648,3.85136,1.02731,2.0223e-04
4395,36003840,3.66739,1.03091,2.0209e-04
4396,36012032,3.68840,1.02905,2.0195e-04
4397,36020224,3.52089,1.03409,2.0181e-04
4398,36028416,3.81767,1.02760,2.0168e-04
4399,36036608,3.66850,1.02319,2.0154e-04
4400,36044800,3.74775,1.02985,2.0140e-04
4401,36052992,3.79016,1.02835,2.0126e-04
4402,36061184,3.69508,1.02765,2.0112e-04
4403,36069376,3.74408,1.03078,2.0098e-04
4404,36077568,3.69332,1.02962,2.0085e-04
4405,36085760,3.72975,1.02512,2.0071e-04
4406,36093952,3.58546,1.02984,2.0057e-04
4407,36102144,3.76448,1.02800,2.0043e-04
4408,36110336,3.70070,1.02720,2.0030e-04
4409,36118528,3.69165,1.02735,2.0016e-04
4410,36126720,3.64298,1.02987,2.0002e-04
4411,36134912,3.62163,1.04277,1.9988e-04
4412,36143104,3.81201,1.02384,1.9974e-04
4413,36151296,3.77192,1.02672,1.9961e-04
4414,36159488,3.77625,1.02289,1.9947e-04
4415,36167680,3.75709,1.02475,1.9933e-04
4416,36175872,3.52584,1.02832,1.9919e-04
4417,36184064,3.79160,1.02870,1.9906e-04
4418,36192256,3.75598,1.02539,1.9892e-04
4419,36200448,3.53687,1.03428,1.9878e-04
4420,36208640,3.62091,1.03202,1.9865e-04
4421,36216832,3.71842,1.02619,1.9851e-04
4422,36225024,3.62726,1.02490,1.9837e-04
4423,36233216,3.75647,1.03136,1.9823e-04
4424,36241408,3.74400,1.02510,1.9810e-04
4425,36249600,3.76765,1.02523,1.9796e-04
4426,36257792,3.81348,1.03125,1.9782e-04
4427,36265984,3.79714,1.02629,1.9769e-04
4428,36274176,3.79484,1.03057,1.9755e-04
4429,36282368,3.72541,1.02801,1.9741e-04
4430,36290560,3.47003,1.03255,1.9728e-04
4431,36298752,3.57917,1.02507,1.9714e-04
4432,36306944,3.72338,1.02422,1.9700e-04
4433,36315136,3.71763,1.02790,1.9687e-04
4434,36323328,3.72119,1.02710,1.9673e-04
4435,36331520,3.51520,1.02773,1.9659e-04
4436,36339712,3.66846,1.02371,1.9646e-04
4437,36347904,3.71510,1.02388,1.9632e-04
4438,36356096,3.68521,1.03057,1.9619e-04
4439,36364288,3.69175,1.02878,1.9605e-04
4440,36372480,3.60948,1.02737,1.9591e-04
4441,36380672,3.72448,1.02566,1.9578e-04
4442,36388864,3.77262,1.03004,1.9564e-04
4443,36397056,3.85163,1.02572,1.9551e-04
4444,36405248,3.89551,1.03144,1.9537e-04
4445,36413440,3.74060,1.02890,1.9523e-04
4446,36421632,3.66421,1.02510,1.9510e-04
4447,36429824,3.52795,1.02832,1.9496e-04
4448,36438016,3.94603,1.03074,1.9483e-04
4449,36446208,3.73416,1.02715,1.9469e-04
4450,36454400,3.64944,1.02897,1.9456e-04
4451,36462592,3.75181,1.02751,1.9442e-04
4452,36470784,3.70877,1.02631,1.9429e-04
4453,36478976,3.71607,1.03527,1.9415e-04
4454,36487168,3.55471,1.03091,1.9402e-04
4455,36495360,3.83560,1.03263,1.9388e-04
4456,36503552,3.56952,1.03750,1.9375e-04
4457,36511744,3.67764,1.03761,1.9361e-04
4458,36519936,3.80875,1.03378,1.9348e-04
4459,36528128,3.58830,1.03313,1.9334e-04
4460,36536320,3.69480,1.03542,1.9321e-04
4461,36544512,3.86664,1.03366,1.9307e-04
4462,36552704,3.68498,1.03370,1.9294e-04
4463,36560896,3.54697,1.03349,1.9280e-04
4464,36569088,3.66494,1.03969,1.9267e-04
4465,36577280,3.69786,1.03081,1.9253e-04
4466,36585472,3.75274,1.02893,1.9240e-04
4467,36593664,3.82993,1.03448,1.9227e-04
4468,36601856,3.73808,1.02837,1.9213e-04
4469,36610048,3.54570,1.03038,1.9200e-04
4470,36618240,3.82811,1.02988,1.9186e-04
4471,36626432,3.80065,1.03486,1.9173e-04
4472,36634624,3.69346,1.02533,1.9159e-04
4473,36642816,3.68640,1.03153,1.9146e-04
4474,36651008,3.75122,1.02363,1.9133e-04
4475,36659200,3.69275,1.02886,1.9119e-04
4476,36667392,3.69706,1.02793,1.9106e-04
4477,36675584,3.81917,1.02994,1.9092e-04
4478,36683776,3.68654,1.02865,1.9079e-04
4479,36691968,3.81256,1.02847,1.9066e-04
4480,36700160,3.62140,1.02060,1.9052e-04
4481,36708352,3.72438,1.02107,1.9039e-04
4482,36716544,3.72884,1.02640,1.9026e-04
4483,36724736,3.79442,1.02693,1.9012e-04
4484,36732928,3.72472,1.02801,1.8999e-04
4485,36741120,3.73712,1.02225,1.8986e-04
4486,36749312,3.56878,1.02260,1.8972e-04
4487,36757504,3.62102,1.02722,1.8959e-04
4488,36765696,3.66962,1.03429,1.8946e-04
4489,36773888,3.60335,1.02259,1.8932e-04
4490,36782080,3.60301,1.03190,1.8919e-04
4491,36790272,3.76353,1.02585,1.8906e-04
4492,36798464,3.57833,1.02980,1.8893e-04
4493,36806656,3.75543,1.03284,1.8879e-04
4494,36814848,3.72877,1.02463,1.8866e-04
4495,36823040,3.72904,1.02558,1.8853e-04
4496,36831232,3.62982,1.02829,1.8840e-04
4497,36839424,3.46467,1.02971,1.8826e-04
4498,36847616,3.59107,1.02784,1.8813e-04
4499,36855808,3.66187,1.03111,1.8800e-04
4500,36864000,3.70641,1.02617,1.8787e-04
4501,36872192,3.82139,1.02962,1.8773e-04
4502,36880384,3.70412,1.02780,1.8760e-04
4503,36888576,3.61461,1.02830,1.8747e-04
4504,36896768,3.55448,1.02923,1.8734e-04
4505,36904960,3.55128,1.02334,1.8720e-04
4506,36913152,3.82601,1.02628,1.8707e-04
4507,36921344,3.87257,1.03548,1.8694e-04
4508,36929536,3.76920,1.02753,1.8681e-04
4509,36937728,3.76809,1.02658,1.8668e-04
4510,36945920,3.64941,1.02588,1.8655e-04
4511,36954112,3.73992,1.02857,1.8641e-04
4512,36962304,3.74709,1.02757,1.8628e-04
4513,36970496,3.61703,1.03275,1.8615e-04
4514,36978688,3.46288,1.03462,1.8602e-04
4515,36986880,3.65682,1.02835,1.8589e-04
4516,36995072,3.56924,1.03139,1.8576e-04
4517,37003264,3.70213,1.02577,1.8563e-04
4518,37011456,3.67977,1.02592,1.8549e-04
4519,37019648,3.71008,1.02683,1.8536e-04
4520,37027840,3.60560,1.03069,1.8523e-04
4521,37036032,3.74370,1.02538,1.8510e-04
4522,37044224,3.53742,1.02634,1.8497e-04
4523,37052416,3.66992,1.02804,1.8484e-04
4524,37060608,3.75892,1.02925,1.8471e-04
4525,37068800,3.70014,1.02324,1.8458e-04
4526,37076992,3.71796,1.02683,1.8445e-04
4527,37085184,3.52162,1.03065,1.8432e-04
4528,37093376,3.69264,1.02817,1.8419e-04
4529,37101568,3.67543,1.02231,1.8405e-04
4530,37109760,3.66598,1.03165,1.8392e-04
4531,37117952,3.83286,1.03018,1.8379e-04
4532,37126144,3.61475,1.02988,1.8366e-04
4533,37134336,3.66802,1.02911,1.8353e-04
4534,37142528,3.52347,1.02738,1.8340e-04
4535,37150720,3.73649,1.02560,1.8327e-04
4536,37158912,3.59677,1.02509,1.8314e-04
4537,37167104,3.63798,1.02666,1.8301e-04
4538,37175296,3.69701,1.02957,1.8288e-04
4539,37183488,3.69525,1.02619,1.8275e-04
4540,37191680,3.65951,1.02794,1.8262e-04
4541,37199872,3.66447,1.03215,1.8249e-04
4542,37208064,3.54444,1.03201,1.8236e-04
4543,37216256,3.67712,1.02602,1.8223e-04
4544,37224448,3.80067,1.02342,1.8210e-04
4545,37232640,3.79913,1.02787,1.8198e-04
4546,37240832,3.60149,1.02731,1.8185e-04
4547,37249024,3.73952,1.02259,1.8172e-04
4548,37257216,3.72221,1.02094,1.8159e-04
4549,37265408,3.81543,1.02841,1.8146e-04
4550,37273600,3.60008,1.02401,1.8133e-04
4551,37281792,3.68793,1.02507,1.8120e-04
4552,37289984,3.85253,1.02605,1.8107e-04
4553,37298176,3.65336,1.02291,1.8094e-04
4554,37306368,3.66617,1.02750,1.8081e-04
4555,37314560,3.75778,1.02988,1.8068e-04
4556,37322752,3.55313,1.02868,1.8055e-04
4557,37330944,3.54831,1.02325,1.8043e-04
4558,37339136,3.78221,1.02734,1.8030e-04
4559,37347328,3.69092,1.02841,1.8017e-04
4560,37355520,3.66292,1.02697,1.8004e-04
4561,37363712,3.60489,1.02019,1.7991e-04
4562,37371904,3.85620,1.02625,1.7978e-04
4563,37380096,3.72948,1.03215,1.7965e-04
4564,37388288,3.73687,1.02362,1.7953e-04
4565,37396480,3.58328,1.02270,1.7940e-04
4566,37404672,3.81639,1.02996,1.7927e-04
4567,37412864,3.64462,1.02532,1.7914e-04
4568,37421056,3.71493,1.02538,1.7901e-04
4569,37429248,3.64649,1.03035,1.7889e-04
4570,37437440,3.67671,1.02551,1.7876e-04
4571,37445632,3.76938,1.02435,1.7863e-04
4572,37453824,3.84040,1.02930,1.7850e-04
4573,37462016,3.56356,1.03112,1.7837e-04
4574,37470208,3.53188,1.02924,1.7825e-04
4575,37478400,3.63341,1.02361,1.7812e-04
4576,37486592,3.74845,1.02320,1.7799e-04
4577,37494784,3.74566,1.02452,1.7786e-04
4578,37502976,3.66600,1.02541,1.7774e-04
4579,37511168,3.91025,1.02473,1.7761e-04
4580,37519360,3.62904,1.02388,1.7748e-04
4581,37527552,3.60071,1.02200,1.7736e-04
4582,37535744,3.71772,1.02516,1.7723e-04
4583,37543936,3.75322,1.02883,1.7710e-04
4584,37552128,3.79886,1.03250,1.7697e-04
4585,37560320,3.76956,1.02844,1.7685e-04
4586,37568512,3.55803,1.02462,1.7672e-04
4587,37576704,3.73617,1.02759,1.7659e-04
4588,37584896,3.89813,1.03115,1.7647e-04
4589,37593088,3.54333,1.03439,1.7634e-04
4590,37601280,3.66134,1.02991,1.7621e-04
4591,37609472,3.67844,1.02540,1.7609e-04
4592,37617664,3.81432,1.02429,1.7596e-04
4593,37625856,3.71151,1.03048,1.7583e-04
4594,37634048,3.65695,1.03947,1.7571e-04
4595,37642240,3.82740,1.03603,1.7558e-04
4596,37650432,3.65748,1.02692,1.7546e-04
4597,37658624,3.97252,1.02733,1.7533e-04
4598,37666816,3.74011,1.02706,1.7520e-04
4599,37675008,3.76794,1.02630,1.7508e-04
4600,37683200,3.81609,1.02862,1.7495e-04
4601,37691392,3.54286,1.02750,1.7482e-04
4602,37699584,3.60284,1.02339,1.7470e-04
4603,37707776,3.79400,1.02810,1.7457e-04
4604,37715968,3.75121,1.02905,1.7445e-04
4605,37724160,3.60978,1.03038,1.7432e-04
4606,37732352,3.71568,1.02586,1.7420e-04
4607,37740544,3.78108,1.02527,1.7407e-04
4608,37748736,3.68024,1.02621,1.7395e-04
4609,37756928,3.77825,1.02530,1.7382e-04
4610,37765120,3.71463,1.02582,1.7369e-04
4611,37773312,3.60646,1.02729,1.7357e-04
4612,37781504,3.61754,1.02750,1.7344e-04
4613,37789696,3.79916,1.03083,1.7332e-04
4614,37797888,3.76898,1.02934,1.7319e-04
4615,37806080,3.55584,1.02657,1.7307e-04
4616,37814272,3.73623,1.02997,1.7294e-04
4617,37822464,3.57686,1.02504,1.7282e-04
4618,37830656,3.66336,1.02732,1.7269e-04
4619,37838848,3.69534,1.02427,1.7257e-04
4620,37847040,3.63319,1.02599,1.7245e-04
4621,37855232,3.79956,1.02800,1.7232e-04
4622,37863424,3.74051,1.02659,1.7220e-04
4623,37871616,3.64430,1.02866,1.7207e-04
4624,37879808,3.60775,1.03128,1.7195e-04
4625,37888000,3.74368,1.02734,1.7182e-04
4626,37896192,3.71453,1.03133,1.7170e-04
4627,37904384,3.55084,1.02474,1.7157e-04
4628,37912576,3.60937,1.03076,1.7145e-04
4629,37920768,3.79010,1.02367,1.7133e-04
4630,37928960,3.71508,1.02587,1.7120e-04
4631,37937152,3.75944,1.02338,1.7108e-04
4632,37945344,3.75773,1.02185,1.7095e-04
4633,37953536,3.60259,1.03220,1.7083e-04
4634,37961728,3.60494,1.02748,1.7071e-04
4635,37969920,3.62611,1.02116,1.7058e-04
4636,37978112,3.64308,1.02690,1.7046e-04
4637,37986304,3.73349,1.02393,1.7034e-04
4638,37994496,3.74043,1.02699,1.7021e-04
4639,38002688,3.71716,1.02562,1.7009e-04
4640,38010880,3.78914,1.02208,1.6997e-04
4641,38019072,3.57006,1.02222,1.6984e-04
4642,38027264,3.82219,1.03407,1.6972e-04
4643,38035456,3.72910,1.03473,1.6960e-04
4644,38043648,3.75320,1.02647,1.6947e-04
4645,38051840,3.58490,1.03088,1.6935e-04
4646,38060032,3.71354,1.02680,1.6923e-04
4647,38068224,3.66617,1.02911,1.6911e-04
4648,38076416,3.66412,1.03095,1.6898e-04
4649,38084608,3.67696,1.02805,1.6886e-04
4650,38092800,3.62737,1.02501,1.6874e-04
4651,38100992,3.57356,1.02950,1.6861e-04
4652,38109184,3.58128,1.03242,1.6849e-04
4653,38117376,3.73415,1.02603,1.6837e-04
4654,38125568,3.64422,1.02586,1.6825e-04
4655,38133760,3.62968,1.02191,1.6812e-04
4656,38141952,3.66066,1.02031,1.6800e-04
4657,38150144,3.59884,1.02427,1.6788e-04
4658,38158336,3.47472,1.02525,1.6776e-04
4659,38166528,3.68232,1.02841,1.6764e-04
4660,38174720,3.62866,1.02286,1.6751e-04
4661,38182912,3.55533,1.02076,1.6739e-04
4662,38191104,3.76866,1.02091,1.6727e-04
4663,38199296,3.68966,1.01969,1.6715e-04
4664,38207488,3.55776,1.02140,1.6703e-04
4665,38215680,3.79632,1.01927,1.6691e-04
4666,38223872,3.68289,1.02206,1.6678e-04
4667,38232064,3.74093,1.02198,1.6666e-04
4668,38240256,3.62143,1.02157,1.6654e-04
4669,38248448,3.69897,1.02204,1.6642e-04
4670,38256640,3.59259,1.02374,1.6630e-04
4671,38264832,3.64676,1.02866,1.6618e-04
4672,38273024,3.74849,1.02359,1.6606e-04
4673,38281216,3.76097,1.01795,1.6593e-04
4674,38289408,3.53050,1.02308,1.6581e-04
4675,38297600,3.56727,1.02706,1.6569e-04
4676,38305792,3.77875,1.01757,1.6557e-04
4677,38313984,3.64936,1.02573,1.6545e-04
4678,38322176,3.79310,1.02052,1.6533e-04
4679,38330368,3.69234,1.02581,1.6521e-04
4680,38338560,3.70961,1.02365,1.6509e-04
4681,38346752,3.69646,1.02141,1.6497e-04
4682,38354944,3.60676,1.03173,1.6485e-04
4683,38363136,3.64895,1.02166,1.6473e-04
4684,38371328,3.53397,1.02033,1.6461e-04
4685,38379520,3.60109,1.02710,1.6449e-04
4686,38387712,3.59925,1.01969,1.6437e-04
4687,38395904,3.61285,1.02298,1.6425e-04
4688,38404096,3.64601,1.02291,1.6413e-04
4689,38412288,3.66053,1.02695,1.6401e-04
4690,38420480,3.61951,1.02362,1.6389e-04
4691,38428672,3.87646,1.02460,1.6377e-04
4692,38436864,3.69293,1.02118,1.6365e-04
4693,38445056,3.71154,1.02489,1.6353e-04
4694,38453248,3.72103,1.02445,1.6341e-04
4695,38461440,3.72586,1.02457,1.6329e-04
4696,38469632,3.68670,1.02405,1.6317e-04
4697,38477824,3.62118,1.02354,1.6305e-04
4698,38486016,3.63329,1.02350,1.6293e-04
4699,38494208,3.74651,1.02391,1.6281e-04
4700,38502400,3.52216,1.02511,1.6269e-04
4701,38510592,3.59068,1.02576,1.6257e-04
4702,38518784,3.58828,1.02511,1.6245e-04
4703,38526976,3.50618,1.02022,1.6233e-04
4704,38535168,3.74273,1.02450,1.6222e-04
4705,38543360,3.79396,1.01984,1.6210e-04
4706,38551552,3.65145,1.02240,1.6198e-04
4707,38559744,3.67388,1.01935,1.6186e-04
4708,38567936,3.60021,1.02188,1.6174e-04
4709,38576128,3.71782,1.02322,1.6162e-04
4710,38584320,3.49834,1.03026,1.6150e-04
4711,38592512,3.65676,1.02474,1.6138e-04
4712,38600704,3.70571,1.02379,1.6127e-04
4713,38608896,3.65282,1.02332,1.6115e-04
4714,38617088,3.79207,1.02568,1.6103e-04
4715,38625280,3.73477,1.02657,1.6091e-04
4716,38633472,3.54663,1.03475,1.6079e-04
4717,38641664,3.76067,1.02613,1.6067e-04
4718,38649856,3.47965,1.02552,1.6056e-04
4719,38658048,3.69888,1.03077,1.6044e-04
4720,38666240,3.69486,1.02923,1.6032e-04
4721,38674432,3.70941,1.02838,1.6020e-04
4722,38682624,3.66589,1.02756,1.6009e-04
4723,38690816,3.70913,1.02658,1.5997e-04
4724,38699008,3.64011,1.02532,1.5985e-04
4725,38707200,3.78311,1.03085,1.5973e-04
4726,38715392,3.60454,1.02822,1.5962e-04
4727,38723584,3.73087,1.02918,1.5950e-04
4728,38731776,3.83544,1.02417,1.5938e-04
4729,38739968,3.82366,1.02254,1.5926e-04
4730,38748160,3.59775,1.02246,1.5915e-04
4731,38756352,3.67203,1.02521,1.5903e-04
4732,38764544,3.57780,1.02530,1.5891e-04
4733,38772736,3.80745,1.02594,1.5880e-04
4734,38780928,3.66884,1.02159,1.5868e-04
4735,38789120,3.62523,1.02155,1.5856e-04
4736,38797312,3.78408,1.02036,1.5845e-04
4737,38805504,3.78952,1.01801,1.5833e-04
4738,38813696,3.53836,1.02010,1.5821e-04
4739,38821888,3.80457,1.02168,1.5810e-04
4740,38830080,3.67237,1.02277,1.5798e-04
4741,38838272,3.61805,1.01712,1.5786e-04
4742,38846464,3.64983,1.02043,1.5775e-04
4743,38854656,3.77853,1.02097,1.5763e-04
4744,38862848,3.73693,1.01888,1.5751e-04
4745,38871040,3.76865,1.02042,1.5740e-04
4746,38879232,3.48615,1.01856,1.5728e-04
4747,38887424,3.69524,1.02101,1.5717e-04
4748,38895616,3.84926,1.02474,1.5705e-04
4749,38903808,3.59820,1.02567,1.5693e-04
4750,38912000,3.59200,1.02506,1.5682e-04
4751,38920192,3.77058,1.02522,1.5670e-04
4752,38928384,3.64090,1.02384,1.5659e-04
4753,38936576,3.65923,1.02990,1.5647e-04
4754,38944768,3.59790,1.02770,1.5636e-04
4755,38952960,3.65907,1.02010,1.5624e-04
4756,38961152,3.63526,1.03232,1.5613e-04
4757,38969344,3.74862,1.02717,1.5601e-04
4758,38977536,3.56655,1.02899,1.5589e-04
4759,38985728,3.58920,1.03165,1.5578e-04
4760,38993920,3.69181,1.02665,1.5566e-04
4761,39002112,3.70788,1.03399,1.5555e-04
4762,39010304,3.72009,1.02622,1.5543e-04
4763,39018496,3.69717,1.02544,1.5532e-04
4764,39026688,3.80174,1.02964,1.5521e-04
4765,39034880,3.80649,1.02833,1.5509e-04
4766,39043072,3.86116,1.02586,1.5498e-04
4767,39051264,3.58198,1.02371,1.5486e-04
4768,39059456,3.68162,1.02695,1.5475e-04
4769,39067648,3.69219,1.02403,1.5463e-04
4770,39075840,3.75093,1.02290,1.5452e-04
4771,39084032,3.87486,1.02540,1.5440e-04
4772,39092224,3.54721,1.02713,1.5429e-04
4773,39100416,3.46159,1.02109,1.5418e-04
4774,39108608,3.75698,1.02138,1.5406e-04
4775,39116800,3.60325,1.02646,1.5395e-04
4776,39124992,3.56784,1.02418,1.5383e-04
4777,39133184,3.55386,1.02155,1.5372e-04
4778,39141376,3.76749,1.02295,1.5361e-04
4779,39149568,3.62332,1.02209,1.5349e-04
4780,39157760,3.60220,1.02283,1.5338e-04
4781,39165952,3.89023,1.02256,1.5326e-04
4782,39174144,3.71586,1.01997,1.5315e-04
4783,39182336,3.67681,1.02104,1.5304e-04
4784,39190528,3.51187,1.02927,1.5292e-04
4785,39198720,3.52785,1.02579,1.5281e-04
4786,39206912,3.70142,1.02614,1.5270e-04
4787,39215104,3.65508,1.02194,1.5259e-04
4788,39223296,3.71539,1.02167,1.5247e-04
4789,39231488,3.56794,1.02605,1.5236e-04
4790,39239680,3.58628,1.02401,1.5225e-04
4791,39247872,3.63392,1.02073,1.5213e-04
4792,39256064,3.77781,1.02026,1.5202e-04
4793,39264256,3.58446,1.02394,1.5191e-04
4794,39272448,3.70323,1.02411,1.5180e-04
4795,39280640,3.83153,1.02733,1.5168e-04
4796,39288832,3.80553,1.01945,1.5157e-04
4797,39297024,3.65285,1.02134,1.5146e-04
4798,39305216,3.74664,1.02135,1.5135e-04
4799,39313408,3.65356,1.02202,1.5123e-04
4800,39321600,3.66673,1.02292,1.5112e-04
4801,39329792,3.65266,1.02301,1.5101e-04
4802,39337984,3.64249,1.02172,1.5090e-04
4803,39346176,3.58719,1.02098,1.5079e-04
4804,39354368,3.48766,1.02216,1.5067e-04
4805,39362560,3.61320,1.02452,1.5056e-04
4806,39370752,3.72746,1.02390,1.5045e-04
4807,39378944,3.62144,1.02515,1.5034e-04
4808,39387136,3.65697,1.01988,1.5023e-04
4809,39395328,3.69088,1.02193,1.5011e-04
4810,39403520,3.64768,1.02398,1.5000e-04
4811,39411712,3.71880,1.01778,1.4989e-04
4812,39419904,3.54521,1.02222,1.4978e-04
4813,39428096,3.73891,1.01741,1.4967e-04
4814,39436288,3.63675,1.01829,1.4956e-04
4815,39444480,3.60832,1.01940,1.4945e-04
4816,39452672,3.54593,1.02507,1.4934e-04
4817,39460864,3.81004,1.02303,1.4923e-04
4818,39469056,3.48916,1.02086,1.4911e-04
4819,39477248,3.67481,1.02287,1.4900e-04
4820,39485440,3.72840,1.02408,1.4889e-04
4821,39493632,3.57617,1.02108,1.4878e-04
4822,39501824,3.73812,1.02036,1.4867e-04
4823,39510016,3.54582,1.02528,1.4856e-04
4824,39518208,3.78053,1.02579,1.4845e-04
4825,39526400,3.76381,1.01891,1.4834e-04
4826,39534592,3.73919,1.01867,1.4823e-04
4827,39542784,3.72932,1.02113,1.4812e-04
4828,39550976,3.52649,1.02918,1.4801e-04
4829,39559168,3.82479,1.02198,1.4790e-04
4830,39567360,3.61001,1.01991,1.4779e-04
4831,39575552,3.72524,1.02931,1.4768e-04
4832,39583744,3.69129,1.01971,1.4757e-04
4833,39591936,3.65656,1.02272,1.4746e-04
4834,39600128,3.78976,1.01874,1.4735e-04
4835,39608320,3.75293,1.02452,1.4724e-04
4836,39616512,3.83965,1.02058,1.4713e-04
4837,39624704,3.79626,1.02022,1.4702e-04
4838,39632896,3.67852,1.02486,1.4691e-04
4839,39641088,3.77786,1.02719,1.4680e-04
4840,39649280,3.63107,1.02842,1.4669e-04
4841,39657472,3.71616,1.02122,1.4658e-04
4842,39665664,3.64206,1.02633,1.4647e-04
4843,39673856,3.57414,1.02806,1.4637e-04
4844,39682048,3.53652,1.02295,1.4626e-04
4845,39690240,3.72533,1.03407,1.4615e-04
4846,39698432,3.56330,1.02206,1.4604e-04
4847,39706624,3.52197,1.02145,1.4593e-04
4848,39714816,3.82623,1.02447,1.4582e-04
4849,39723008,3.73617,1.02396,1.4571e-04
4850,39731200,3.66813,1.01833,1.4560e-04
4851,39739392,3.71102,1.02382,1.4550e-04
4852,39747584,3.64823,1.02253,1.4539e-04
4853,39755776,3.49846,1.02537,1.4528e-04
4854,39763968,3.67884,1.02661,1.4517e-04
4855,39772160,3.66403,1.02634,1.4506e-04
4856,39780352,3.76087,1.02278,1.4495e-04
4857,39788544,3.70904,1.02227,1.4485e-04
4858,39796736,3.59509,1.02266,1.4474e-04
4859,39804928,3.68041,1.02477,1.4463e-04
4860,39813120,3.48429,1.02113,1.4452e-04
4861,39821312,3.73851,1.02307,1.4442e-04
4862,39829504,3.43800,1.03252,1.4431e-04
4863,39837696,3.47857,1.02938,1.4420e-04
4864,39845888,3.76502,1.02973,1.4409e-04
4865,39854080,3.66029,1.02408,1.4399e-04
4866,39862272,3.66496,1.02325,1.4388e-04
4867,39870464,3.72246,1.02269,1.4377e-04
4868,39878656,3.53803,1.02142,1.4366e-04
4869,39886848,3.58748,1.02944,1.4356e-04
4870,39895040,3.59341,1.02210,1.4345e-04
4871,39903232,3.66517,1.02210,1.4334e-04
4872,39911424,3.73760,1.02523,1.4324e-04
4873,39919616,3.80139,1.02318,1.4313e-04
4874,39927808,3.63760,1.02221,1.4302e-04
4875,39936000,3.76692,1.02216,1.4291e-04
4876,39944192,3.62496,1.02605,1.4281e-04
4877,39952384,3.71048,1.02150,1.4270e-04
4878,39960576,3.57678,1.02473,1.4260e-04
4879,39968768,3.56642,1.02248,1.4249e-04
4880,39976960,3.67810,1.02545,1.4238e-04
4881,39985152,3.69422,1.02521,1.4228e-04
4882,39993344,3.87109,1.02579,1.4217e-04
4883,40001536,3.81387,1.02331,1.4206e-04
4884,40009728,3.64853,1.02762,1.4196e-04
4885,40017920,3.75420,1.02442,1.4185e-04
4886,40026112,3.75538,1.02591,1.4175e-04
4887,40034304,3.70916,1.02081,1.4164e-04
4888,40042496,3.77182,1.02560,1.4153e-04
4889,40050688,3.76964,1.01865,1.4143e-04
4890,40058880,3.73249,1.02382,1.4132e-04
4891,40067072,3.66702,1.02477,1.4122e-04
4892,40075264,3.61746,1.02130,1.4111e-04
4893,40083456,3.68731,1.02601,1.4101e-04
4894,40091648,3.79021,1.02391,1.4090e-04
4895,40099840,3.72538,1.02123,1.4080e-04
4896,40108032,3.67337,1.02638,1.4069e-04
4897,40116224,3.64792,1.02143,1.4059e-04
4898,40124416,3.71540,1.02375,1.4048e-04
4899,40132608,3.68931,1.02428,1.4038e-04
4900,40140800,3.45499,1.02006,1.4027e-04
4901,40148992,3.61167,1.02210,1.4017e-04
4902,40157184,3.69719,1.02529,1.4006e-04
4903,40165376,3.53019,1.01894,1.3996e-04
4904,40173568,3.58841,1.02236,1.3985e-04
4905,40181760,3.60933,1.03078,1.3975e-04
4906,40189952,3.61831,1.02712,1.3964e-04
4907,40198144,3.63818,1.02423,1.3954e-04
4908,40206336,3.70918,1.01942,1.3944e-04
4909,40214528,3.63638,1.02376,1.3933e-04
4910,40222720,3.58647,1.02804,1.3923e-04
4911,40230912,3.75068,1.02535,1.3912e-04
4912,40239104,3.79632,1.02252,1.3902e-04
4913,40247296,3.64319,1.02734,1.3892e-04
4914,40255488,3.58314,1.03001,1.3881e-04
4915,40263680,3.60833,1.03358,1.3871e-04
4916,40271872,3.71934,1.02468,1.3860e-04
4917,40280064,3.80695,1.02358,1.3850e-04
4918,40288256,3.61552,1.02368,1.3840e-04
4919,40296448,3.68090,1.02201,1.3829e-04
4920,40304640,3.76614,1.02617,1.3819e-04
4921,40312832,3.63866,1.02497,1.3809e-04
4922,40321024,3.62892,1.02770,1.3798e-04
4923,40329216,3.73431,1.02050,1.3788e-04
4924,40337408,3.80770,1.02594,1.3778e-04
4925,40345600,3.62185,1.02367,1.3768e-04
4926,40353792,3.54913,1.02058,1.3757e-04
4927,40361984,3.64919,1.01984,1.3747e-04
4928,40370176,3.68666,1.02319,1.3737e-04
4929,40378368,3.72979,1.02399,1.3726e-04
4930,40386560,3.60978,1.02053,1.3716e-04
4931,40394752,3.59414,1.02924,1.3706e-04
4932,40402944,3.57380,1.02406,1.3696e-04
4933,40411136,3.66052,1.02173,1.3685e-04
4934,40419328,3.56611,1.02237,1.3675e-04
4935,40427520,3.60396,1.03057,1.3665e-04
4936,40435712,3.65664,1.02131,1.3655e-04
4937,40443904,3.64011,1.02096,1.3645e-04
4938,40452096,3.73805,1.02656,1.3634e-04
4939,40460288,3.61264,1.02221,1.3624e-04
4940,40468480,3.67361,1.02039,1.3614e-04
4941,40476672,3.78155,1.02247,1.3604e-04
4942,40484864,3.60590,1.02321,1.3594e-04
4943,40493056,3.74914,1.02099,1.3584e-04
4944,40501248,3.68201,1.02657,1.3573e-04
4945,40509440,3.54441,1.02508,1.3563e-04
4946,40517632,3.66236,1.02556,1.3553e-04
4947,40525824,3.74100,1.02249,1.3543e-04
4948,40534016,3.62322,1.02479,1.3533e-04
4949,40542208,3.48208,1.02604,1.3523e-04
4950,40550400,3.66037,1.02142,1.3513e-04
4951,40558592,3.78703,1.02443,1.3503e-04
4952,40566784,3.55183,1.01920,1.3493e-04
4953,40574976,3.59652,1.02370,1.3482e-04
4954,40583168,3.60769,1.02243,1.3472e-04
4955,40591360,3.64427,1.02982,1.3462e-04
4956,40599552,3.59319,1.02439,1.3452e-04
4957,40607744,3.45517,1.02179,1.3442e-04
4958,40615936,3.53412,1.02176,1.3432e-04
4959,40624128,3.62020,1.02419,1.3422e-04
4960,40632320,3.46852,1.02729,1.3412e-04
4961,40640512,3.78783,1.02011,1.3402e-04
4962,40648704,3.70001,1.02123,1.3392e-04
4963,40656896,3.71428,1.02528,1.3382e-04
4964,40665088,3.59953,1.02991,1.3372e-04
4965,40673280,3.63468,1.03002,1.3362e-04
4966,40681472,3.77285,1.02138,1.3352e-04
4967,40689664,3.58934,1.02937,1.3342e-04
4968,40697856,3.63465,1.02087,1.3332e-04
4969,40706048,3.74601,1.02249,1.3322e-04
4970,40714240,3.46802,1.02434,1.3312e-04
4971,40722432,3.68790,1.02443,1.3302e-04
4972,40730624,3.70881,1.02205,1.3292e-04
4973,40738816,3.55715,1.02419,1.3282e-04
4974,40747008,3.71419,1.02189,1.3273e-04
4975,40755200,3.72846,1.02862,1.3263e-04
4976,40763392,3.65109,1.02355,1.3253e-04
4977,40771584,3.59803,1.02029,1.3243e-04
4978,40779776,3.61294,1.01868,1.3233e-04
4979,40787968,3.51363,1.02282,1.3223e-04
4980,40796160,3.70303,1.02490,1.3213e-04
4981,40804352,3.68337,1.02169,1.3203e-04
4982,40812544,3.63715,1.02083,1.3193e-04
4983,40820736,3.64774,1.02338,1.3184e-04
4984,40828928,3.53975,1.02077,1.3174e-04
4985,40837120,3.51417,1.02252,1.3164e-04
4986,40845312,3.58824,1.02338,1.3154e-04
4987,40853504,3.59645,1.01965,1.3144e-04
4988,40861696,3.68968,1.01696,1.3134e-04
4989,40869888,3.63554,1.01975,1.3125e-04
4990,40878080,3.76617,1.02351,1.3115e-04
4991,40886272,3.81346,1.02029,1.3105e-04
4992,40894464,3.61585,1.01944,1.3095e-04
4993,40902656,3.78476,1.02076,1.3086e-04
4994,40910848,3.53626,1.01898,1.3076e-04
4995,40919040,3.55942,1.02215,1.3066e-04
4996,40927232,3.59720,1.02406,1.3056e-04
4997,40935424,3.60710,1.02013,1.3047e-04
4998,40943616,3.49872,1.02538,1.3037e-04
4999,40951808,3.55218,1.02216,1.3027e-04
5000,40960000,3.75391,1.02111,1.3017e-04
5001,40968192,3.56070,1.02666,1.3008e-04
5002,40976384,3.62869,1.02582,1.2998e-04
5003,40984576,3.72290,1.02490,1.2988e-04
5004,40992768,3.55296,1.02081,1.2979e-04
5005,41000960,3.68365,1.02285,1.2969e-04
5006,41009152,3.57760,1.02070,1.2959e-04
5007,41017344,3.55284,1.02397,1.2950e-04
5008,41025536,3.66413,1.02321,1.2940e-04
5009,41033728,3.80240,1.02860,1.2930e-04
5010,41041920,3.61614,1.02267,1.2921e-04
5011,41050112,3.67556,1.02221,1.2911e-04
5012,41058304,3.70020,1.02421,1.2901e-04
5013,41066496,3.63273,1.02069,1.2892e-04
5014,41074688,3.73486,1.01750,1.2882e-04
5015,41082880,3.64018,1.01763,1.2873e-04
5016,41091072,3.69527,1.02077,1.2863e-04
5017,41099264,3.76868,1.01832,1.2853e-04
5018,41107456,3.65162,1.01919,1.2844e-04
5019,41115648,3.59663,1.02302,1.2834e-04
5020,41123840,3.59031,1.02399,1.2825e-04
5021,41132032,3.72740,1.02385,1.2815e-04
5022,41140224,3.56618,1.02096,1.2806e-04
5023,41148416,3.68446,1.02048,1.2796e-04
5024,41156608,3.61646,1.02256,1.2786e-04
5025,41164800,3.67612,1.01626,1.2777e-04
5026,41172992,3.60743,1.01917,1.2767e-04
5027,41181184,3.65216,1.01906,1.2758e-04
5028,41189376,3.59403,1.01942,1.2748e-04
5029,41197568,3.55274,1.01896,1.2739e-04
5030,41205760,3.69634,1.01748,1.2729e-04
5031,41213952,3.61496,1.01830,1.2720e-04
5032,41222144,3.65184,1.02299,1.2711e-04
5033,41230336,3.48636,1.02432,1.2701e-04
5034,41238528,3.62652,1.01916,1.2692e-04
5035,41246720,3.62595,1.02094,1.2682e-04
5036,41254912,3.72942,1.01949,1.2673e-04
5037,41263104,3.79208,1.02013,1.2663e-04
5038,41271296,3.47946,1.02557,1.2654e-04
5039,41279488,3.67628,1.02077,1.2644e-04
5040,41287680,3.61453,1.02404,1.2635e-04
5041,41295872,3.78889,1.01630,1.2626e-04
5042,41304064,3.59666,1.02269,1.2616e-04
5043,41312256,3.63452,1.02093,1.2607e-04
5044,41320448,3.72052,1.02072,1.2598e-04
5045,41328640,3.50000,1.02405,1.2588e-04
5046,41336832,3.72077,1.02115,1.2579e-04
5047,41345024,3.61630,1.02393,1.2569e-04
5048,41353216,3.56003,1.02278,1.2560e-04
5049,41361408,3.60652,1.01935,1.2551e-04
5050,41369600,3.54433,1.02133,1.2541e-04
5051,41377792,3.58308,1.02293,1.2532e-04
5052,41385984,3.69897,1.01818,1.2523e-04
5053,41394176,3.54534,1.02246,1.2514e-04
5054,41402368,3.62226,1.01980,1.2504e-04
5055,41410560,3.69306,1.02142,1.2495e-04
5056,41418752,3.74206,1.02109,1.2486e-04
5057,41426944,3.41756,1.02786,1.2476e-04
5058,41435136,3.56797,1.02406,1.2467e-04
5059,41443328,3.70216,1.01955,1.2458e-04
5060,41451520,3.55419,1.02380,1.2449e-04
5061,41459712,3.58565,1.01738,1.2439e-04
5062,41467904,3.75544,1.02020,1.2430e-04
5063,41476096,3.69676,1.02092,1.2421e-04
5064,41484288,3.73128,1.02152,1.2412e-04
5065,41492480,3.71006,1.01990,1.2403e-04
5066,41500672,3.72449,1.01795,1.2393e-04
5067,41508864,3.65919,1.02527,1.2384e-04
5068,41517056,3.59822,1.02734,1.2375e-04
5069,41525248,3.60963,1.01915,1.2366e-04
5070,41533440,3.67196,1.01909,1.2357e-04
5071,41541632,3.78980,1.02434,1.2347e-04
5072,41549824,3.64135,1.01924,1.2338e-04
5073,41558016,3.66380,1.01887,1.2329e-04
5074,41566208,3.56083,1.02440,1.2320e-04
5075,41574400,3.54711,1.01841,1.2311e-04
5076,41582592,3.73313,1.02125,1.2302e-04
5077,41590784,3.71742,1.01937,1.2293e-04
5078,41598976,3.59156,1.02135,1.2284e-04
5079,41607168,3.61890,1.02241,1.2274e-04
5080,41615360,3.67407,1.01790,1.2265e-04
5081,41623552,3.50774,1.02026,1.2256e-04
5082,41631744,3.67735,1.02169,1.2247e-04
5083,41639936,3.75842,1.02061,1.2238e-04
5084,41648128,3.71493,1.01814,1.2229e-04
5085,41656320,3.64308,1.01636,1.2220e-04
5086,41664512,3.60757,1.02451,1.2211e-04
5087,41672704,3.39564,1.02149,1.2202e-04
5088,41680896,3.81074,1.02339,1.2193e-04
5089,41689088,3.72205,1.01831,1.2184e-04
5090,41697280,3.57775,1.02386,1.2175e-04
5091,41705472,3.63627,1.02142,1.2166e-04
5092,41713664,3.65884,1.01786,1.2157e-04
5093,41721856,3.65313,1.02173,1.2148e-04
5094,41730048,3.59825,1.02092,1.2139e-04
5095,41738240,3.46364,1.02734,1.2130e-04
5096,41746432,3.64185,1.02177,1.2121e-04
5097,41754624,3.58084,1.02224,1.2112e-04
5098,41762816,3.54524,1.02275,1.2103e-04
5099,41771008,3.70887,1.02339,1.2094e-04
5100,41779200,3.55452,1.02664,1.2085e-04
5101,41787392,3.70084,1.02373,1.2076e-04
5102,41795584,3.65513,1.02239,1.2068e-04
5103,41803776,3.65410,1.02441,1.2059e-04
5104,41811968,3.50001,1.02214,1.2050e-04
5105,41820160,3.68568,1.02241,1.2041e-04
5106,41828352,3.65199,1.02746,1.2032e-04
5107,41836544,3.47993,1.02881,1.2023e-04
5108,41844736,3.69589,1.02111,1.2014e-04
5109,41852928,3.74822,1.01885,1.2005e-04
5110,41861120,3.54486,1.02439,1.1997e-04
5111,41869312,3.67021,1.01930,1.1988e-04
5112,41877504,3.63317,1.02354,1.1979e-04
5113,41885696,3.54960,1.01929,1.1970e-04
5114,41893888,3.66860,1.01955,1.1961e-04
5115,41902080,3.53985,1.01850,1.1952e-04
5116,41910272,3.54755,1.01883,1.1944e-04
5117,41918464,3.54324,1.01980,1.1935e-04
5118,41926656,3.65949,1.01726,1.1926e-04
5119,41934848,3.68112,1.01919,1.1917e-04
5120,41943040,3.63226,1.02492,1.1909e-04
5121,41951232,3.53349,1.02245,1.1900e-04
5122,41959424,3.66405,1.01823,1.1891e-04
5123,41967616,3.64399,1.02319,1.1882e-04
5124,41975808,3.68743,1.01962,1.1874e-04
5125,41984000,3.58480,1.02417,1.1865e-04
5126,41992192,3.73725,1.02415,1.1856e-04
5127,42000384,3.56373,1.01823,1.1847e-04
5128,42008576,3.48626,1.02645,1.1839e-04
5129,42016768,3.50580,1.01964,1.1830e-04
5130,42024960,3.68194,1.01972,1.1821e-04
5131,42033152,3.56468,1.01787,1.1813e-04
5132,42041344,3.64273,1.02003,1.1804e-04
5133,42049536,3.62612,1.01963,1.1795e-04
5134,42057728,3.64639,1.01850,1.1787e-04
5135,42065920,3.79755,1.01634,1.1778e-04
5136,42074112,3.54425,1.02023,1.1769e-04
5137,42082304,3.47862,1.01801,1.1761e-04
5138,42090496,3.65832,1.02014,1.1752e-04
5139,42098688,3.80859,1.02563,1.1744e-04
5140,42106880,3.73679,1.02236,1.1735e-04
5141,42115072,3.64971,1.01740,1.1726e-04
5142,42123264,3.69347,1.02211,1.1718e-04
5143,42131456,3.73155,1.02389,1.1709e-04
5144,42139648,3.68655,1.02000,1.1701e-04
5145,42147840,3.59374,1.02436,1.1692e-04
5146,42156032,3.49451,1.01731,1.1684e-04
5147,42164224,3.65109,1.01612,1.1675e-04
5148,42172416,3.74023,1.01711,1.1666e-04
5149,42180608,3.61254,1.02130,1.1658e-04
5150,42188800,3.53945,1.01907,1.1649e-04
5151,42196992,3.48453,1.01827,1.1641e-04
5152,42205184,3.78770,1.02156,1.1632e-04
5153,42213376,3.59883,1.01756,1.1624e-04
5154,42221568,3.60507,1.01769,1.1615e-04
5155,42229760,3.72238,1.02092,1.1607e-04
5156,42237952,3.66925,1.01790,1.1598e-04
5157,42246144,3.63181,1.01707,1.1590e-04
5158,42254336,3.69621,1.01507,1.1582e-04
5159,42262528,3.58677,1.01808,1.1573e-04
5160,42270720,3.67260,1.01971,1.1565e-04
5161,42278912,3.49916,1.02168,1.1556e-04
5162,42287104,3.65940,1.02328,1.1548e-04
5163,42295296,3.65248,1.01932,1.1539e-04
5164,42303488,3.48705,1.01885,1.1531e-04
5165,42311680,3.60602,1.01550,1.1523e-04
5166,42319872,3.54031,1.02390,1.1514e-04
5167,42328064,3.63384,1.01850,1.1506e-04
5168,42336256,3.70721,1.01823,1.1497e-04
5169,42344448,3.69557,1.02297,1.1489e-04
5170,42352640,3.85297,1.02257,1.1481e-04
5171,42360832,3.70890,1.02126,1.1472e-04
5172,42369024,3.58400,1.01620,1.1464e-04
5173,42377216,3.66910,1.01528,1.1456e-04
5174,42385408,3.57385,1.01841,1.1447e-04
5175,42393600,3.61209,1.01758,1.1439e-04
5176,42401792,3.73969,1.01735,1.1431e-04
5177,42409984,3.64016,1.01937,1.1422e-04
5178,42418176,3.67245,1.01857,1.1414e-04
5179,42426368,3.58857,1.01969,1.1406e-04
5180,42434560,3.68666,1.01933,1.1398e-04
5181,42442752,3.61354,1.01727,1.1389e-04
5182,42450944,3.59207,1.01825,1.1381e-04
5183,42459136,3.60811,1.02273,1.1373e-04
5184,42467328,3.61041,1.01480,1.1365e-04
5185,42475520,3.71419,1.01524,1.1356e-04
5186,42483712,3.56905,1.01641,1.1348e-04
5187,42491904,3.61703,1.01988,1.1340e-04
5188,42500096,3.69019,1.01511,1.1332e-04
5189,42508288,3.59757,1.01349,1.1324e-04
5190,42516480,3.65456,1.01614,1.1315e-04
5191,42524672,3.58086,1.01345,1.1307e-04
5192,42532864,3.77189,1.01714,1.1299e-04
5193,42541056,3.62593,1.02157,1.1291e-04
5194,42549248,3.57669,1.01968,1.1283e-04
5195,42557440,3.58673,1.01872,1.1274e-04
5196,42565632,3.65384,1.01554,1.1266e-04
5197,42573824,3.72296,1.02041,1.1258e-04
5198,42582016,3.72272,1.01695,1.1250e-04
5199,42590208,3.67732,1.01570,1.1242e-04
5200,42598400,3.50082,1.01388,1.1234e-04
5201,42606592,3.71095,1.01764,1.1226e-04
5202,42614784,3.63385,1.01654,1.1218e-04
5203,42622976,3.68601,1.01906,1.1210e-04
5204,42631168,3.61816,1.01882,1.1202e-04
5205,42639360,3.54176,1.01549,1.1193e-04
5206,42647552,3.66570,1.01919,1.1185e-04
5207,42655744,3.47273,1.02214,1.1177e-04
5208,42663936,3.52247,1.02158,1.1169e-04
5209,42672128,3.55101,1.01699,1.1161e-04
5210,42680320,3.58299,1.02123,1.1153e-04
5211,42688512,3.57555,1.02570,1.1145e-04
5212,42696704,3.61502,1.01880,1.1137e-04
5213,42704896,3.67165,1.01711,1.1129e-04
5214,42713088,3.55943,1.02291,1.1121e-04
5215,42721280,3.49163,1.02248,1.1113e-04
5216,42729472,3.68236,1.01942,1.1105e-04
5217,42737664,3.50886,1.02120,1.1097e-04
5218,42745856,3.64182,1.02293,1.1089e-04
5219,42754048,3.66735,1.01841,1.1081e-04
5220,42762240,3.45616,1.02935,1.1073e-04
5221,42770432,3.68407,1.01870,1.1065e-04
5222,42778624,3.59427,1.01881,1.1058e-04
5223,42786816,3.57593,1.01881,1.1050e-04
5224,42795008,3.50433,1.02196,1.1042e-04
5225,42803200,3.59324,1.01690,1.1034e-04
5226,42811392,3.63143,1.01782,1.1026e-04
5227,42819584,3.50700,1.01727,1.1018e-04
5228,42827776,3.75230,1.01721,1.1010e-04
5229,42835968,3.68460,1.01575,1.1002e-04
5230,42844160,3.54587,1.01754,1.0994e-04
5231,42852352,3.52183,1.01975,1.0987e-04
5232,42860544,3.50901,1.01817,1.0979e-04
5233,42868736,3.67672,1.01513,1.0971e-04
5234,42876928,3.50315,1.02339,1.0963e-04
5235,42885120,3.56019,1.01786,1.0955e-04
5236,42893312,3.57341,1.02138,1.0947e-04
5237,42901504,3.39582,1.02271,1.0940e-04
5238,42909696,3.68639,1.01770,1.0932e-04
5239,42917888,3.70379,1.01473,1.0924e-04
5240,42926080,3.62665,1.02104,1.0916e-04
5241,42934272,3.67916,1.01778,1.0909e-04
5242,42942464,3.59904,1.01980,1.0901e-04
5243,42950656,3.66829,1.02006,1.0893e-04
5244,42958848,3.58859,1.02545,1.0885e-04
5245,42967040,3.71856,1.02749,1.0878e-04
5246,42975232,3.60028,1.02634,1.0870e-04
5247,42983424,3.72398,1.01991,1.0862e-04
5248,42991616,3.62412,1.02213,1.0854e-04
5249,42999808,3.70215,1.01759,1.0847e-04
5250,43008000,3.59131,1.02445,1.0839e-04
5251,43016192,3.52053,1.02111,1.0831e-04
5252,43024384,3.71790,1.01861,1.0824e-04
5253,43032576,3.75984,1.01864,1.0816e-04
5254,43040768,3.56116,1.01853,1.0808e-04
5255,43048960,3.60186,1.01904,1.0801e-04
5256,43057152,3.56790,1.02230,1.0793e-04
5257,43065344,3.56951,1.02082,1.0785e-04
5258,43073536,3.64380,1.01756,1.0778e-04
5259,43081728,3.75810,1.02056,1.0770e-04
5260,43089920,3.52056,1.02120,1.0763e-04
5261,43098112,3.74823,1.01918,1.0755e-04
5262,43106304,3.76098,1.01801,1.0747e-04
5263,43114496,3.63750,1.02136,1.0740e-04
5264,43122688,3.76765,1.01483,1.0732e-04
5265,43130880,3.66454,1.01752,1.0725e-04
5266,43139072,3.60349,1.01906,1.0717e-04
5267,43147264,3.66128,1.01639,1.0710e-04
5268,43155456,3.61076,1.01806,1.0702e-04
5269,43163648,3.68243,1.01416,1.0694e-04
5270,43171840,3.59069,1.01488,1.0687e-04
5271,43180032,3.63966,1.01462,1.0679e-04
5272,43188224,3.63410,1.01891,1.0672e-04
5273,43196416,3.78221,1.01357,1.0664e-04
5274,43204608,3.53228,1.02000,1.0657e-04
5275,43212800,3.65039,1.01887,1.0649e-04
5276,43220992,3.61403,1.01838,1.0642e-04
5277,43229184,3.62729,1.01729,1.0634e-04
5278,43237376,3.67835,1.01628,1.0627e-04
5279,43245568,3.58293,1.01765,1.0620e-04
5280,43253760,3.64437,1.01497,1.0612e-04
5281,43261952,3.46948,1.02727,1.0605e-04
5282,43270144,3.45887,1.01706,1.0597e-04
5283,43278336,3.53357,1.01571,1.0590e-04
5284,43286528,3.61853,1.01954,1.0582e-04
5285,43294720,3.38214,1.01889,1.0575e-04
5286,43302912,3.60707,1.01553,1.0568e-04
5287,43311104,3.50021,1.01680,1.0560e-04
5288,43319296,3.54958,1.02316,1.0553e-04
5289,43327488,3.62022,1.01707,1.0546e-04
5290,43335680,3.51080,1.01981,1.0538e-04
5291,43343872,3.64342,1.01745,1.0531e-04
5292,43352064,3.68253,1.01691,1.0524e-04
5293,43360256,3.57016,1.01835,1.0516e-04
5294,43368448,3.58123,1.02091,1.0509e-04
5295,43376640,3.61713,1.01729,1.0502e-04
5296,43384832,3.79132,1.01913,1.0494e-04
5297,43393024,3.64985,1.01905,1.0487e-04
5298,43401216,3.60364,1.01672,1.0480e-04
5299,43409408,3.58701,1.02113,1.0472e-04
5300,43417600,3.63812,1.01585,1.0465e-04
5301,43425792,3.63162,1.02151,1.0458e-04
5302,43433984,3.57104,1.02094,1.0451e-04
5303,43442176,3.64453,1.01445,1.0443e-04
5304,43450368,3.62039,1.01680,1.0436e-04
5305,43458560,3.70931,1.01620,1.0429e-04
5306,43466752,3.60487,1.02089,1.0422e-04
5307,43474944,3.63866,1.01847,1.0414e-04
5308,43483136,3.60509,1.01851,1.0407e-04
5309,43491328,3.74290,1.01579,1.0400e-04
5310,43499520,3.65095,1.01748,1.0393e-04
5311,43507712,3.74514,1.01821,1.0386e-04
5312,43515904,3.69353,1.01780,1.0379e-04
5313,43524096,3.60575,1.02389,1.0371e-04
5314,43532288,3.69079,1.01700,1.0364e-04
5315,43540480,3.56887,1.02237,1.0357e-04
5316,43548672,3.51189,1.02045,1.0350e-04
5317,43556864,3.60339,1.01818,1.0343e-04
5318,43565056,3.64235,1.02469,1.0336e-04
5319,43573248,3.58550,1.01905,1.0329e-04
5320,43581440,3.60808,1.02506,1.0322e-04
5321,43589632,3.65769,1.01918,1.0314e-04
5322,43597824,3.45175,1.02001,1.0307e-04
5323,43606016,3.44481,1.02788,1.0300e-04
5324,43614208,3.49454,1.01879,1.0293e-04
5325,43622400,3.59802,1.01868,1.0286e-04
5326,43630592,3.65614,1.02001,1.0279e-04
5327,43638784,3.61787,1.01362,1.0272e-04
5328,43646976,3.58577,1.02214,1.0265e-04
5329,43655168,3.54770,1.02149,1.0258e-04
5330,43663360,3.63886,1.01265,1.0251e-04
5331,43671552,3.68485,1.01338,1.0244e-04
5332,43679744,3.77613,1.01275,1.0237e-04
5333,43687936,3.49831,1.01586,1.0230e-04
5334,43696128,3.62998,1.02153,1.0223e-04
5335,43704320,3.64470,1.01636,1.0216e-04
5336,43712512,3.66861,1.02089,1.0209e-04
5337,43720704,3.57705,1.02004,1.0202e-04
5338,43728896,3.74846,1.01904,1.0195e-04
5339,43737088,3.63641,1.01594,1.0188e-04
5340,43745280,3.68901,1.01987,1.0181e-04
5341,43753472,3.70471,1.01444,1.0174e-04
5342,43761664,3.66441,1.01935,1.0167e-04
5343,43769856,3.68179,1.01944,1.0161e-04
5344,43778048,3.52898,1.01840,1.0154e-04
5345,43786240,3.78243,1.01601,1.0147e-04
5346,43794432,3.62579,1.01928,1.0140e-04
5347,43802624,3.63718,1.01645,1.0133e-04
5348,43810816,3.64444,1.01846,1.0126e-04
5349,43819008,3.59996,1.01423,1.0119e-04
5350,43827200,3.69370,1.01834,1.0112e-04
5351,43835392,3.55801,1.01798,1.0106e-04
5352,43843584,3.75775,1.01967,1.0099e-04
5353,43851776,3.67146,1.01801,1.0092e-04
5354,43859968,3.69707,1.02368,1.0085e-04
5355,43868160,3.73916,1.01666,1.0078e-04
5356,43876352,3.76799,1.01803,1.0072e-04
5357,43884544,3.57173,1.01695,1.0065e-04
5358,43892736,3.54323,1.01731,1.0058e-04
5359,43900928,3.60386,1.02067,1.0051e-04
5360,43909120,3.74780,1.02870,1.0045e-04
5361,43917312,3.68197,1.01892,1.0038e-04
5362,43925504,3.50997,1.02894,1.0031e-04
5363,43933696,3.64190,1.02055,1.0024e-04
5364,43941888,3.58253,1.02089,1.0018e-04
5365,43950080,3.80062,1.01453,1.0011e-04
5366,43958272,3.61226,1.02081,1.0004e-04
5367,43966464,3.68684,1.01730,9.9975e-05
5368,43974656,3.59550,1.01538,9.9908e-05
5369,43982848,3.67905,1.01751,9.9841e-05
5370,43991040,3.46331,1.01867,9.9774e-05
5371,43999232,3.54451,1.01531,9.9708e-05
5372,44007424,3.47988,1.01824,9.9641e-05
5373,44015616,3.64192,1.01683,9.9575e-05
5374,44023808,3.62121,1.02286,9.9508e-05
5375,44032000,3.49562,1.01989,9.9442e-05
5376,44040192,3.57109,1.02118,9.9376e-05
5377,44048384,3.62075,1.01644,9.9310e-05
5378,44056576,3.53803,1.02382,9.9244e-05
5379,44064768,3.67874,1.01998,9.9178e-05
5380,44072960,3.69746,1.01937,9.9112e-05
5381,44081152,3.42410,1.02661,9.9046e-05
5382,44089344,3.63169,1.01517,9.8981e-05
5383,44097536,3.54686,1.02189,9.8915e-05
5384,44105728,3.61916,1.01810,9.8849e-05
5385,44113920,3.49584,1.03573,9.8784e-05
5386,44122112,3.64956,1.01584,9.8719e-05
5387,44130304,3.54665,1.01335,9.8653e-05
5388,44138496,3.61273,1.01785,9.8588e-05
5389,44146688,3.77468,1.01577,9.8523e-05
5390,44154880,3.54488,1.01521,9.8458e-05
5391,44163072,3.60383,1.01586,9.8393e-05
5392,44171264,3.73291,1.01415,9.8329e-05
5393,44179456,3.55275,1.01454,9.8264e-05
5394,44187648,3.73661,1.01264,9.8199e-05
5395,44195840,3.56707,1.01099,9.8135e-05
5396,44204032,3.67494,1.01089,9.8070e-05
5397,44212224,3.60663,1.01555,9.8006e-05
5398,44220416,3.72658,1.01147,9.7942e-05
5399,44228608,3.63991,1.01239,9.7877e-05
5400,44236800,3.65723,1.01240,9.7813e-05
5401,44244992,3.45721,1.01589,9.7749e-05
5402,44253184,3.68272,1.01368,9.7685e-05
5403,44261376,3.51029,1.01559,9.7621e-05
5404,44269568,3.68729,1.01061,9.7558e-05
5405,44277760,3.55621,1.01309,9.7494e-05
5406,44285952,3.67023,1.01099,9.7430e-05
5407,44294144,3.65950,1.01442,9.7367e-05
5408,44302336,3.51532,1.01534,9.7303e-05
5409,44310528,3.68497,1.01088,9.7240e-05
5410,44318720,3.59961,1.01384,9.7177e-05
5411,44326912,3.55923,1.01145,9.7114e-05
5412,44335104,3.61217,1.01182,9.7051e-05
5413,44343296,3.75517,1.01173,9.6988e-05
5414,44351488,3.58643,1.01367,9.6925e-05
5415,44359680,3.64648,1.01555,9.6862e-05
5416,44367872,3.49985,1.01309,9.6799e-05
5417,44376064,3.71957,1.01033,9.6737e-05
5418,44384256,3.62480,1.01420,9.6674e-05
5419,44392448,3.63330,1.01357,9.6612e-05
5420,44400640,3.59342,1.01452,9.6549e-05
5421,44408832,3.71799,1.01081,9.6487e-05
5422,44417024,3.70071,1.01359,9.6425e-05
5423,44425216,3.35642,1.01735,9.6363e-05
5424,44433408,3.44374,1.01412,9.6301e-05
5425,44441600,3.70615,1.01237,9.6239e-05
5426,44449792,3.40853,1.01426,9.6177e-05
5427,44457984,3.57968,1.01426,9.6115e-05
5428,44466176,3.69449,1.01566,9.6053e-05
5429,44474368,3.64316,1.01626,9.5992e-05
5430,44482560,3.71956,1.01694,9.5930e-05
5431,44490752,3.76747,1.01281,9.5869e-05
5432,44498944,3.59296,1.02181,9.5808e-05
5433,44507136,3.68744,1.01822,9.5746e-05
5434,44515328,3.53689,1.01412,9.5685e-05
5435,44523520,3.71802,1.02217,9.5624e-05
5436,44531712,3.43991,1.02025,9.5563e-05
5437,44539904,3.76487,1.01951,9.5502e-05
5438,44548096,3.42511,1.02273,9.5441e-05
5439,44556288,3.71429,1.02230,9.5381e-05
5440,44564480,3.59242,1.02169,9.5320e-05
5441,44572672,3.63045,1.01819,9.5260e-05
5442,44580864,3.64504,1.01455,9.5199e-05
5443,44589056,3.66854,1.01533,9.5139e-05
5444,44597248,3.69543,1.01570,9.5078e-05
5445,44605440,3.50681,1.01715,9.5018e-05
5446,44613632,3.59923,1.02568,9.4958e-05
5447,44621824,3.46006,1.03029,9.4898e-05
5448,44630016,3.70781,1.01413,9.4838e-05
5449,44638208,3.77042,1.01351,9.4778e-05
5450,44646400,3.71627,1.01732,9.4719e-05
5451,44654592,3.63854,1.02147,9.4659e-05
5452,44662784,3.69727,1.01786,9.4599e-05
5453,44670976,3.71405,1.01841,9.4540e-05
5454,44679168,3.72469,1.01784,9.4480e-05
5455,44687360,3.46599,1.02493,9.4421e-05
5456,44695552,3.71102,1.01772,9.4362e-05
5457,44703744,3.74547,1.02104,9.4303e-05
5458,44711936,3.57792,1.01547,9.4244e-05
5459,44720128,3.67701,1.01663,9.4185e-05
5460,44728320,3.72881,1.01493,9.4126e-05
5461,44736512,3.63372,1.01653,9.4067e-05
5462,44744704,3.56375,1.02161,9.4008e-05
5463,44752896,3.86155,1.02079,9.3950e-05
5464,44761088,3.74429,1.01869,9.3891e-05
5465,44769280,3.51671,1.02096,9.3833e-05
5466,44777472,3.65413,1.01383,9.3775e-05
5467,44785664,3.75991,1.01774,9.3716e-05
5468,44793856,3.58504,1.01902,9.3658e-05
5469,44802048,3.72421,1.01714,9.3600e-05
5470,44810240,3.69965,1.01492,9.3542e-05
5471,44818432,3.65081,1.01553,9.3484e-05
5472,44826624,3.53664,1.01769,9.3426e-05
5473,44834816,3.51501,1.02056,9.3369e-05
5474,44843008,3.43098,1.02857,9.3311e-05
5475,44851200,3.64294,1.01196,9.3253e-05
5476,44859392,3.70836,1.01801,9.3196e-05
5477,44867584,3.73528,1.01537,9.3139e-05
5478,44875776,3.56329,1.01413,9.3081e-05
5479,44883968,3.73957,1.01491,9.3024e-05
5480,44892160,3.64768,1.01297,9.2967e-05
5481,44900352,3.57806,1.01321,9.2910e-05
5482,44908544,3.52682,1.01626,9.2853e-05
5483,44916736,3.49297,1.01308,9.2796e-05
5484,44924928,3.59273,1.01775,9.2739e-05
5485,44933120,3.68012,1.01359,9.2683e-05
5486,44941312,3.70916,1.01454,9.2626e-05
5487,44949504,3.76235,1.01276,9.2570e-05
5488,44957696,3.48933,1.01761,9.2513e-05
5489,44965888,3.57948,1.01334,9.2457e-05
5490,44974080,3.53322,1.01926,9.2401e-05
5491,44982272,3.66016,1.01314,9.2344e-05
5492,44990464,3.76610,1.01280,9.2288e-05
5493,44998656,3.80273,1.01652,9.2232e-05
5494,45006848,3.58968,1.01536,9.2177e-05
5495,45015040,3.75222,1.01330,9.2121e-05
5496,45023232,3.45879,1.01466,9.2065e-05
5497,45031424,3.58626,1.01628,9.2009e-05
5498,45039616,3.46637,1.01817,9.1954e-05
5499,45047808,3.53862,1.01206,9.1899e-05
5500,45056000,3.48614,1.01850,9.1843e-05
5501,45064192,3.65321,1.01390,9.1788e-05
5502,45072384,3.64303,1.01157,9.1733e-05
5503,45080576,3.64856,1.01428,9.1678e-05
5504,45088768,3.67970,1.01469,9.1623e-05
5505,45096960,3.46096,1.01951,9.1568e-05
5506,45105152,3.68257,1.01931,9.1513e-05
5507,45113344,3.57660,1.01299,9.1458e-05
5508,45121536,3.51295,1.01457,9.1404e-05
5509,45129728,3.65049,1.01832,9.1349e-05
5510,45137920,3.66194,1.01570,9.1295e-05
5511,45146112,3.65303,1.01591,9.1240e-05
5512,45154304,3.51845,1.01804,9.1186e-05
5513,45162496,3.55376,1.02047,9.1132e-05
5514,45170688,3.61248,1.01384,9.1078e-05
5515,45178880,3.58335,1.01666,9.1024e-05
5516,45187072,3.65021,1.01666,9.0970e-05
5517,45195264,3.53983,1.02022,9.0916e-05
5518,45203456,3.58495,1.01656,9.0862e-05
5519,45211648,3.55781,1.01763,9.0808e-05
5520,45219840,3.45243,1.01728,9.0755e-05
5521,45228032,3.62803,1.01828,9.0701e-05
5522,45236224,3.57372,1.01594,9.0648e-05
5523,45244416,3.55276,1.01684,9.0595e-05
5524,45252608,3.65684,1.01649,9.0541e-05
5525,45260800,3.64200,1.01470,9.0488e-05
5526,45268992,3.67007,1.01596,9.0435e-05
5527,45277184,3.54591,1.01606,9.0382e-05
5528,45285376,3.70705,1.01191,9.0329e-05
5529,45293568,3.46070,1.01573,9.0277e-05
5530,45301760,3.62627,1.02663,9.0224e-05
5531,45309952,3.65943,1.01960,9.0171e-05
5532,45318144,3.63424,1.01651,9.0119e-05
5533,45326336,3.60297,1.02037,9.0066e-05
5534,45334528,3.73011,1.01637,9.0014e-05
5535,45342720,3.65068,1.01913,8.9962e-05
5536,45350912,3.64283,1.01671,8.9910e-05
5537,45359104,3.63783,1.01601,8.9858e-05
5538,45367296,3.58862,1.01390,8.9806e-05
5539,45375488,3.52572,1.01523,8.9754e-05
5540,45383680,3.59525,1.02115,8.9702e-05
5541,45391872,3.53648,1.02080,8.9650e-05
5542,45400064,3.55658,1.01510,8.9599e-05
5543,45408256,3.73729,1.01455,8.9547e-05
5544,45416448,3.61170,1.02354,8.9496e-05
5545,45424640,3.50016,1.02169,8.9444e-05
5546,45432832,3.50285,1.02297,8.9393e-05
5547,45441024,3.49590,1.02098,8.9342e-05
5548,45449216,3.61789,1.01274,8.9291e-05
5549,45457408,3.65799,1.01248,8.9240e-05
5550,45465600,3.55269,1.01745,8.9189e-05
5551,45473792,3.66435,1.01308,8.9138e-05
5552,45481984,3.69125,1.01874,8.9087e-05
5553,45490176,3.56575,1.01609,8.9037e-05
5554,45498368,3.68636,1.02013,8.8986e-05
5555,45506560,3.71453,1.01304,8.8936e-05
5556,45514752,3.58467,1.01563,8.8885e-05
5557,45522944,3.79950,1.02423,8.8835e-05
5558,45531136,3.65906,1.01282,8.8785e-05
5559,45539328,3.37035,1.01910,8.8735e-05
5560,45547520,3.62006,1.01336,8.8685e-05
5561,45555712,3.51509,1.02200,8.8635e-05
5562,45563904,3.57079,1.01815,8.8585e-05
5563,45572096,3.64572,1.01399,8.8535e-05
5564,45580288,3.58608,1.01743,8.8486e-05
5565,45588480,3.56905,1.01874,8.8436e-05
5566,45596672,3.59885,1.01888,8.8387e-05
5567,45604864,3.54632,1.01919,8.8337e-05
5568,45613056,3.52244,1.02070,8.8288e-05
5569,45621248,3.60916,1.01824,8.8239e-05
5570,45629440,3.60860,1.01230,8.8190e-05
5571,45637632,3.66074,1.01451,8.8140e-05
5572,45645824,3.69585,1.01743,8.8092e-05
5573,45654016,3.65030,1.01462,8.8043e-05
5574,45662208,3.64800,1.01344,8.7994e-05
5575,45670400,3.60431,1.01571,8.7945e-05
5576,45678592,3.44648,1.01896,8.7897e-05
5577,45686784,3.60119,1.01414,8.7848e-05
5578,45694976,3.59991,1.01342,8.7800e-05
5579,45703168,3.64516,1.01356,8.7751e-05
5580,45711360,3.53976,1.01414,8.7703e-05
5581,45719552,3.77147,1.01460,8.7655e-05
5582,45727744,3.64635,1.01624,8.7607e-05
5583,45735936,3.71340,1.01852,8.7559e-05
5584,45744128,3.52308,1.01603,8.7511e-05
5585,45752320,3.73487,1.01432,8.7463e-05
5586,45760512,3.56676,1.01689,8.7416e-05
5587,45768704,3.71926,1.01852,8.7368e-05
5588,45776896,3.65661,1.01478,8.7321e-05
5589,45785088,3.57960,1.01987,8.7273e-05
5590,45793280,3.54325,1.01666,8.7226e-05
5591,45801472,3.61550,1.01433,8.7179e-05
5592,45809664,3.61089,1.01367,8.7132e-05
5593,45817856,3.59138,1.01965,8.7085e-05
5594,45826048,3.46389,1.01847,8.7038e-05
5595,45834240,3.62150,1.01777,8.6991e-05
5596,45842432,3.63797,1.01486,8.6944e-05
5597,45850624,3.72869,1.01246,8.6897e-05
5598,45858816,3.53238,1.01279,8.6851e-05
5599,45867008,3.77196,1.01257,8.6804e-05
5600,45875200,3.50467,1.01933,8.6758e-05
5601,45883392,3.42063,1.02543,8.6711e-05
5602,45891584,3.76721,1.01223,8.6665e-05
5603,45899776,3.69033,1.01289,8.6619e-05
5604,45907968,3.49893,1.01570,8.6573e-05
5605,45916160,3.60388,1.01310,8.6527e-05
5606,45924352,3.42512,1.02188,8.6481e-05
5607,45932544,3.52658,1.01576,8.6435e-05
5608,45940736,3.63602,1.01429,8.6389e-05
5609,45948928,3.70178,1.01791,8.6344e-05
5610,45957120,3.51832,1.01519,8.6298e-05
5611,45965312,3.60374,1.00960,8.6253e-05
5612,45973504,3.56975,1.01672,8.6207e-05
5613,45981696,3.56048,1.01402,8.6162e-05
5614,45989888,3.59212,1.01217,8.6117e-05
5615,45998080,3.54224,1.01395,8.6072e-05
5616,46006272,3.58018,1.01709,8.6027e-05
5617,46014464,3.56451,1.02153,8.5982e-05
5618,46022656,3.50241,1.01469,8.5937e-05
5619,46030848,3.58214,1.01546,8.5893e-05
5620,46039040,3.51228,1.02188,8.5848e-05
5621,46047232,3.63461,1.01541,8.5803e-05
5622,46055424,3.70958,1.02064,8.5759e-05
5623,46063616,3.50574,1.01557,8.5715e-05
5624,46071808,3.62891,1.02050,8.5670e-05
5625,46080000,3.39334,1.01829,8.5626e-05
5626,46088192,3.63640,1.01719,8.5582e-05
5627,46096384,3.68880,1.01889,8.5538e-05
5628,46104576,3.65449,1.02234,8.5494e-05
5629,46112768,3.52305,1.01930,8.5450e-05
5630,46120960,3.66836,1.01989,8.5407e-05
5631,46129152,3.65268,1.01481,8.5363e-05
5632,46137344,3.53622,1.01626,8.5319e-05
5633,46145536,3.67774,1.01341,8.5276e-05
5634,46153728,3.57480,1.01672,8.5233e-05
5635,46161920,3.66430,1.01997,8.5189e-05
5636,46170112,3.60565,1.01119,8.5146e-05
5637,46178304,3.53338,1.01381,8.5103e-05
5638,46186496,3.59194,1.01671,8.5060e-05
5639,46194688,3.66014,1.01039,8.5017e-05
5640,46202880,3.65129,1.01543,8.4974e-05
5641,46211072,3.53550,1.01300,8.4932e-05
5642,46219264,3.60948,1.01390,8.4889e-05
5643,46227456,3.52309,1.01045,8.4846e-05
5644,46235648,3.59712,1.01916,8.4804e-05
5645,46243840,3.55039,1.01151,8.4762e-05
5646,46252032,3.45549,1.01522,8.4719e-05
5647,46260224,3.44883,1.01495,8.4677e-05
5648,46268416,3.62283,1.01613,8.4635e-05
5649,46276608,3.56438,1.01352,8.4593e-05
5650,46284800,3.66210,1.01496,8.4551e-05
5651,46292992,3.58193,1.01215,8.4509e-05
5652,46301184,3.63096,1.01129,8.4467e-05
5653,46309376,3.55292,1.01423,8.4426e-05
5654,46317568,3.59555,1.01602,8.4384e-05
5655,46325760,3.53485,1.01384,8.4343e-05
5656,46333952,3.75561,1.01968,8.4301e-05
5657,46342144,3.80309,1.01601,8.4260e-05
5658,46350336,3.55823,1.01316,8.4219e-05
5659,46358528,3.78672,1.01617,8.4178e-05
5660,46366720,3.66718,1.01662,8.4137e-05
5661,46374912,3.61903,1.01620,8.4096e-05
5662,46383104,3.51899,1.01764,8.4055e-05
5663,46391296,3.55671,1.01408,8.4014e-05
5664,46399488,3.60277,1.01683,8.3974e-05
5665,46407680,3.65297,1.01612,8.3933e-05
5666,46415872,3.53084,1.01225,8.3893e-05
5667,46424064,3.64033,1.01488,8.3852e-05
5668,46432256,3.50785,1.01978,8.3812e-05
5669,46440448,3.52838,1.01080,8.3772e-05
5670,46448640,3.72693,1.01218,8.3732e-05
5671,46456832,3.60179,1.01089,8.3692e-05
5672,46465024,3.59500,1.01627,8.3652e-05
5673,46473216,3.76829,1.01284,8.3612e-05
5674,46481408,3.64312,1.01250,8.3572e-05
5675,46489600,3.57648,1.02097,8.3532e-05
5676,46497792,3.57087,1.00994,8.3493e-05
5677,46505984,3.53451,1.01985,8.3453e-05
5678,46514176,3.53734,1.02557,8.3414e-05
5679,46522368,3.64347,1.01381,8.3375e-05
5680,46530560,3.57196,1.01280,8.3336e-05
5681,46538752,3.67696,1.01485,8.3296e-05
5682,46546944,3.67173,1.01458,8.3257e-05
5683,46555136,3.73347,1.00978,8.3218e-05
5684,46563328,3.80384,1.01127,8.3180e-05
5685,46571520,3.58676,1.01513,8.3141e-05
5686,46579712,3.61662,1.01422,8.3102e-05
5687,46587904,3.66936,1.01578,8.3064e-05
5688,46596096,3.60178,1.02009,8.3025e-05
5689,46604288,3.45258,1.01316,8.2987e-05
5690,46612480,3.67992,1.01736,8.2948e-05
5691,46620672,3.62082,1.01607,8.2910e-05
5692,46628864,3.62492,1.01254,8.2872e-05
5693,46637056,3.50577,1.01597,8.2834e-05
5694,46645248,3.65501,1.01217,8.2796e-05
5695,46653440,3.58617,1.01861,8.2758e-05
5696,46661632,3.51891,1.01562,8.2721e-05
5697,46669824,3.62550,1.01564,8.2683e-05
5698,46678016,3.60071,1.01822,8.2645e-05
5699,46686208,3.51635,1.02079,8.2608e-05
5700,46694400,3.49318,1.02019,8.2571e-05
5701,46702592,3.66040,1.01835,8.2533e-05
5702,46710784,3.50820,1.01952,8.2496e-05
5703,46718976,3.65105,1.01371,8.2459e-05
5704,46727168,3.63675,1.01350,8.2422e-05
5705,46735360,3.60860,1.01509,8.2385e-05
5706,46743552,3.44667,1.02298,8.2348e-05
5707,46751744,3.49287,1.02748,8.2311e-05
5708,46759936,3.59352,1.01391,8.2275e-05
5709,46768128,3.58925,1.01472,8.2238e-05
5710,46776320,3.62612,1.01439,8.2202e-05
5711,46784512,3.69836,1.02055,8.2165e-05
5712,46792704,3.67959,1.01859,8.2129e-05
5713,46800896,3.66861,1.01344,8.2093e-05
5714,46809088,3.53785,1.01757,8.2057e-05
5715,46817280,3.66168,1.01415,8.2021e-05
5716,46825472,3.57428,1.01607,8.1985e-05
5717,46833664,3.66787,1.01475,8.1949e-05
5718,46841856,3.55359,1.01481,8.1913e-05
5719,46850048,3.51499,1.02196,8.1878e-05
5720,46858240,3.62038,1.02172,8.1842e-05
5721,46866432,3.65537,1.01740,8.1807e-05
5722,46874624,3.63469,1.01794,8.1771e-05
5723,46882816,3.61230,1.01609,8.1736e-05
5724,46891008,3.53470,1.02167,8.1701e-05
5725,46899200,3.46545,1.02183,8.1666e-05
5726,46907392,3.65143,1.01743,8.1631e-05
5727,46915584,3.63545,1.02340,8.1596e-05
5728,46923776,3.44412,1.01573,8.1561e-05
5729,46931968,3.44113,1.02571,8.1526e-05
5730,46940160,3.55984,1.01271,8.1491e-05
5731,46948352,3.43728,1.01861,8.1457e-05
5732,46956544,3.56998,1.01239,8.1422e-05
5733,46964736,3.66324,1.01249,8.1388e-05
5734,46972928,3.52952,1.01585,8.1354e-05
5735,46981120,3.81234,1.01612,8.1320e-05
5736,46989312,3.68796,1.01289,8.1285e-05
5737,46997504,3.71497,1.01235,8.1251e-05
5738,47005696,3.62470,1.01654,8.1218e-05
5739,47013888,3.67117,1.01789,8.1184e-05
5740,47022080,3.72049,1.02060,8.1150e-05
5741,47030272,3.61350,1.01750,8.1116e-05
5742,47038464,3.67150,1.01624,8.1083e-05
5743,47046656,3.49292,1.01233,8.1049e-05
5744,47054848,3.52949,1.01165,8.1016e-05
5745,47063040,3.52068,1.01736,8.0983e-05
5746,47071232,3.61529,1.01106,8.0950e-05
5747,47079424,3.53427,1.01719,8.0916e-05
5748,47087616,3.49556,1.01612,8.0883e-05
5749,47095808,3.64698,1.01909,8.0851e-05
5750,47104000,3.59314,1.01478,8.0818e-05
5751,47112192,3.57326,1.01995,8.0785e-05
5752,47120384,3.56727,1.02177,8.0752e-05
5753,47128576,3.52834,1.01836,8.0720e-05
5754,47136768,3.48858,1.01333,8.0687e-05
5755,47144960,3.62786,1.01534,8.0655e-05
5756,47153152,3.72410,1.01745,8.0623e-05
5757,47161344,3.56835,1.01415,8.0591e-05
5758,47169536,3.56876,1.01955,8.0558e-05
5759,47177728,3.57884,1.01132,8.0526e-05
5760,47185920,3.57017,1.02403,8.0495e-05
5761,47194112,3.56835,1.01495,8.0463e-05
5762,47202304,3.54682,1.01656,8.0431e-05
5763,47210496,3.50490,1.02008,8.0399e-05
5764,47218688,3.65596,1.01590,8.0368e-05
5765,47226880,3.51545,1.01465,8.0336e-05
5766,47235072,3.71268,1.01718,8.0305e-05
5767,47243264,3.79383,1.01434,8.0274e-05
5768,47251456,3.53873,1.01798,8.0243e-05
5769,47259648,3.53109,1.01692,8.0212e-05
5770,47267840,3.55362,1.01269,8.0181e-05
5771,47276032,3.72559,1.01391,8.0150e-05
5772,47284224,3.60563,1.01135,8.0119e-05
5773,47292416,3.68355,1.01232,8.0088e-05
5774,47300608,3.49987,1.01682,8.0058e-05
5775,47308800,3.69163,1.01362,8.0027e-05
5776,47316992,3.54343,1.01581,7.9997e-05
5777,47325184,3.51299,1.01646,7.9966e-05
5778,47333376,3.78088,1.01275,7.9936e-05
5779,47341568,3.66778,1.01911,7.9906e-05
5780,47349760,3.64713,1.01671,7.9876e-05
5781,47357952,3.51934,1.01386,7.9846e-05
5782,47366144,3.47987,1.02365,7.9816e-05
5783,47374336,3.59268,1.01867,7.9786e-05
5784,47382528,3.46302,1.01768,7.9756e-05
5785,47390720,3.51173,1.01968,7.9727e-05
5786,47398912,3.61632,1.01385,7.9697e-05
5787,47407104,3.68770,1.01832,7.9668e-05
5788,47415296,3.49235,1.01591,7.9638e-05
5789,47423488,3.68329,1.01376,7.9609e-05
5790,47431680,3.57775,1.01524,7.9580e-05
5791,47439872,3.57231,1.02133,7.9551e-05
5792,47448064,3.64109,1.01570,7.9522e-05
5793,47456256,3.58497,1.01454,7.9493e-05
5794,47464448,3.63532,1.01453,7.9464e-05
5795,47472640,3.59570,1.01598,7.9436e-05
5796,47480832,3.64454,1.01586,7.9407e-05
5797,47489024,3.56235,1.01467,7.9379e-05
5798,47497216,3.49664,1.01839,7.9350e-05
5799,47505408,3.66616,1.01427,7.9322e-05
5800,47513600,3.54134,1.01433,7.9294e-05
5801,47521792,3.61322,1.02010,7.9265e-05
5802,47529984,3.56517,1.01585,7.9237e-05
5803,47538176,3.59863,1.00981,7.9209e-05
5804,47546368,3.44266,1.01859,7.9182e-05
5805,47554560,3.64345,1.01647,7.9154e-05
5806,47562752,3.56323,1.01211,7.9126e-05
5807,47570944,3.55807,1.01134,7.9099e-05
5808,47579136,3.76393,1.00862,7.9071e-05
5809,47587328,3.63145,1.01036,7.9044e-05
5810,47595520,3.51461,1.01454,7.9016e-05
5811,47603712,3.63343,1.00993,7.8989e-05
5812,47611904,3.67811,1.01284,7.8962e-05
5813,47620096,3.69504,1.00915,7.8935e-05
5814,47628288,3.62384,1.01518,7.8908e-05
5815,47636480,3.57695,1.00946,7.8881e-05
5816,47644672,3.57388,1.01115,7.8854e-05
5817,47652864,3.53167,1.01431,7.8828e-05
5818,47661056,3.44343,1.02026,7.8801e-05
5819,47669248,3.56361,1.01470,7.8775e-05
5820,47677440,3.62211,1.01549,7.8748e-05
5821,47685632,3.58200,1.01659,7.8722e-05
5822,47693824,3.64430,1.01759,7.8696e-05
5823,47702016,3.56952,1.01877,7.8670e-05
5824,47710208,3.63966,1.01412,7.8644e-05
5825,47718400,3.73012,1.01232,7.8618e-05
5826,47726592,3.60787,1.01015,7.8592e-05
5827,47734784,3.49335,1.01310,7.8566e-05
5828,47742976,3.51057,1.01196,7.8540e-05
5829,47751168,3.69262,1.01149,7.8515e-05
5830,47759360,3.50213,1.01523,7.8489e-05
5831,47767552,3.60268,1.01417,7.8464e-05
5832,47775744,3.61117,1.01119,7.8439e-05
5833,47783936,3.46860,1.01059,7.8414e-05
5834,47792128,3.53025,1.01043,7.8388e-05
5835,47800320,3.58502,1.01059,7.8363e-05
5836,47808512,3.52339,1.01146,7.8338e-05
5837,47816704,3.77840,1.01551,7.8314e-05
5838,47824896,3.57281,1.01232,7.8289e-05
5839,47833088,3.59479,1.01148,7.8264e-05
5840,47841280,3.67550,1.01000,7.8240e-05
5841,47849472,3.39797,1.01521,7.8215e-05
5842,47857664,3.67156,1.01339,7.8191e-05
5843,47865856,3.66414,1.01071,7.8167e-05
5844,47874048,3.67633,1.01319,7.8142e-05
5845,47882240,3.58734,1.01439,7.8118e-05
5846,47890432,3.58846,1.01189,7.8094e-05
5847,47898624,3.62849,1.01239,7.8070e-05
5848,47906816,3.64164,1.01637,7.8047e-05
5849,47915008,3.54850,1.02233,7.8023e-05
5850,47923200,3.52531,1.01132,7.7999e-05
5851,47931392,3.49059,1.01516,7.7976e-05
5852,47939584,3.49943,1.01287,7.7952e-05
5853,47947776,3.63612,1.01441,7.7929e-05
5854,47955968,3.67301,1.01635,7.7906e-05
5855,47964160,3.53747,1.01277,7.7883e-05
5856,47972352,3.57782,1.01263,7.7859e-05
5857,47980544,3.56514,1.01131,7.7836e-05
5858,47988736,3.64946,1.01363,7.7814e-05
5859,47996928,3.53658,1.01186,7.7791e-05
5860,48005120,3.59933,1.01057,7.7768e-05
5861,48013312,3.56795,1.01607,7.7745e-05
5862,48021504,3.58678,1.01046,7.7723e-05
5863,48029696,3.44733,1.01569,7.7701e-05
5864,48037888,3.58416,1.01159,7.7678e-05
5865,48046080,3.51096,1.01307,7.7656e-05
5866,48054272,3.48320,1.01047,7.7634e-05
5867,48062464,3.62975,1.01065,7.7612e-05
5868,48070656,3.47768,1.01191,7.7590e-05
5869,48078848,3.54487,1.01204,7.7568e-05
5870,48087040,3.52286,1.01256,7.7546e-05
5871,48095232,3.69438,1.01371,7.7524e-05
5872,48103424,3.54791,1.01114,7.7503e-05
5873,48111616,3.49968,1.01388,7.7481e-05
5874,48119808,3.59347,1.00978,7.7460e-05
5875,48128000,3.60141,1.01160,7.7439e-05
5876,48136192,3.61913,1.01625,7.7417e-05
5877,48144384,3.63892,1.01345,7.7396e-05
5878,48152576,3.63506,1.01267,7.7375e-05
5879,48160768,3.72786,1.01286,7.7354e-05
5880,48168960,3.65100,1.00951,7.7333e-05
5881,48177152,3.49959,1.01299,7.7313e-05
5882,48185344,3.62610,1.01251,7.7292e-05
5883,48193536,3.58985,1.01365,7.7271e-05
5884,48201728,3.63659,1.01234,7.7251e-05
5885,48209920,3.62227,1.01142,7.7231e-05
5886,48218112,3.63912,1.01300,7.7210e-05
5887,48226304,3.56021,1.01801,7.7190e-05
5888,48234496,3.61751,1.02539,7.7170e-05
5889,48242688,3.49509,1.01963,7.7150e-05
5890,48250880,3.62408,1.01546,7.7130e-05
5891,48259072,3.65944,1.01222,7.7110e-05
5892,48267264,3.49999,1.01427,7.7090e-05
5893,48275456,3.75962,1.01135,7.7071e-05
5894,48283648,3.60039,1.01468,7.7051e-05
5895,48291840,3.60267,1.01763,7.7032e-05
5896,48300032,3.53618,1.01592,7.7012e-05
5897,48308224,3.31760,1.01598,7.6993e-05
5898,48316416,3.59239,1.01419,7.6974e-05
5899,48324608,3.59910,1.01156,7.6955e-05
5900,48332800,3.54729,1.01430,7.6936e-05
5901,48340992,3.50998,1.01418,7.6917e-05
5902,48349184,3.55373,1.01327,7.6898e-05
5903,48357376,3.71155,1.01496,7.6879e-05
5904,48365568,3.57398,1.01279,7.6861e-05
5905,48373760,3.73702,1.01124,7.6842e-05
5906,48381952,3.54594,1.01086,7.6824e-05
5907,48390144,3.51140,1.01000,7.6805e-05
5908,48398336,3.44227,1.01137,7.6787e-05
5909,48406528,3.54424,1.00947,7.6769e-05
5910,48414720,3.52489,1.00856,7.6751e-05
5911,48422912,3.47887,1.01769,7.6733e-05
5912,48431104,3.71369,1.01132,7.6715e-05
5913,48439296,3.70336,1.01340,7.6697e-05
5914,48447488,3.59457,1.01099,7.6679e-05
5915,48455680,3.71335,1.01288,7.6662e-05
5916,48463872,3.59467,1.01143,7.6644e-05
5917,48472064,3.40013,1.01620,7.6627e-05
5918,48480256,3.54049,1.01811,7.6609e-05
5919,48488448,3.92673,1.00960,7.6592e-05
5920,48496640,3.66167,1.01092,7.6575e-05
5921,48504832,3.55121,1.01395,7.6558e-05
5922,48513024,3.59236,1.01105,7.6541e-05
5923,48521216,3.60373,1.01113,7.6524e-05
5924,48529408,3.61117,1.01252,7.6507e-05
5925,48537600,3.57792,1.01672,7.6491e-05
5926,48545792,3.60329,1.01482,7.6474e-05
5927,48553984,3.43581,1.01425,7.6458e-05
5928,48562176,3.49548,1.01603,7.6441e-05
5929,48570368,3.46552,1.01854,7.6425e-05
5930,48578560,3.59810,1.00753,7.6409e-05
5931,48586752,3.76337,1.01151,7.6392e-05
5932,48594944,3.57779,1.01236,7.6376e-05
5933,48603136,3.61146,1.01376,7.6360e-05
5934,48611328,3.61971,1.01706,7.6345e-05
5935,48619520,3.53963,1.01122,7.6329e-05
5936,48627712,3.51241,1.01728,7.6313e-05
5937,48635904,3.56304,1.01027,7.6298e-05
5938,48644096,3.69634,1.01098,7.6282e-05
5939,48652288,3.42624,1.01469,7.6267e-05
5940,48660480,3.53521,1.01099,7.6251e-05
5941,48668672,3.64448,1.01887,7.6236e-05
5942,48676864,3.58856,1.01460,7.6221e-05
5943,48685056,3.58485,1.01483,7.6206e-05
5944,48693248,3.49907,1.01385,7.6191e-05
5945,48701440,3.54270,1.02064,7.6176e-05
5946,48709632,3.42510,1.02445,7.6162e-05
5947,48717824,3.60039,1.00990,7.6147e-05
5948,48726016,3.46317,1.01232,7.6132e-05
5949,48734208,3.59478,1.01594,7.6118e-05
5950,48742400,3.55044,1.01057,7.6104e-05
5951,48750592,3.83981,1.01027,7.6089e-05
5952,48758784,3.69388,1.01576,7.6075e-05
5953,48766976,3.45308,1.02227,7.6061e-05
5954,48775168,3.49071,1.01066,7.6047e-05
5955,48783360,3.63860,1.01317,7.6033e-05
5956,48791552,3.66922,1.01263,7.6019e-05
5957,48799744,3.66051,1.01700,7.6006e-05
5958,48807936,3.54980,1.01542,7.5992e-05
5959,48816128,3.51194,1.01124,7.5978e-05
5960,48824320,3.50820,1.01575,7.5965e-05
5961,48832512,3.63200,1.01062,7.5952e-05
5962,48840704,3.55804,1.01420,7.5938e-05
5963,48848896,3.58093,1.01641,7.5925e-05
5964,48857088,3.63497,1.01339,7.5912e-05
5965,48865280,3.73025,1.01204,7.5899e-05
5966,48873472,3.60105,1.01073,7.5886e-05
5967,48881664,3.66641,1.01556,7.5873e-05
5968,48889856,3.54581,1.00951,7.5861e-05
5969,48898048,3.63795,1.01294,7.5848e-05
5970,48906240,3.74096,1.01002,7.5836e-05
5971,48914432,3.42811,1.01275,7.5823e-05
5972,48922624,3.72708,1.01261,7.5811e-05
5973,48930816,3.58710,1.01184,7.5799e-05
5974,48939008,3.57915,1.00930,7.5787e-05
5975,48947200,3.60852,1.02203,7.5774e-05
5976,48955392,3.54614,1.01278,7.5763e-05
5977,48963584,3.58190,1.01171,7.5751e-05
5978,48971776,3.66723,1.01196,7.5739e-05
5979,48979968,3.61551,1.01271,7.5727e-05
5980,48988160,3.44174,1.00835,7.5716e-05
5981,48996352,3.44907,1.01211,7.5704e-05
5982,49004544,3.59449,1.01089,7.5693e-05
5983,49012736,3.64241,1.01365,7.5681e-05
5984,49020928,3.64777,1.01337,7.5670e-05
5985,49029120,3.68681,1.01370,7.5659e-05
5986,49037312,3.70538,1.01397,7.5648e-05
5987,49045504,3.57149,1.01201,7.5637e-05
5988,49053696,3.41402,1.01644,7.5626e-05
5989,49061888,3.59985,1.01237,7.5616e-05
5990,49070080,3.47978,1.01333,7.5605e-05
5991,49078272,3.62628,1.01540,7.5594e-05
5992,49086464,3.58726,1.01499,7.5584e-05
5993,49094656,3.31953,1.02217,7.5573e-05
5994,49102848,3.71581,1.01739,7.5563e-05
5995,49111040,3.47299,1.01952,7.5553e-05
5996,49119232,3.67324,1.02213,7.5543e-05
5997,49127424,3.69222,1.01409,7.5533e-05
5998,49135616,3.65104,1.01647,7.5523e-05
5999,49143808,3.60579,1.01651,7.5513e-05
6000,49152000,3.66830,1.01643,7.5503e-05
6001,49160192,3.51164,1.01432,7.5494e-05
6002,49168384,3.49831,1.01810,7.5484e-05
6003,49176576,3.54179,1.01625,7.5475e-05
6004,49184768,3.57639,1.01750,7.5465e-05
6005,49192960,3.62829,1.01522,7.5456e-05
6006,49201152,3.51661,1.01338,7.5447e-05
6007,49209344,3.43382,1.01329,7.5438e-05
6008,49217536,3.61470,1.01455,7.5429e-05
6009,49225728,3.56505,1.01366,7.5420e-05
6010,49233920,3.57166,1.01174,7.5411e-05
6011,49242112,3.54604,1.01077,7.5403e-05
6012,49250304,3.57064,1.01585,7.5394e-05
6013,49258496,3.62551,1.01315,7.5385e-05
6014,49266688,3.54219,1.01649,7.5377e-05
6015,49274880,3.59595,1.01380,7.5369e-05
6016,49283072,3.57233,1.01079,7.5360e-05
6017,49291264,3.69530,1.01541,7.5352e-05
6018,49299456,3.52655,1.01032,7.5344e-05
6019,49307648,3.47029,1.00819,7.5336e-05
6020,49315840,3.65157,1.01148,7.5328e-05
6021,49324032,3.52363,1.01381,7.5321e-05
6022,49332224,3.45547,1.01615,7.5313e-05
6023,49340416,3.65170,1.01970,7.5305e-05
6024,49348608,3.68604,1.02243,7.5298e-05
6025,49356800,3.61489,1.00993,7.5291e-05
6026,49364992,3.60735,1.01114,7.5283e-05
6027,49373184,3.67917,1.01565,7.5276e-05
6028,49381376,3.61496,1.01253,7.5269e-05
6029,49389568,3.51797,1.01181,7.5262e-05
6030,49397760,3.62280,1.01297,7.5255e-05
6031,49405952,3.56552,1.00849,7.5248e-05
6032,49414144,3.56236,1.01269,7.5241e-05
6033,49422336,3.53731,1.00937,7.5235e-05
6034,49430528,3.63784,1.01922,7.5228e-05
6035,49438720,3.36684,1.01795,7.5222e-05
6036,49446912,3.52759,1.01242,7.5215e-05
6037,49455104,3.52692,1.00929,7.5209e-05
6038,49463296,3.54404,1.01383,7.5203e-05
6039,49471488,3.57018,1.01001,7.5197e-05
6040,49479680,3.71369,1.00956,7.5191e-05
6041,49487872,3.48732,1.01399,7.5185e-05
6042,49496064,3.65015,1.00835,7.5179e-05
6043,49504256,3.57586,1.01490,7.5173e-05
6044,49512448,3.62037,1.00973,7.5168e-05
6045,49520640,3.61270,1.01302,7.5162e-05
6046,49528832,3.50406,1.01602,7.5157e-05
6047,49537024,3.50199,1.01073,7.5151e-05
6048,49545216,3.58037,1.01163,7.5146e-05
6049,49553408,3.62988,1.01070,7.5141e-05
6050,49561600,3.59783,1.01064,7.5136e-05
6051,49569792,3.62613,1.01066,7.5131e-05
6052,49577984,3.74678,1.01099,7.5126e-05
6053,49586176,3.62873,1.01220,7.5121e-05
6054,49594368,3.55713,1.01196,7.5116e-05
6055,49602560,3.54381,1.01071,7.5112e-05
6056,49610752,3.70403,1.01260,7.5107e-05
6057,49618944,3.55259,1.01248,7.5103e-05
6058,49627136,3.60386,1.01423,7.5099e-05
6059,49635328,3.60787,1.01683,7.5094e-05
6060,49643520,3.56099,1.01015,7.5090e-05
6061,49651712,3.53887,1.01307,7.5086e-05
6062,49659904,3.60940,1.00555,7.5082e-05
6063,49668096,3.61870,1.01144,7.5078e-05
6064,49676288,3.55797,1.01372,7.5074e-05
6065,49684480,3.63376,1.01071,7.5071e-05
6066,49692672,3.61699,1.01349,7.5067e-05
6067,49700864,3.59804,1.00946,7.5064e-05
6068,49709056,3.53254,1.01052,7.5060e-05
6069,49717248,3.55634,1.01104,7.5057e-05
6070,49725440,3.74440,1.00880,7.5054e-05
6071,49733632,3.60023,1.01083,7.5051e-05
6072,49741824,3.54097,1.01381,7.5048e-05
6073,49750016,3.62807,1.01577,7.5045e-05
6074,49758208,3.63284,1.01443,7.5042e-05
6075,49766400,3.58071,1.01072,7.5039e-05
6076,49774592,3.55807,1.01225,7.5037e-05
6077,49782784,3.51199,1.01252,7.5034e-05
6078,49790976,3.55947,1.01085,7.5031e-05
6079,49799168,3.50268,1.01109,7.5029e-05
6080,49807360,3.55037,1.00911,7.5027e-05
6081,49815552,3.47869,1.00886,7.5025e-05
6082,49823744,3.52539,1.01181,7.5023e-05
6083,49831936,3.73968,1.01448,7.5021e-05
6084,49840128,3.53724,1.00841,7.5019e-05
6085,49848320,3.61456,1.00782,7.5017e-05
6086,49856512,3.58801,1.00990,7.5015e-05
6087,49864704,3.51775,1.01124,7.5013e-05
6088,49872896,3.55954,1.01230,7.5012e-05
6089,49881088,3.58850,1.01683,7.5010e-05
6090,49889280,3.64518,1.00893,7.5009e-05
6091,49897472,3.67137,1.01090,7.5008e-05
6092,49905664,3.67546,1.01154,7.5007e-05
6093,49913856,3.63862,1.01479,7.5006e-05
6094,49922048,3.55218,1.01428,7.5005e-05
6095,49930240,3.62173,1.01284,7.5004e-05
6096,49938432,3.51690,1.01122,7.5003e-05
6097,49946624,3.64415,1.01494,7.5002e-05
6098,49954816,3.56242,1.01068,7.5002e-05
6099,49963008,3.49280,1.00965,7.5001e-05
6100,49971200,3.36057,1.00971,7.5001e-05
6101,49979392,3.48842,1.00950,7.5000e-05
6102,49987584,3.63119,1.00929,7.5000e-05
6103,49995776,3.60253,1.00976,7.5000e-05
