step,tokens,train_ce,aux_loss,lr
2442,20004864,4.06552,1.11677,5.2909e-04
2443,20013056,4.10469,1.06594,5.2892e-04
2444,20021248,3.90149,1.03478,5.2876e-04
2445,20029440,4.03233,1.01669,5.2859e-04
2446,20037632,3.96917,1.01292,5.2842e-04
2447,20045824,4.03837,1.01711,5.2826e-04
2448,20054016,4.00296,1.01595,5.2809e-04
2449,20062208,3.93012,1.01803,5.2792e-04
2450,20070400,3.91378,1.01693,5.2776e-04
2451,20078592,3.99915,1.02004,5.2759e-04
2452,20086784,4.06339,1.01965,5.2742e-04
2453,20094976,4.30952,1.02068,5.2726e-04
2454,20103168,4.01503,1.01717,5.2709e-04
2455,20111360,4.09679,1.01430,5.2692e-04
2456,20119552,4.12850,1.01836,5.2676e-04
2457,20127744,3.90220,1.01753,5.2659e-04
2458,20135936,4.08504,1.01925,5.2642e-04
2459,20144128,3.89484,1.01912,5.2626e-04
2460,20152320,4.13339,1.01763,5.2609e-04
2461,20160512,4.17842,1.01577,5.2592e-04
2462,20168704,3.99380,1.01627,5.2575e-04
2463,20176896,4.03049,1.01737,5.2559e-04
2464,20185088,4.08911,1.02110,5.2542e-04
2465,20193280,4.01706,1.01489,5.2525e-04
2466,20201472,4.09812,1.02178,5.2509e-04
2467,20209664,4.09703,1.01842,5.2492e-04
2468,20217856,3.99854,1.01685,5.2475e-04
2469,20226048,4.06023,1.02026,5.2458e-04
2470,20234240,4.09791,1.01850,5.2442e-04
2471,20242432,3.92497,1.01913,5.2425e-04
2472,20250624,4.00785,1.02192,5.2408e-04
2473,20258816,4.15781,1.02423,5.2392e-04
2474,20267008,4.03430,1.02457,5.2375e-04
2475,20275200,4.08482,1.02463,5.2358e-04
2476,20283392,3.90407,1.02857,5.2341e-04
2477,20291584,4.08954,1.02472,5.2325e-04
2478,20299776,3.96355,1.02658,5.2308e-04
2479,20307968,4.40891,1.02549,5.2291e-04
2480,20316160,4.08401,1.02478,5.2274e-04
2481,20324352,4.14107,1.03012,5.2258e-04
2482,20332544,4.08034,1.02954,5.2241e-04
2483,20340736,4.12463,1.03253,5.2224e-04
2484,20348928,3.96166,1.04317,5.2207e-04
2485,20357120,4.06688,1.03639,5.2191e-04
2486,20365312,3.89195,1.03808,5.2174e-04
2487,20373504,4.05503,1.04280,5.2157e-04
2488,20381696,4.07137,1.03805,5.2140e-04
2489,20389888,3.99683,1.04309,5.2123e-04
2490,20398080,4.10477,1.04589,5.2107e-04
2491,20406272,4.11148,1.06203,5.2090e-04
2492,20414464,3.96084,1.06579,5.2073e-04
2493,20422656,3.98380,1.05916,5.2056e-04
2494,20430848,3.95692,1.06200,5.2039e-04
2495,20439040,4.00728,1.06037,5.2023e-04
2496,20447232,4.15610,1.05626,5.2006e-04
2497,20455424,4.02549,1.05415,5.1989e-04
2498,20463616,4.16354,1.05303,5.1972e-04
2499,20471808,4.14850,1.05099,5.1955e-04
2500,20480000,4.14922,1.05182,5.1939e-04
2501,20488192,4.08465,1.05594,5.1922e-04
2502,20496384,4.04291,1.04755,5.1905e-04
2503,20504576,4.01860,1.04620,5.1888e-04
2504,20512768,4.02581,1.04347,5.1871e-04
2505,20520960,4.07518,1.04536,5.1855e-04
2506,20529152,4.00477,1.04137,5.1838e-04
2507,20537344,4.08618,1.04412,5.1821e-04
2508,20545536,4.17019,1.03535,5.1804e-04
2509,20553728,3.95581,1.03444,5.1787e-04
2510,20561920,3.95722,1.03573,5.1770e-04
2511,20570112,3.93833,1.02883,5.1753e-04
2512,20578304,4.11154,1.02698,5.1737e-04
2513,20586496,3.88381,1.02774,5.1720e-04
2514,20594688,4.05223,1.02430,5.1703e-04
2515,20602880,4.10770,1.03160,5.1686e-04
2516,20611072,3.91446,1.03291,5.1669e-04
2517,20619264,3.94326,1.03642,5.1652e-04
2518,20627456,4.02255,1.03511,5.1635e-04
2519,20635648,4.10223,1.04050,5.1619e-04
2520,20643840,3.94724,1.04490,5.1602e-04
2521,20652032,4.05008,1.04996,5.1585e-04
2522,20660224,4.07291,1.05526,5.1568e-04
2523,20668416,3.98493,1.05370,5.1551e-04
2524,20676608,3.99256,1.05628,5.1534e-04
2525,20684800,4.13820,1.05764,5.1517e-04
2526,20692992,4.03626,1.05096,5.1500e-04
2527,20701184,4.04683,1.05987,5.1484e-04
2528,20709376,3.95991,1.05597,5.1467e-04
2529,20717568,3.94104,1.06314,5.1450e-04
2530,20725760,3.97978,1.06089,5.1433e-04
2531,20733952,4.06226,1.07131,5.1416e-04
2532,20742144,4.04038,1.07691,5.1399e-04
2533,20750336,3.96380,1.07804,5.1382e-04
2534,20758528,4.14202,1.07819,5.1365e-04
2535,20766720,3.97227,1.07617,5.1348e-04
2536,20774912,4.05270,1.08099,5.1331e-04
2537,20783104,4.02109,1.08128,5.1314e-04
2538,20791296,3.92417,1.08951,5.1298e-04
2539,20799488,4.03171,1.08381,5.1281e-04
2540,20807680,4.13640,1.07996,5.1264e-04
2541,20815872,4.02273,1.08225,5.1247e-04
2542,20824064,4.06518,1.07448,5.1230e-04
2543,20832256,4.02261,1.07219,5.1213e-04
2544,20840448,4.00189,1.07376,5.1196e-04
2545,20848640,3.93981,1.07458,5.1179e-04
2546,20856832,4.06895,1.06815,5.1162e-04
2547,20865024,4.12648,1.07286,5.1145e-04
2548,20873216,4.00662,1.07540,5.1128e-04
2549,20881408,4.09207,1.07646,5.1111e-04
2550,20889600,4.11051,1.07447,5.1094e-04
2551,20897792,4.05847,1.06407,5.1077e-04
2552,20905984,3.94115,1.06467,5.1060e-04
2553,20914176,4.03867,1.06486,5.1043e-04
2554,20922368,3.95725,1.06014,5.1026e-04
2555,20930560,4.12592,1.05654,5.1009e-04
2556,20938752,3.91628,1.05276,5.0992e-04
2557,20946944,4.12866,1.05832,5.0976e-04
2558,20955136,4.09626,1.05751,5.0959e-04
2559,20963328,4.07292,1.04851,5.0942e-04
2560,20971520,3.89752,1.06124,5.0925e-04
2561,20979712,4.07821,1.05303,5.0908e-04
2562,20987904,3.91628,1.04878,5.0891e-04
2563,20996096,4.00696,1.06042,5.0874e-04
2564,21004288,4.03256,1.05565,5.0857e-04
2565,21012480,4.09674,1.05815,5.0840e-04
2566,21020672,4.04959,1.06029,5.0823e-04
2567,21028864,4.15963,1.05722,5.0806e-04
2568,21037056,3.99645,1.05751,5.0789e-04
2569,21045248,4.13069,1.06013,5.0772e-04
2570,21053440,4.01761,1.06312,5.0755e-04
2571,21061632,4.10839,1.06266,5.0738e-04
2572,21069824,4.05816,1.06053,5.0721e-04
2573,21078016,3.95096,1.06613,5.0704e-04
2574,21086208,4.08271,1.06286,5.0687e-04
2575,21094400,3.94686,1.07398,5.0670e-04
2576,21102592,3.93705,1.07346,5.0653e-04
2577,21110784,4.09095,1.06053,5.0635e-04
2578,21118976,4.05520,1.05836,5.0618e-04
2579,21127168,4.06397,1.06674,5.0601e-04
2580,21135360,4.17825,1.06238,5.0584e-04
2581,21143552,3.85624,1.06551,5.0567e-04
2582,21151744,3.87910,1.07531,5.0550e-04
2583,21159936,4.05201,1.07042,5.0533e-04
2584,21168128,4.13311,1.06991,5.0516e-04
2585,21176320,4.03474,1.06394,5.0499e-04
2586,21184512,3.91897,1.07557,5.0482e-04
2587,21192704,3.99195,1.06774,5.0465e-04
2588,21200896,4.07975,1.06538,5.0448e-04
2589,21209088,4.16539,1.06922,5.0431e-04
2590,21217280,4.09326,1.06083,5.0414e-04
2591,21225472,3.98208,1.05130,5.0397e-04
2592,21233664,4.09315,1.05747,5.0380e-04
2593,21241856,4.13741,1.05721,5.0363e-04
2594,21250048,4.28943,1.06149,5.0346e-04
2595,21258240,4.01917,1.06523,5.0329e-04
2596,21266432,4.00673,1.05942,5.0311e-04
2597,21274624,4.11621,1.06946,5.0294e-04
2598,21282816,4.10357,1.07295,5.0277e-04
2599,21291008,4.03347,1.06767,5.0260e-04
2600,21299200,4.01233,1.06556,5.0243e-04
2601,21307392,3.92083,1.07268,5.0226e-04
2602,21315584,4.08842,1.07177,5.0209e-04
2603,21323776,4.04075,1.06629,5.0192e-04
2604,21331968,4.07094,1.07739,5.0175e-04
2605,21340160,3.97564,1.06736,5.0158e-04
2606,21348352,4.20031,1.07879,5.0141e-04
2607,21356544,4.12253,1.08075,5.0123e-04
2608,21364736,4.07957,1.07611,5.0106e-04
2609,21372928,3.99606,1.08343,5.0089e-04
2610,21381120,3.86924,1.09432,5.0072e-04
2611,21389312,4.12258,1.09090,5.0055e-04
2612,21397504,4.19683,1.09912,5.0038e-04
2613,21405696,3.95228,1.09430,5.0021e-04
2614,21413888,4.07678,1.09731,5.0004e-04
2615,21422080,3.92374,1.09578,4.9987e-04
2616,21430272,3.98801,1.09222,4.9969e-04
2617,21438464,4.04004,1.08824,4.9952e-04
2618,21446656,4.07827,1.08976,4.9935e-04
2619,21454848,4.12837,1.07527,4.9918e-04
2620,21463040,4.09081,1.07673,4.9901e-04
2621,21471232,4.21457,1.08608,4.9884e-04
2622,21479424,3.94199,1.07804,4.9867e-04
2623,21487616,4.00334,1.07426,4.9850e-04
2624,21495808,3.93551,1.08178,4.9832e-04
2625,21504000,4.05716,1.08315,4.9815e-04
2626,21512192,3.94116,1.08680,4.9798e-04
2627,21520384,4.12718,1.08521,4.9781e-04
2628,21528576,4.12518,1.08814,4.9764e-04
2629,21536768,4.09473,1.08819,4.9747e-04
2630,21544960,4.02662,1.08537,4.9729e-04
2631,21553152,4.07918,1.08661,4.9712e-04
2632,21561344,3.94940,1.10203,4.9695e-04
2633,21569536,4.08887,1.09583,4.9678e-04
2634,21577728,4.06937,1.09286,4.9661e-04
2635,21585920,3.94400,1.09791,4.9644e-04
2636,21594112,3.90268,1.09039,4.9626e-04
2637,21602304,3.99391,1.10250,4.9609e-04
2638,21610496,4.11077,1.09989,4.9592e-04
2639,21618688,4.07515,1.09984,4.9575e-04
2640,21626880,4.11661,1.10438,4.9558e-04
2641,21635072,4.10377,1.10184,4.9541e-04
2642,21643264,4.17552,1.11202,4.9523e-04
2643,21651456,3.95914,1.12445,4.9506e-04
2644,21659648,4.02870,1.12064,4.9489e-04
2645,21667840,3.95415,1.12046,4.9472e-04
2646,21676032,3.82448,1.13466,4.9455e-04
2647,21684224,4.04422,1.12566,4.9437e-04
2648,21692416,4.06983,1.13392,4.9420e-04
2649,21700608,4.02580,1.13246,4.9403e-04
2650,21708800,4.07308,1.13191,4.9386e-04
2651,21716992,3.93372,1.12312,4.9369e-04
2652,21725184,4.03355,1.12171,4.9351e-04
2653,21733376,4.06850,1.12437,4.9334e-04
2654,21741568,3.96082,1.12760,4.9317e-04
2655,21749760,4.04435,1.11438,4.9300e-04
2656,21757952,4.15906,1.11891,4.9283e-04
2657,21766144,3.92961,1.11615,4.9265e-04
2658,21774336,4.13071,1.13615,4.9248e-04
2659,21782528,4.09190,1.13964,4.9231e-04
2660,21790720,4.02489,1.14754,4.9214e-04
2661,21798912,4.01494,1.13762,4.9196e-04
2662,21807104,4.06392,1.14061,4.9179e-04
2663,21815296,4.18194,1.13553,4.9162e-04
2664,21823488,4.10067,1.13622,4.9145e-04
2665,21831680,4.07715,1.13275,4.9127e-04
2666,21839872,4.08110,1.13290,4.9110e-04
2667,21848064,4.08906,1.12945,4.9093e-04
2668,21856256,4.03342,1.12416,4.9076e-04
2669,21864448,4.08694,1.13421,4.9059e-04
2670,21872640,4.04459,1.13975,4.9041e-04
2671,21880832,4.05510,1.13467,4.9024e-04
2672,21889024,3.96838,1.12540,4.9007e-04
2673,21897216,4.07647,1.12589,4.8990e-04
2674,21905408,3.97082,1.12035,4.8972e-04
2675,21913600,4.09562,1.12478,4.8955e-04
2676,21921792,4.03621,1.11793,4.8938e-04
2677,21929984,4.08981,1.12062,4.8920e-04
2678,21938176,3.97383,1.11995,4.8903e-04
2679,21946368,4.08621,1.11488,4.8886e-04
2680,21954560,3.92246,1.12614,4.8869e-04
2681,21962752,4.10039,1.13469,4.8851e-04
2682,21970944,3.96957,1.13998,4.8834e-04
2683,21979136,4.23036,1.14908,4.8817e-04
2684,21987328,4.01421,1.15494,4.8800e-04
2685,21995520,4.09033,1.14882,4.8782e-04
2686,22003712,4.06088,1.14186,4.8765e-04
2687,22011904,3.91232,1.15064,4.8748e-04
2688,22020096,3.91837,1.15412,4.8730e-04
2689,22028288,3.95471,1.15226,4.8713e-04
2690,22036480,3.91708,1.16509,4.8696e-04
2691,22044672,3.87185,1.15828,4.8679e-04
2692,22052864,3.86705,1.16739,4.8661e-04
2693,22061056,4.03806,1.16899,4.8644e-04
2694,22069248,4.16981,1.17521,4.8627e-04
2695,22077440,4.15363,1.17594,4.8609e-04
2696,22085632,4.15387,1.16370,4.8592e-04
2697,22093824,4.03332,1.15313,4.8575e-04
2698,22102016,3.91749,1.15390,4.8557e-04
2699,22110208,4.02423,1.14333,4.8540e-04
2700,22118400,3.96166,1.13892,4.8523e-04
2701,22126592,4.00588,1.13383,4.8506e-04
2702,22134784,4.05432,1.13033,4.8488e-04
2703,22142976,4.13117,1.13199,4.8471e-04
2704,22151168,4.00833,1.13191,4.8454e-04
2705,22159360,3.99854,1.14343,4.8436e-04
2706,22167552,4.06718,1.14443,4.8419e-04
2707,22175744,3.91507,1.13936,4.8402e-04
2708,22183936,4.04441,1.14102,4.8384e-04
2709,22192128,4.01044,1.14294,4.8367e-04
2710,22200320,4.11380,1.14897,4.8350e-04
2711,22208512,4.06528,1.14910,4.8332e-04
2712,22216704,4.03735,1.14216,4.8315e-04
2713,22224896,4.07415,1.15016,4.8298e-04
2714,22233088,4.08418,1.14827,4.8280e-04
2715,22241280,4.20471,1.15567,4.8263e-04
2716,22249472,3.98865,1.15142,4.8246e-04
2717,22257664,4.11374,1.16801,4.8228e-04
2718,22265856,4.01692,1.16698,4.8211e-04
2719,22274048,4.16995,1.17366,4.8194e-04
2720,22282240,4.00548,1.17365,4.8176e-04
2721,22290432,4.19882,1.17476,4.8159e-04
2722,22298624,4.09275,1.17488,4.8142e-04
2723,22306816,4.05800,1.17417,4.8124e-04
2724,22315008,4.08344,1.17890,4.8107e-04
2725,22323200,3.93576,1.17887,4.8089e-04
2726,22331392,3.93576,1.18272,4.8072e-04
2727,22339584,4.05996,1.17166,4.8055e-04
2728,22347776,4.12393,1.17182,4.8037e-04
2729,22355968,3.95352,1.17024,4.8020e-04
2730,22364160,4.05056,1.15934,4.8003e-04
2731,22372352,4.10430,1.16434,4.7985e-04
2732,22380544,3.84900,1.15584,4.7968e-04
2733,22388736,3.94147,1.16024,4.7951e-04
2734,22396928,3.93528,1.16739,4.7933e-04
2735,22405120,4.08964,1.17371,4.7916e-04
2736,22413312,3.95699,1.17981,4.7898e-04
2737,22421504,4.15870,1.18948,4.7881e-04
2738,22429696,4.01400,1.18989,4.7864e-04
2739,22437888,4.04397,1.18968,4.7846e-04
2740,22446080,4.01238,1.18742,4.7829e-04
2741,22454272,3.94501,1.18140,4.7811e-04
2742,22462464,4.00766,1.18187,4.7794e-04
2743,22470656,3.94285,1.18613,4.7777e-04
2744,22478848,3.94827,1.17860,4.7759e-04
2745,22487040,4.02929,1.17384,4.7742e-04
2746,22495232,4.12196,1.16937,4.7725e-04
2747,22503424,3.82143,1.16486,4.7707e-04
2748,22511616,3.96305,1.17397,4.7690e-04
2749,22519808,4.02792,1.17722,4.7672e-04
2750,22528000,4.11272,1.18378,4.7655e-04
2751,22536192,4.09265,1.19062,4.7637e-04
2752,22544384,3.99653,1.19148,4.7620e-04
2753,22552576,4.18671,1.20269,4.7603e-04
2754,22560768,3.99916,1.20967,4.7585e-04
2755,22568960,3.98505,1.21096,4.7568e-04
2756,22577152,4.15393,1.21419,4.7550e-04
2757,22585344,3.88170,1.22148,4.7533e-04
2758,22593536,3.98120,1.21329,4.7516e-04
2759,22601728,4.00537,1.22027,4.7498e-04
2760,22609920,4.09987,1.22590,4.7481e-04
2761,22618112,3.95378,1.22186,4.7463e-04
2762,22626304,3.87710,1.22335,4.7446e-04
2763,22634496,4.00521,1.21229,4.7428e-04
2764,22642688,3.90344,1.21700,4.7411e-04
2765,22650880,3.96259,1.20409,4.7394e-04
2766,22659072,4.09153,1.20017,4.7376e-04
2767,22667264,4.06868,1.18275,4.7359e-04
2768,22675456,3.84186,1.18326,4.7341e-04
2769,22683648,4.00174,1.18073,4.7324e-04
2770,22691840,3.86450,1.18015,4.7306e-04
2771,22700032,4.12112,1.18246,4.7289e-04
2772,22708224,3.90378,1.17831,4.7272e-04
2773,22716416,3.99297,1.17931,4.7254e-04
2774,22724608,4.01299,1.17982,4.7237e-04
2775,22732800,4.01577,1.18754,4.7219e-04
2776,22740992,3.97302,1.19219,4.7202e-04
2777,22749184,4.03852,1.18778,4.7184e-04
2778,22757376,4.04103,1.18678,4.7167e-04
2779,22765568,4.02474,1.18393,4.7149e-04
2780,22773760,3.93629,1.18260,4.7132e-04
2781,22781952,4.03733,1.16998,4.7115e-04
2782,22790144,4.02070,1.16768,4.7097e-04
2783,22798336,3.97822,1.16645,4.7080e-04
2784,22806528,4.06769,1.17327,4.7062e-04
2785,22814720,4.03503,1.17536,4.7045e-04
2786,22822912,4.01642,1.17804,4.7027e-04
2787,22831104,4.08364,1.18487,4.7010e-04
2788,22839296,4.07080,1.19558,4.6992e-04
2789,22847488,4.02975,1.19917,4.6975e-04
2790,22855680,4.03110,1.19719,4.6957e-04
2791,22863872,3.94510,1.20072,4.6940e-04
2792,22872064,3.92296,1.20176,4.6922e-04
2793,22880256,3.96556,1.20293,4.6905e-04
2794,22888448,4.01256,1.20360,4.6887e-04
2795,22896640,4.06337,1.20459,4.6870e-04
2796,22904832,3.96784,1.20740,4.6852e-04
2797,22913024,3.83696,1.20914,4.6835e-04
2798,22921216,4.02682,1.20582,4.6817e-04
2799,22929408,4.04109,1.20759,4.6800e-04
2800,22937600,4.14915,1.20302,4.6783e-04
2801,22945792,4.01213,1.20914,4.6765e-04
2802,22953984,3.93791,1.19517,4.6748e-04
2803,22962176,3.89370,1.19510,4.6730e-04
2804,22970368,3.97779,1.19213,4.6713e-04
2805,22978560,4.11519,1.19461,4.6695e-04
2806,22986752,3.96014,1.19272,4.6678e-04
2807,22994944,3.96284,1.19611,4.6660e-04
2808,23003136,3.90572,1.19685,4.6643e-04
2809,23011328,3.79922,1.19574,4.6625e-04
2810,23019520,4.07020,1.19677,4.6608e-04
2811,23027712,4.07211,1.19898,4.6590e-04
2812,23035904,4.05989,1.20846,4.6573e-04
2813,23044096,4.03183,1.21775,4.6555e-04
2814,23052288,3.94895,1.21407,4.6538e-04
2815,23060480,3.93522,1.21312,4.6520e-04
2816,23068672,3.91233,1.21295,4.6503e-04
2817,23076864,4.06723,1.20581,4.6485e-04
2818,23085056,3.99057,1.20198,4.6467e-04
2819,23093248,3.96085,1.19570,4.6450e-04
2820,23101440,3.77168,1.19791,4.6432e-04
2821,23109632,4.04092,1.18773,4.6415e-04
2822,23117824,4.00105,1.18856,4.6397e-04
2823,23126016,3.91780,1.19013,4.6380e-04
2824,23134208,3.81013,1.18396,4.6362e-04
2825,23142400,4.10542,1.18616,4.6345e-04
2826,23150592,3.96284,1.18452,4.6327e-04
2827,23158784,3.92227,1.18532,4.6310e-04
2828,23166976,3.98476,1.19697,4.6292e-04
2829,23175168,3.82100,1.20303,4.6275e-04
2830,23183360,3.98044,1.20269,4.6257e-04
2831,23191552,4.09891,1.21871,4.6240e-04
2832,23199744,4.10089,1.21084,4.6222e-04
2833,23207936,3.73646,1.21464,4.6205e-04
2834,23216128,3.92388,1.22002,4.6187e-04
2835,23224320,4.14857,1.21277,4.6170e-04
2836,23232512,3.93592,1.21471,4.6152e-04
2837,23240704,3.88806,1.21623,4.6134e-04
2838,23248896,3.88968,1.21922,4.6117e-04
2839,23257088,4.07876,1.22588,4.6099e-04
2840,23265280,4.10223,1.22569,4.6082e-04
2841,23273472,4.00394,1.23945,4.6064e-04
2842,23281664,3.93092,1.23754,4.6047e-04
2843,23289856,4.09538,1.23492,4.6029e-04
2844,23298048,3.95088,1.23327,4.6012e-04
2845,23306240,3.93936,1.23429,4.5994e-04
2846,23314432,4.02324,1.23784,4.5977e-04
2847,23322624,4.00408,1.22725,4.5959e-04
2848,23330816,3.82530,1.22678,4.5941e-04
2849,23339008,4.09646,1.22288,4.5924e-04
2850,23347200,3.95190,1.21871,4.5906e-04
2851,23355392,4.04862,1.22037,4.5889e-04
2852,23363584,4.03670,1.21076,4.5871e-04
2853,23371776,3.89760,1.19733,4.5854e-04
2854,23379968,3.89428,1.19277,4.5836e-04
2855,23388160,3.84869,1.19626,4.5819e-04
2856,23396352,3.89586,1.18266,4.5801e-04
2857,23404544,3.99971,1.19560,4.5783e-04
2858,23412736,3.97927,1.18313,4.5766e-04
2859,23420928,3.93564,1.18480,4.5748e-04
2860,23429120,3.93107,1.19245,4.5731e-04
2861,23437312,3.98736,1.19144,4.5713e-04
2862,23445504,3.92421,1.20019,4.5696e-04
2863,23453696,4.09157,1.19879,4.5678e-04
2864,23461888,3.92122,1.20155,4.5660e-04
2865,23470080,3.87086,1.20269,4.5643e-04
2866,23478272,3.95724,1.19763,4.5625e-04
2867,23486464,3.92222,1.20188,4.5608e-04
2868,23494656,3.88039,1.20770,4.5590e-04
2869,23502848,4.10675,1.20488,4.5572e-04
2870,23511040,3.90713,1.20416,4.5555e-04
2871,23519232,3.89963,1.20884,4.5537e-04
2872,23527424,3.98174,1.21304,4.5520e-04
2873,23535616,4.04278,1.21911,4.5502e-04
2874,23543808,3.98513,1.21848,4.5485e-04
2875,23552000,4.03863,1.22279,4.5467e-04
2876,23560192,4.04665,1.21205,4.5449e-04
2877,23568384,4.01244,1.21501,4.5432e-04
2878,23576576,4.05427,1.21163,4.5414e-04
2879,23584768,4.00146,1.21347,4.5397e-04
2880,23592960,3.98948,1.22428,4.5379e-04
2881,23601152,4.05850,1.22438,4.5361e-04
2882,23609344,3.82176,1.22690,4.5344e-04
2883,23617536,4.01476,1.22825,4.5326e-04
2884,23625728,4.15539,1.23067,4.5309e-04
2885,23633920,3.99598,1.22934,4.5291e-04
2886,23642112,3.89556,1.22684,4.5273e-04
2887,23650304,3.91148,1.22343,4.5256e-04
2888,23658496,4.01744,1.22619,4.5238e-04
2889,23666688,4.00811,1.21353,4.5221e-04
2890,23674880,4.00773,1.21252,4.5203e-04
2891,23683072,3.91137,1.20636,4.5185e-04
2892,23691264,4.00096,1.20859,4.5168e-04
2893,23699456,4.11493,1.21543,4.5150e-04
2894,23707648,3.90939,1.21554,4.5133e-04
2895,23715840,4.03480,1.22471,4.5115e-04
2896,23724032,4.13631,1.22296,4.5097e-04
2897,23732224,4.01565,1.22201,4.5080e-04
2898,23740416,3.89344,1.21342,4.5062e-04
2899,23748608,3.83220,1.20817,4.5045e-04
2900,23756800,3.98164,1.20859,4.5027e-04
2901,23764992,3.98083,1.20481,4.5009e-04
2902,23773184,3.89360,1.20235,4.4992e-04
2903,23781376,3.94166,1.19582,4.4974e-04
2904,23789568,4.07545,1.20468,4.4956e-04
2905,23797760,3.96552,1.19549,4.4939e-04
2906,23805952,4.06367,1.20307,4.4921e-04
2907,23814144,3.91914,1.19335,4.4904e-04
2908,23822336,3.95732,1.19927,4.4886e-04
2909,23830528,3.95682,1.20625,4.4868e-04
2910,23838720,3.95416,1.21196,4.4851e-04
2911,23846912,3.94420,1.21573,4.4833e-04
2912,23855104,4.01985,1.21964,4.4815e-04
2913,23863296,4.02484,1.22240,4.4798e-04
2914,23871488,3.92043,1.21967,4.4780e-04
2915,23879680,4.04614,1.22686,4.4763e-04
2916,23887872,4.06642,1.22863,4.4745e-04
2917,23896064,3.91126,1.23160,4.4727e-04
2918,23904256,3.94863,1.23511,4.4710e-04
2919,23912448,4.12708,1.24458,4.4692e-04
2920,23920640,3.89494,1.24029,4.4674e-04
2921,23928832,3.93289,1.24951,4.4657e-04
2922,23937024,3.98807,1.25534,4.4639e-04
2923,23945216,4.06508,1.25083,4.4621e-04
2924,23953408,3.94237,1.25786,4.4604e-04
2925,23961600,3.99363,1.24803,4.4586e-04
2926,23969792,3.94534,1.25760,4.4569e-04
2927,23977984,3.98718,1.24919,4.4551e-04
2928,23986176,3.87569,1.23991,4.4533e-04
2929,23994368,3.86870,1.24420,4.4516e-04
2930,24002560,3.94519,1.23873,4.4498e-04
2931,24010752,4.00910,1.23504,4.4480e-04
2932,24018944,4.00458,1.23205,4.4463e-04
2933,24027136,4.00753,1.23446,4.4445e-04
2934,24035328,3.96280,1.23391,4.4427e-04
2935,24043520,3.77023,1.23509,4.4410e-04
2936,24051712,3.91613,1.23904,4.4392e-04
2937,24059904,3.98873,1.23531,4.4374e-04
2938,24068096,3.79511,1.23655,4.4357e-04
2939,24076288,3.91339,1.23267,4.4339e-04
2940,24084480,3.94123,1.22733,4.4321e-04
2941,24092672,4.03819,1.21872,4.4304e-04
2942,24100864,4.07962,1.20847,4.4286e-04
2943,24109056,3.99479,1.20811,4.4269e-04
2944,24117248,3.98080,1.19842,4.4251e-04
2945,24125440,4.11537,1.18500,4.4233e-04
2946,24133632,3.93588,1.18598,4.4216e-04
2947,24141824,3.99813,1.19032,4.4198e-04
2948,24150016,3.92518,1.19413,4.4180e-04
2949,24158208,3.76763,1.18853,4.4163e-04
2950,24166400,3.91700,1.19357,4.4145e-04
2951,24174592,4.02165,1.19517,4.4127e-04
2952,24182784,4.07082,1.20745,4.4110e-04
2953,24190976,4.04768,1.20664,4.4092e-04
2954,24199168,4.06769,1.22226,4.4074e-04
2955,24207360,3.90816,1.22254,4.4057e-04
2956,24215552,3.87206,1.24013,4.4039e-04
2957,24223744,4.00483,1.24053,4.4021e-04
2958,24231936,4.01287,1.23629,4.4004e-04
2959,24240128,4.03771,1.23351,4.3986e-04
2960,24248320,4.08558,1.25696,4.3968e-04
2961,24256512,3.96295,1.24910,4.3951e-04
2962,24264704,3.98480,1.25382,4.3933e-04
2963,24272896,3.94748,1.25192,4.3915e-04
2964,24281088,3.87255,1.26799,4.3898e-04
2965,24289280,3.98457,1.26020,4.3880e-04
2966,24297472,4.18695,1.26719,4.3862e-04
2967,24305664,4.06387,1.26689,4.3845e-04
2968,24313856,3.90472,1.26036,4.3827e-04
2969,24322048,3.84250,1.25912,4.3809e-04
2970,24330240,3.97208,1.26143,4.3792e-04
2971,24338432,4.04963,1.24978,4.3774e-04
2972,24346624,3.88550,1.25124,4.3756e-04
2973,24354816,3.96016,1.25173,4.3738e-04
2974,24363008,4.05022,1.24283,4.3721e-04
2975,24371200,3.93479,1.24654,4.3703e-04
2976,24379392,3.98286,1.24249,4.3685e-04
2977,24387584,3.99354,1.23537,4.3668e-04
2978,24395776,3.82488,1.24407,4.3650e-04
2979,24403968,3.93745,1.24203,4.3632e-04
2980,24412160,4.03796,1.23719,4.3615e-04
2981,24420352,3.96313,1.24200,4.3597e-04
2982,24428544,3.94846,1.23371,4.3579e-04
2983,24436736,3.86262,1.24217,4.3562e-04
2984,24444928,3.86653,1.25177,4.3544e-04
2985,24453120,4.02478,1.24691,4.3526e-04
2986,24461312,3.85858,1.24737,4.3509e-04
2987,24469504,4.15913,1.25000,4.3491e-04
2988,24477696,3.97817,1.24445,4.3473e-04
2989,24485888,3.95447,1.24776,4.3456e-04
2990,24494080,3.95086,1.24745,4.3438e-04
2991,24502272,3.86351,1.24112,4.3420e-04
2992,24510464,3.91737,1.23416,4.3402e-04
2993,24518656,3.90100,1.22220,4.3385e-04
2994,24526848,3.94651,1.23673,4.3367e-04
2995,24535040,4.11620,1.23046,4.3349e-04
2996,24543232,3.93752,1.23171,4.3332e-04
2997,24551424,4.01930,1.23119,4.3314e-04
2998,24559616,4.09536,1.22392,4.3296e-04
2999,24567808,3.82093,1.23513,4.3279e-04
3000,24576000,4.03346,1.22308,4.3261e-04
3001,24584192,3.91264,1.21947,4.3243e-04
3002,24592384,3.85566,1.20650,4.3225e-04
3003,24600576,3.95251,1.20553,4.3208e-04
3004,24608768,3.97357,1.20580,4.3190e-04
3005,24616960,3.93012,1.20218,4.3172e-04
3006,24625152,3.94271,1.20362,4.3155e-04
3007,24633344,4.02084,1.20286,4.3137e-04
3008,24641536,4.03422,1.21018,4.3119e-04
3009,24649728,4.02492,1.20428,4.3102e-04
3010,24657920,3.92303,1.20981,4.3084e-04
3011,24666112,3.85192,1.21681,4.3066e-04
3012,24674304,4.05581,1.22306,4.3048e-04
3013,24682496,3.91517,1.22392,4.3031e-04
3014,24690688,4.04532,1.22428,4.3013e-04
3015,24698880,3.98674,1.23883,4.2995e-04
3016,24707072,3.97319,1.23160,4.2978e-04
3017,24715264,3.84734,1.24122,4.2960e-04
3018,24723456,4.05439,1.24992,4.2942e-04
3019,24731648,4.11566,1.25461,4.2925e-04
3020,24739840,3.87242,1.25834,4.2907e-04
3021,24748032,4.04665,1.26012,4.2889e-04
3022,24756224,3.88252,1.25591,4.2871e-04
3023,24764416,4.07368,1.23913,4.2854e-04
3024,24772608,3.90260,1.24878,4.2836e-04
3025,24780800,3.93320,1.24218,4.2818e-04
3026,24788992,4.00202,1.22849,4.2801e-04
3027,24797184,4.05434,1.23791,4.2783e-04
3028,24805376,4.01278,1.23999,4.2765e-04
3029,24813568,4.10860,1.23460,4.2747e-04
3030,24821760,4.01025,1.24004,4.2730e-04
3031,24829952,3.99275,1.24042,4.2712e-04
3032,24838144,3.76659,1.25295,4.2694e-04
3033,24846336,4.10134,1.24107,4.2677e-04
3034,24854528,3.85006,1.24663,4.2659e-04
3035,24862720,4.02625,1.24994,4.2641e-04
3036,24870912,3.97303,1.24333,4.2624e-04
3037,24879104,3.90541,1.24305,4.2606e-04
3038,24887296,3.87150,1.24592,4.2588e-04
3039,24895488,3.90640,1.24153,4.2570e-04
3040,24903680,3.79732,1.22965,4.2553e-04
3041,24911872,3.82730,1.23065,4.2535e-04
3042,24920064,3.92898,1.22667,4.2517e-04
3043,24928256,4.03607,1.22206,4.2500e-04
3044,24936448,3.99831,1.22836,4.2482e-04
3045,24944640,3.85980,1.21569,4.2464e-04
3046,24952832,3.95654,1.22478,4.2446e-04
3047,24961024,3.79315,1.22391,4.2429e-04
3048,24969216,4.07407,1.21705,4.2411e-04
3049,24977408,3.92187,1.21622,4.2393e-04
3050,24985600,4.07194,1.21381,4.2375e-04
3051,24993792,3.95685,1.21898,4.2358e-04
3052,25001984,4.03397,1.22715,4.2340e-04
3053,25010176,3.96936,1.21663,4.2322e-04
3054,25018368,3.97223,1.23313,4.2305e-04
3055,25026560,3.66894,1.23824,4.2287e-04
3056,25034752,4.13173,1.24065,4.2269e-04
3057,25042944,3.91900,1.23999,4.2251e-04
3058,25051136,4.04529,1.23988,4.2234e-04
3059,25059328,3.99406,1.24275,4.2216e-04
3060,25067520,3.92268,1.24454,4.2198e-04
3061,25075712,4.08416,1.24628,4.2181e-04
3062,25083904,3.96778,1.24831,4.2163e-04
3063,25092096,3.97653,1.24617,4.2145e-04
3064,25100288,3.98828,1.25428,4.2127e-04
3065,25108480,4.09197,1.25545,4.2110e-04
3066,25116672,3.85473,1.24907,4.2092e-04
3067,25124864,3.92745,1.25693,4.2074e-04
3068,25133056,3.89120,1.25824,4.2057e-04
3069,25141248,3.98003,1.26091,4.2039e-04
3070,25149440,4.04201,1.26591,4.2021e-04
3071,25157632,3.94295,1.25681,4.2003e-04
3072,25165824,3.95788,1.25966,4.1986e-04
3073,25174016,3.77815,1.24724,4.1968e-04
3074,25182208,3.94551,1.24547,4.1950e-04
3075,25190400,3.93186,1.24493,4.1932e-04
3076,25198592,3.94482,1.24063,4.1915e-04
3077,25206784,3.93528,1.23606,4.1897e-04
3078,25214976,3.79686,1.22708,4.1879e-04
3079,25223168,4.06961,1.24020,4.1862e-04
3080,25231360,3.81971,1.23706,4.1844e-04
3081,25239552,4.05770,1.24237,4.1826e-04
3082,25247744,4.08908,1.25049,4.1808e-04
3083,25255936,4.09484,1.24511,4.1791e-04
3084,25264128,3.83893,1.24446,4.1773e-04
3085,25272320,3.87128,1.24585,4.1755e-04
3086,25280512,4.08368,1.23747,4.1737e-04
3087,25288704,4.00713,1.24694,4.1720e-04
3088,25296896,3.88212,1.23952,4.1702e-04
3089,25305088,3.75152,1.24341,4.1684e-04
3090,25313280,3.92277,1.23942,4.1667e-04
3091,25321472,4.00243,1.23956,4.1649e-04
3092,25329664,3.85464,1.23136,4.1631e-04
3093,25337856,3.99565,1.23238,4.1613e-04
3094,25346048,4.03835,1.23850,4.1596e-04
3095,25354240,3.85052,1.21476,4.1578e-04
3096,25362432,3.88431,1.23025,4.1560e-04
3097,25370624,4.05537,1.23664,4.1543e-04
3098,25378816,4.00595,1.23782,4.1525e-04
3099,25387008,4.14889,1.23409,4.1507e-04
3100,25395200,3.95383,1.23375,4.1489e-04
3101,25403392,3.95961,1.23167,4.1472e-04
3102,25411584,3.83032,1.21832,4.1454e-04
3103,25419776,3.89922,1.22308,4.1436e-04
3104,25427968,4.05272,1.23330,4.1418e-04
3105,25436160,3.93480,1.23137,4.1401e-04
3106,25444352,4.06491,1.22452,4.1383e-04
3107,25452544,3.99865,1.22523,4.1365e-04
3108,25460736,3.94083,1.22900,4.1348e-04
3109,25468928,3.90869,1.23245,4.1330e-04
3110,25477120,3.82052,1.22902,4.1312e-04
3111,25485312,3.93653,1.23558,4.1294e-04
3112,25493504,3.95385,1.22001,4.1277e-04
3113,25501696,3.81755,1.21881,4.1259e-04
3114,25509888,3.95716,1.22971,4.1241e-04
3115,25518080,4.05789,1.22992,4.1223e-04
3116,25526272,4.07850,1.24636,4.1206e-04
3117,25534464,3.83024,1.24907,4.1188e-04
3118,25542656,4.03053,1.24117,4.1170e-04
3119,25550848,3.91552,1.23947,4.1152e-04
3120,25559040,3.93589,1.24315,4.1135e-04
3121,25567232,3.92198,1.24337,4.1117e-04
3122,25575424,4.10363,1.24693,4.1099e-04
3123,25583616,3.87489,1.24995,4.1082e-04
3124,25591808,3.64381,1.26127,4.1064e-04
3125,25600000,3.84172,1.26931,4.1046e-04
3126,25608192,4.03751,1.26708,4.1028e-04
3127,25616384,3.99499,1.27416,4.1011e-04
3128,25624576,4.02611,1.27497,4.0993e-04
3129,25632768,3.93554,1.27776,4.0975e-04
3130,25640960,3.89097,1.27693,4.0957e-04
3131,25649152,3.97390,1.27104,4.0940e-04
3132,25657344,3.98475,1.26344,4.0922e-04
3133,25665536,3.90054,1.26134,4.0904e-04
3134,25673728,3.97109,1.26498,4.0887e-04
3135,25681920,4.02546,1.24895,4.0869e-04
3136,25690112,3.95900,1.25297,4.0851e-04
3137,25698304,3.82120,1.26089,4.0833e-04
3138,25706496,3.95287,1.24563,4.0816e-04
3139,25714688,3.84631,1.24345,4.0798e-04
3140,25722880,4.00574,1.24779,4.0780e-04
3141,25731072,3.96779,1.23498,4.0763e-04
3142,25739264,3.84657,1.23101,4.0745e-04
3143,25747456,3.94347,1.24031,4.0727e-04
3144,25755648,3.79930,1.23230,4.0709e-04
3145,25763840,3.93477,1.22935,4.0692e-04
3146,25772032,3.93699,1.23048,4.0674e-04
3147,25780224,4.04460,1.22685,4.0656e-04
3148,25788416,3.78674,1.21974,4.0638e-04
3149,25796608,3.95314,1.21848,4.0621e-04
3150,25804800,3.90739,1.22418,4.0603e-04
3151,25812992,3.93508,1.22401,4.0585e-04
3152,25821184,3.76880,1.23244,4.0568e-04
3153,25829376,3.86819,1.21965,4.0550e-04
3154,25837568,3.83350,1.21786,4.0532e-04
3155,25845760,3.92481,1.22357,4.0514e-04
3156,25853952,4.00262,1.22127,4.0497e-04
3157,25862144,4.01497,1.22349,4.0479e-04
3158,25870336,3.92813,1.22243,4.0461e-04
3159,25878528,3.98149,1.22292,4.0443e-04
3160,25886720,3.91811,1.22655,4.0426e-04
3161,25894912,3.83684,1.23516,4.0408e-04
3162,25903104,3.95716,1.23629,4.0390e-04
3163,25911296,3.75214,1.25423,4.0373e-04
3164,25919488,3.82152,1.24998,4.0355e-04
3165,25927680,3.98215,1.25738,4.0337e-04
3166,25935872,3.92576,1.25910,4.0319e-04
3167,25944064,3.79688,1.26626,4.0302e-04
3168,25952256,3.95773,1.25818,4.0284e-04
3169,25960448,3.94336,1.25746,4.0266e-04
3170,25968640,4.01542,1.25248,4.0249e-04
3171,25976832,3.98007,1.24680,4.0231e-04
3172,25985024,3.97215,1.24234,4.0213e-04
3173,25993216,3.93603,1.23474,4.0195e-04
3174,26001408,4.08886,1.24332,4.0178e-04
3175,26009600,3.97686,1.23919,4.0160e-04
3176,26017792,3.99621,1.23832,4.0142e-04
3177,26025984,3.90479,1.23425,4.0125e-04
3178,26034176,3.88024,1.23663,4.0107e-04
3179,26042368,3.85190,1.23419,4.0089e-04
3180,26050560,3.84277,1.24523,4.0071e-04
3181,26058752,3.64551,1.23830,4.0054e-04
3182,26066944,3.82298,1.24068,4.0036e-04
3183,26075136,3.77826,1.24945,4.0018e-04
3184,26083328,3.84027,1.24943,4.0000e-04
3185,26091520,3.78762,1.25478,3.9983e-04
3186,26099712,3.86319,1.25744,3.9965e-04
3187,26107904,3.93736,1.25072,3.9947e-04
3188,26116096,3.85232,1.25089,3.9930e-04
3189,26124288,3.90697,1.25611,3.9912e-04
3190,26132480,3.81132,1.24591,3.9894e-04
3191,26140672,4.02702,1.24661,3.9876e-04
3192,26148864,3.90292,1.24069,3.9859e-04
3193,26157056,3.88011,1.23692,3.9841e-04
3194,26165248,3.82554,1.25099,3.9823e-04
3195,26173440,3.94421,1.24326,3.9806e-04
3196,26181632,3.96296,1.24440,3.9788e-04
3197,26189824,3.87635,1.25752,3.9770e-04
3198,26198016,3.98219,1.25411,3.9753e-04
3199,26206208,3.93079,1.25254,3.9735e-04
3200,26214400,3.88947,1.25158,3.9717e-04
3201,26222592,3.90768,1.25213,3.9699e-04
3202,26230784,3.95962,1.25000,3.9682e-04
3203,26238976,3.96974,1.25414,3.9664e-04
3204,26247168,3.85316,1.25398,3.9646e-04
3205,26255360,3.99645,1.24928,3.9629e-04
3206,26263552,3.98199,1.25104,3.9611e-04
3207,26271744,3.94968,1.24859,3.9593e-04
3208,26279936,3.81186,1.24151,3.9575e-04
3209,26288128,3.85031,1.24525,3.9558e-04
3210,26296320,4.08708,1.24487,3.9540e-04
3211,26304512,3.89170,1.24627,3.9522e-04
3212,26312704,3.93396,1.24386,3.9505e-04
3213,26320896,3.79963,1.23767,3.9487e-04
3214,26329088,3.92543,1.23679,3.9469e-04
3215,26337280,3.86073,1.24400,3.9452e-04
3216,26345472,3.91555,1.23240,3.9434e-04
3217,26353664,3.90667,1.23178,3.9416e-04
3218,26361856,3.88496,1.23683,3.9398e-04
3219,26370048,3.86572,1.22067,3.9381e-04
3220,26378240,3.90106,1.21557,3.9363e-04
3221,26386432,3.94467,1.20410,3.9345e-04
3222,26394624,3.88023,1.20471,3.9328e-04
3223,26402816,3.99268,1.21392,3.9310e-04
3224,26411008,3.89188,1.22613,3.9292e-04
3225,26419200,3.88764,1.22725,3.9275e-04
3226,26427392,3.85336,1.22924,3.9257e-04
3227,26435584,3.82503,1.24033,3.9239e-04
3228,26443776,3.97286,1.26232,3.9221e-04
3229,26451968,3.83571,1.26137,3.9204e-04
3230,26460160,3.90596,1.26532,3.9186e-04
3231,26468352,3.93982,1.26794,3.9168e-04
3232,26476544,3.99337,1.26925,3.9151e-04
3233,26484736,3.89414,1.27474,3.9133e-04
3234,26492928,3.93028,1.26539,3.9115e-04
3235,26501120,3.97940,1.27964,3.9098e-04
3236,26509312,3.73303,1.28318,3.9080e-04
3237,26517504,3.99612,1.27395,3.9062e-04
3238,26525696,3.82387,1.28956,3.9044e-04
3239,26533888,4.03130,1.27807,3.9027e-04
3240,26542080,3.86161,1.28245,3.9009e-04
3241,26550272,3.87602,1.27683,3.8991e-04
3242,26558464,3.98829,1.27653,3.8974e-04
3243,26566656,3.96739,1.28079,3.8956e-04
3244,26574848,3.78050,1.26909,3.8938e-04
3245,26583040,3.85616,1.27351,3.8921e-04
3246,26591232,3.90516,1.26161,3.8903e-04
3247,26599424,3.94175,1.26755,3.8885e-04
3248,26607616,3.98601,1.26352,3.8868e-04
3249,26615808,3.91268,1.26045,3.8850e-04
3250,26624000,3.94852,1.26920,3.8832e-04
3251,26632192,3.92525,1.25708,3.8815e-04
3252,26640384,3.82793,1.25075,3.8797e-04
3253,26648576,3.94231,1.25105,3.8779e-04
3254,26656768,3.83930,1.24026,3.8762e-04
3255,26664960,3.82998,1.24656,3.8744e-04
3256,26673152,3.87475,1.24587,3.8726e-04
3257,26681344,3.87621,1.24734,3.8708e-04
3258,26689536,3.90224,1.23592,3.8691e-04
3259,26697728,3.83303,1.22509,3.8673e-04
3260,26705920,3.81127,1.22544,3.8655e-04
3261,26714112,3.96005,1.23122,3.8638e-04
3262,26722304,3.94157,1.23393,3.8620e-04
3263,26730496,3.93492,1.23330,3.8602e-04
3264,26738688,3.96610,1.24454,3.8585e-04
3265,26746880,3.84672,1.23505,3.8567e-04
3266,26755072,4.03980,1.24411,3.8549e-04
3267,26763264,3.96734,1.24013,3.8532e-04
3268,26771456,3.96066,1.24299,3.8514e-04
3269,26779648,3.94558,1.24435,3.8496e-04
3270,26787840,3.99424,1.25107,3.8479e-04
3271,26796032,4.00065,1.24697,3.8461e-04
3272,26804224,3.86629,1.24688,3.8443e-04
3273,26812416,3.97045,1.24010,3.8426e-04
3274,26820608,4.02038,1.23950,3.8408e-04
3275,26828800,3.78119,1.22592,3.8390e-04
3276,26836992,3.82243,1.23713,3.8373e-04
3277,26845184,3.92385,1.24600,3.8355e-04
3278,26853376,4.02666,1.23709,3.8337e-04
3279,26861568,3.86268,1.22891,3.8320e-04
3280,26869760,3.91071,1.23746,3.8302e-04
3281,26877952,3.86568,1.23917,3.8284e-04
3282,26886144,3.92311,1.25604,3.8267e-04
3283,26894336,3.79630,1.25378,3.8249e-04
3284,26902528,3.90540,1.24699,3.8231e-04
3285,26910720,3.83883,1.25207,3.8214e-04
3286,26918912,3.94065,1.25378,3.8196e-04
3287,26927104,3.94279,1.25445,3.8179e-04
3288,26935296,3.73321,1.26617,3.8161e-04
3289,26943488,4.07508,1.25905,3.8143e-04
3290,26951680,3.90253,1.25022,3.8126e-04
3291,26959872,3.94432,1.25338,3.8108e-04
3292,26968064,4.02220,1.24393,3.8090e-04
3293,26976256,3.79698,1.24065,3.8073e-04
3294,26984448,3.96091,1.24734,3.8055e-04
3295,26992640,4.02894,1.24038,3.8037e-04
3296,27000832,3.85714,1.24301,3.8020e-04
3297,27009024,3.96266,1.24404,3.8002e-04
3298,27017216,3.80861,1.24239,3.7984e-04
3299,27025408,3.65969,1.23921,3.7967e-04
3300,27033600,3.92393,1.23277,3.7949e-04
3301,27041792,3.74924,1.24079,3.7931e-04
3302,27049984,3.81717,1.23905,3.7914e-04
3303,27058176,3.97317,1.24326,3.7896e-04
3304,27066368,3.83508,1.24200,3.7879e-04
3305,27074560,3.78764,1.24593,3.7861e-04
3306,27082752,3.78093,1.23117,3.7843e-04
3307,27090944,3.84619,1.24205,3.7826e-04
3308,27099136,3.85019,1.22506,3.7808e-04
3309,27107328,3.95680,1.21416,3.7790e-04
3310,27115520,3.89008,1.21741,3.7773e-04
3311,27123712,3.94937,1.22613,3.7755e-04
3312,27131904,4.00845,1.25129,3.7737e-04
3313,27140096,3.76511,1.23062,3.7720e-04
3314,27148288,3.89730,1.24170,3.7702e-04
3315,27156480,3.83086,1.23729,3.7685e-04
3316,27164672,3.91622,1.24952,3.7667e-04
3317,27172864,3.83293,1.24534,3.7649e-04
3318,27181056,3.85516,1.25759,3.7632e-04
3319,27189248,3.86073,1.27232,3.7614e-04
3320,27197440,3.90905,1.26177,3.7596e-04
3321,27205632,3.95275,1.26432,3.7579e-04
3322,27213824,3.98286,1.26809,3.7561e-04
3323,27222016,3.79347,1.26175,3.7544e-04
3324,27230208,3.89838,1.27243,3.7526e-04
3325,27238400,3.90422,1.26619,3.7508e-04
3326,27246592,3.88805,1.26346,3.7491e-04
3327,27254784,3.87590,1.25440,3.7473e-04
3328,27262976,3.87173,1.25466,3.7455e-04
3329,27271168,3.74131,1.24925,3.7438e-04
3330,27279360,3.90057,1.25271,3.7420e-04
3331,27287552,3.82939,1.24227,3.7403e-04
3332,27295744,3.85856,1.24447,3.7385e-04
3333,27303936,3.89025,1.24537,3.7367e-04
3334,27312128,3.76312,1.24459,3.7350e-04
3335,27320320,3.89347,1.25736,3.7332e-04
3336,27328512,3.80922,1.26426,3.7315e-04
3337,27336704,3.77805,1.27238,3.7297e-04
3338,27344896,3.85422,1.26968,3.7279e-04
3339,27353088,3.99306,1.27069,3.7262e-04
3340,27361280,3.81537,1.26698,3.7244e-04
3341,27369472,3.89395,1.27016,3.7227e-04
3342,27377664,3.86353,1.26767,3.7209e-04
3343,27385856,3.93533,1.25869,3.7191e-04
3344,27394048,3.95579,1.24981,3.7174e-04
3345,27402240,4.10071,1.25329,3.7156e-04
3346,27410432,3.85951,1.24376,3.7139e-04
3347,27418624,3.87878,1.23616,3.7121e-04
3348,27426816,3.96772,1.23055,3.7103e-04
3349,27435008,3.88673,1.22784,3.7086e-04
3350,27443200,3.95795,1.22981,3.7068e-04
3351,27451392,3.84313,1.24412,3.7051e-04
3352,27459584,3.93177,1.24810,3.7033e-04
3353,27467776,3.81903,1.24189,3.7015e-04
3354,27475968,3.89364,1.23753,3.6998e-04
3355,27484160,3.92694,1.24863,3.6980e-04
3356,27492352,3.99023,1.24041,3.6963e-04
3357,27500544,3.83592,1.24974,3.6945e-04
3358,27508736,3.67738,1.24396,3.6928e-04
3359,27516928,3.83962,1.23647,3.6910e-04
3360,27525120,3.78199,1.24569,3.6892e-04
3361,27533312,3.97349,1.25186,3.6875e-04
3362,27541504,3.84631,1.26244,3.6857e-04
3363,27549696,3.86445,1.25576,3.6840e-04
3364,27557888,3.86304,1.24880,3.6822e-04
3365,27566080,3.85192,1.25315,3.6804e-04
3366,27574272,3.72333,1.24282,3.6787e-04
3367,27582464,3.84749,1.23767,3.6769e-04
3368,27590656,3.92003,1.24119,3.6752e-04
3369,27598848,3.83692,1.23641,3.6734e-04
3370,27607040,3.76488,1.23318,3.6717e-04
3371,27615232,3.97243,1.24036,3.6699e-04
3372,27623424,3.95880,1.23688,3.6681e-04
3373,27631616,3.84218,1.24605,3.6664e-04
3374,27639808,3.91418,1.24380,3.6646e-04
3375,27648000,3.89540,1.24708,3.6629e-04
3376,27656192,3.87652,1.24946,3.6611e-04
3377,27664384,3.90013,1.24580,3.6594e-04
3378,27672576,3.79884,1.24628,3.6576e-04
3379,27680768,3.92202,1.23633,3.6559e-04
3380,27688960,3.88598,1.24318,3.6541e-04
3381,27697152,3.98207,1.23170,3.6523e-04
3382,27705344,3.95256,1.23978,3.6506e-04
3383,27713536,3.80339,1.23718,3.6488e-04
3384,27721728,3.87414,1.22955,3.6471e-04
3385,27729920,3.66900,1.22976,3.6453e-04
3386,27738112,3.84772,1.22969,3.6436e-04
3387,27746304,3.90711,1.23572,3.6418e-04
3388,27754496,3.94004,1.22439,3.6401e-04
3389,27762688,4.11229,1.22949,3.6383e-04
3390,27770880,3.94871,1.23366,3.6366e-04
3391,27779072,4.07004,1.24353,3.6348e-04
3392,27787264,4.12522,1.25537,3.6330e-04
3393,27795456,3.88762,1.25593,3.6313e-04
3394,27803648,3.89409,1.25692,3.6295e-04
3395,27811840,3.82785,1.25242,3.6278e-04
3396,27820032,3.99301,1.26673,3.6260e-04
3397,27828224,3.76141,1.25446,3.6243e-04
3398,27836416,3.70892,1.25838,3.6225e-04
3399,27844608,3.86332,1.24676,3.6208e-04
3400,27852800,3.94212,1.25145,3.6190e-04
3401,27860992,3.93053,1.26796,3.6173e-04
3402,27869184,3.93504,1.24399,3.6155e-04
3403,27877376,3.87094,1.25919,3.6138e-04
3404,27885568,3.92605,1.24609,3.6120e-04
3405,27893760,3.88656,1.24679,3.6103e-04
3406,27901952,3.82901,1.24790,3.6085e-04
3407,27910144,3.92999,1.24876,3.6068e-04
3408,27918336,3.89964,1.25049,3.6050e-04
3409,27926528,3.98283,1.24789,3.6033e-04
3410,27934720,3.90691,1.23974,3.6015e-04
3411,27942912,3.82827,1.24132,3.5997e-04
3412,27951104,3.93606,1.24353,3.5980e-04
3413,27959296,3.94297,1.24088,3.5962e-04
3414,27967488,3.95039,1.24077,3.5945e-04
3415,27975680,3.93094,1.24401,3.5927e-04
3416,27983872,3.85594,1.24392,3.5910e-04
3417,27992064,3.99358,1.24744,3.5892e-04
3418,28000256,4.06226,1.24697,3.5875e-04
3419,28008448,3.77248,1.24216,3.5857e-04
3420,28016640,3.88944,1.24176,3.5840e-04
3421,28024832,3.78358,1.25015,3.5822e-04
3422,28033024,3.86641,1.24660,3.5805e-04
3423,28041216,3.84412,1.23936,3.5787e-04
3424,28049408,3.84911,1.24532,3.5770e-04
3425,28057600,3.91090,1.23869,3.5752e-04
3426,28065792,3.74207,1.23695,3.5735e-04
3427,28073984,3.82124,1.23372,3.5717e-04
3428,28082176,3.80782,1.23854,3.5700e-04
3429,28090368,4.00889,1.22868,3.5683e-04
3430,28098560,3.89468,1.22766,3.5665e-04
3431,28106752,3.87730,1.22731,3.5648e-04
3432,28114944,3.84560,1.22002,3.5630e-04
3433,28123136,3.86109,1.22301,3.5613e-04
3434,28131328,3.83535,1.22179,3.5595e-04
3435,28139520,4.02286,1.22953,3.5578e-04
3436,28147712,3.98719,1.24142,3.5560e-04
3437,28155904,3.83468,1.23267,3.5543e-04
3438,28164096,3.84823,1.22711,3.5525e-04
3439,28172288,3.90766,1.23465,3.5508e-04
3440,28180480,3.87174,1.23946,3.5490e-04
3441,28188672,3.96865,1.23989,3.5473e-04
3442,28196864,3.89936,1.24108,3.5455e-04
3443,28205056,3.80699,1.24094,3.5438e-04
3444,28213248,3.86058,1.25251,3.5420e-04
3445,28221440,3.83272,1.25226,3.5403e-04
3446,28229632,3.82488,1.25511,3.5385e-04
3447,28237824,3.70626,1.25779,3.5368e-04
3448,28246016,3.87843,1.25921,3.5351e-04
3449,28254208,3.89738,1.25596,3.5333e-04
3450,28262400,3.95955,1.25091,3.5316e-04
3451,28270592,3.87334,1.24700,3.5298e-04
3452,28278784,3.87127,1.24751,3.5281e-04
3453,28286976,3.86821,1.24525,3.5263e-04
3454,28295168,3.71708,1.24857,3.5246e-04
3455,28303360,3.89020,1.23919,3.5228e-04
3456,28311552,3.85099,1.23888,3.5211e-04
3457,28319744,3.85501,1.23784,3.5194e-04
3458,28327936,3.86246,1.23937,3.5176e-04
3459,28336128,3.82695,1.23217,3.5159e-04
3460,28344320,3.92189,1.23971,3.5141e-04
3461,28352512,3.87256,1.24177,3.5124e-04
3462,28360704,3.78172,1.23723,3.5106e-04
3463,28368896,3.91118,1.25318,3.5089e-04
3464,28377088,3.93624,1.24481,3.5072e-04
3465,28385280,3.95272,1.24779,3.5054e-04
3466,28393472,3.94572,1.24982,3.5037e-04
3467,28401664,3.86343,1.24468,3.5019e-04
3468,28409856,3.82878,1.25147,3.5002e-04
3469,28418048,3.84410,1.24661,3.4984e-04
3470,28426240,4.02632,1.26717,3.4967e-04
3471,28434432,3.83523,1.27002,3.4950e-04
3472,28442624,3.89236,1.25041,3.4932e-04
3473,28450816,3.70761,1.26705,3.4915e-04
3474,28459008,3.91043,1.26195,3.4897e-04
3475,28467200,3.83317,1.26300,3.4880e-04
3476,28475392,3.78343,1.26957,3.4863e-04
3477,28483584,3.93967,1.25589,3.4845e-04
3478,28491776,3.89570,1.26132,3.4828e-04
3479,28499968,3.88372,1.24919,3.4810e-04
3480,28508160,3.98326,1.25532,3.4793e-04
3481,28516352,3.86013,1.25817,3.4775e-04
3482,28524544,3.77554,1.25743,3.4758e-04
3483,28532736,3.81159,1.26609,3.4741e-04
3484,28540928,3.79922,1.25102,3.4723e-04
3485,28549120,3.88589,1.26034,3.4706e-04
3486,28557312,3.83299,1.26346,3.4689e-04
3487,28565504,3.83396,1.25149,3.4671e-04
3488,28573696,3.84932,1.25476,3.4654e-04
3489,28581888,3.83678,1.25093,3.4636e-04
3490,28590080,3.76237,1.25714,3.4619e-04
3491,28598272,3.87253,1.25468,3.4602e-04
3492,28606464,3.89601,1.25197,3.4584e-04
3493,28614656,3.89283,1.25243,3.4567e-04
3494,28622848,3.84439,1.26144,3.4549e-04
3495,28631040,3.80081,1.25723,3.4532e-04
3496,28639232,3.65910,1.25056,3.4515e-04
3497,28647424,3.90296,1.24988,3.4497e-04
3498,28655616,3.95742,1.27090,3.4480e-04
3499,28663808,3.70338,1.25799,3.4463e-04
3500,28672000,3.93341,1.25728,3.4445e-04
3501,28680192,3.84609,1.25814,3.4428e-04
3502,28688384,3.85853,1.26686,3.4411e-04
3503,28696576,3.79742,1.25666,3.4393e-04
3504,28704768,3.98733,1.25564,3.4376e-04
3505,28712960,3.74642,1.24786,3.4358e-04
3506,28721152,3.87631,1.25487,3.4341e-04
3507,28729344,3.98650,1.26143,3.4324e-04
3508,28737536,3.88552,1.23841,3.4306e-04
3509,28745728,3.95160,1.24552,3.4289e-04
3510,28753920,3.96440,1.23753,3.4272e-04
3511,28762112,4.11109,1.24137,3.4254e-04
3512,28770304,4.03489,1.24553,3.4237e-04
3513,28778496,3.86206,1.24307,3.4220e-04
3514,28786688,3.75861,1.23125,3.4202e-04
3515,28794880,3.82089,1.23227,3.4185e-04
3516,28803072,3.83960,1.23852,3.4168e-04
3517,28811264,3.80415,1.24252,3.4150e-04
3518,28819456,3.74017,1.23647,3.4133e-04
3519,28827648,3.85372,1.23953,3.4116e-04
3520,28835840,3.84833,1.24155,3.4098e-04
3521,28844032,3.95639,1.24768,3.4081e-04
3522,28852224,3.76097,1.23858,3.4064e-04
3523,28860416,3.76915,1.24295,3.4046e-04
3524,28868608,3.82572,1.24792,3.4029e-04
3525,28876800,3.76654,1.24286,3.4012e-04
3526,28884992,3.76152,1.25987,3.3994e-04
3527,28893184,3.82754,1.25136,3.3977e-04
3528,28901376,3.85045,1.25902,3.3960e-04
3529,28909568,3.97937,1.27616,3.3943e-04
3530,28917760,3.74302,1.26565,3.3925e-04
3531,28925952,3.65158,1.25309,3.3908e-04
3532,28934144,3.83122,1.26205,3.3891e-04
3533,28942336,3.84395,1.26285,3.3873e-04
3534,28950528,3.88639,1.25362,3.3856e-04
3535,28958720,3.83921,1.25908,3.3839e-04
3536,28966912,3.84081,1.26356,3.3821e-04
3537,28975104,3.78277,1.27182,3.3804e-04
3538,28983296,3.69178,1.26762,3.3787e-04
3539,28991488,3.84345,1.26133,3.3770e-04
3540,28999680,4.00437,1.25841,3.3752e-04
3541,29007872,3.94306,1.25630,3.3735e-04
3542,29016064,3.75421,1.25394,3.3718e-04
3543,29024256,4.04632,1.26842,3.3700e-04
3544,29032448,4.01909,1.25501,3.3683e-04
3545,29040640,3.81311,1.25582,3.3666e-04
3546,29048832,3.79685,1.25321,3.3649e-04
3547,29057024,3.88534,1.24757,3.3631e-04
3548,29065216,3.94761,1.25285,3.3614e-04
3549,29073408,3.94298,1.24867,3.3597e-04
3550,29081600,3.98637,1.24300,3.3580e-04
3551,29089792,3.80040,1.24732,3.3562e-04
3552,29097984,3.85085,1.23718,3.3545e-04
3553,29106176,3.78840,1.24298,3.3528e-04
3554,29114368,3.74379,1.24388,3.3510e-04
3555,29122560,3.70149,1.25440,3.3493e-04
3556,29130752,3.74279,1.24361,3.3476e-04
3557,29138944,3.83841,1.24241,3.3459e-04
3558,29147136,3.85248,1.23810,3.3441e-04
3559,29155328,3.81692,1.22966,3.3424e-04
3560,29163520,3.81788,1.22357,3.3407e-04
3561,29171712,3.81324,1.23118,3.3390e-04
3562,29179904,3.79204,1.22519,3.3373e-04
3563,29188096,3.92030,1.22937,3.3355e-04
3564,29196288,3.85636,1.22709,3.3338e-04
3565,29204480,3.77671,1.24079,3.3321e-04
3566,29212672,3.73462,1.23526,3.3304e-04
3567,29220864,3.85993,1.23544,3.3286e-04
3568,29229056,3.88165,1.23559,3.3269e-04
3569,29237248,3.90984,1.24380,3.3252e-04
3570,29245440,3.91504,1.25814,3.3235e-04
3571,29253632,3.94055,1.26569,3.3217e-04
3572,29261824,3.82723,1.25085,3.3200e-04
3573,29270016,3.81712,1.25294,3.3183e-04
3574,29278208,3.84756,1.24581,3.3166e-04
3575,29286400,3.79500,1.24751,3.3149e-04
3576,29294592,3.95177,1.25458,3.3131e-04
3577,29302784,3.95359,1.26230,3.3114e-04
3578,29310976,3.84103,1.25581,3.3097e-04
3579,29319168,4.05138,1.25454,3.3080e-04
3580,29327360,3.87433,1.25590,3.3063e-04
3581,29335552,3.73367,1.24774,3.3045e-04
3582,29343744,3.88146,1.24953,3.3028e-04
3583,29351936,3.96977,1.25330,3.3011e-04
3584,29360128,3.85432,1.24276,3.2994e-04
3585,29368320,3.84575,1.23734,3.2977e-04
3586,29376512,3.77272,1.23686,3.2959e-04
3587,29384704,3.92786,1.24398,3.2942e-04
3588,29392896,3.82221,1.25144,3.2925e-04
3589,29401088,3.79946,1.24246,3.2908e-04
3590,29409280,4.00115,1.24603,3.2891e-04
3591,29417472,3.75284,1.24952,3.2874e-04
3592,29425664,3.80947,1.24826,3.2856e-04
3593,29433856,3.87841,1.23955,3.2839e-04
3594,29442048,3.86562,1.24436,3.2822e-04
3595,29450240,3.87553,1.24696,3.2805e-04
3596,29458432,3.73596,1.25048,3.2788e-04
3597,29466624,3.81987,1.23675,3.2771e-04
3598,29474816,3.95705,1.24772,3.2753e-04
3599,29483008,3.86576,1.24500,3.2736e-04
3600,29491200,3.94226,1.24827,3.2719e-04
3601,29499392,3.82899,1.25516,3.2702e-04
3602,29507584,3.76658,1.24788,3.2685e-04
3603,29515776,3.94015,1.25478,3.2668e-04
3604,29523968,3.86061,1.25361,3.2650e-04
3605,29532160,3.86266,1.25560,3.2633e-04
3606,29540352,3.92992,1.25392,3.2616e-04
3607,29548544,3.94207,1.24442,3.2599e-04
3608,29556736,3.86357,1.23560,3.2582e-04
3609,29564928,3.85029,1.23067,3.2565e-04
3610,29573120,3.78612,1.23311,3.2548e-04
3611,29581312,3.85830,1.23614,3.2531e-04
3612,29589504,3.97463,1.23589,3.2513e-04
3613,29597696,3.83151,1.23405,3.2496e-04
3614,29605888,3.88015,1.24026,3.2479e-04
3615,29614080,3.84013,1.24227,3.2462e-04
3616,29622272,3.79450,1.23531,3.2445e-04
3617,29630464,3.89757,1.23813,3.2428e-04
3618,29638656,3.84189,1.25054,3.2411e-04
3619,29646848,3.64362,1.24185,3.2394e-04
3620,29655040,3.80221,1.24940,3.2377e-04
3621,29663232,3.81633,1.25606,3.2359e-04
3622,29671424,3.79080,1.26150,3.2342e-04
3623,29679616,3.63048,1.25599,3.2325e-04
3624,29687808,3.89199,1.25356,3.2308e-04
3625,29696000,3.71935,1.25104,3.2291e-04
3626,29704192,3.81520,1.25293,3.2274e-04
3627,29712384,3.86395,1.25394,3.2257e-04
3628,29720576,3.77192,1.24553,3.2240e-04
3629,29728768,3.82240,1.24747,3.2223e-04
3630,29736960,3.77447,1.25665,3.2206e-04
3631,29745152,3.86924,1.24314,3.2189e-04
3632,29753344,3.85293,1.24660,3.2171e-04
3633,29761536,3.78182,1.24338,3.2154e-04
3634,29769728,3.78465,1.25389,3.2137e-04
3635,29777920,3.69724,1.25553,3.2120e-04
3636,29786112,3.82393,1.25539,3.2103e-04
3637,29794304,3.83290,1.25772,3.2086e-04
3638,29802496,3.78296,1.25131,3.2069e-04
3639,29810688,3.80895,1.25052,3.2052e-04
3640,29818880,3.67439,1.25742,3.2035e-04
3641,29827072,3.86409,1.24839,3.2018e-04
3642,29835264,3.82513,1.24499,3.2001e-04
3643,29843456,3.89497,1.25232,3.1984e-04
3644,29851648,3.94510,1.24381,3.1967e-04
3645,29859840,3.85317,1.24895,3.1950e-04
3646,29868032,3.61332,1.25529,3.1933e-04
3647,29876224,3.77983,1.24111,3.1916e-04
3648,29884416,3.62742,1.24784,3.1899e-04
3649,29892608,3.92774,1.24322,3.1882e-04
3650,29900800,3.85638,1.24600,3.1865e-04
3651,29908992,3.86994,1.24819,3.1847e-04
3652,29917184,3.70144,1.24480,3.1830e-04
3653,29925376,4.00788,1.24278,3.1813e-04
3654,29933568,3.93231,1.23956,3.1796e-04
3655,29941760,3.76894,1.23757,3.1779e-04
3656,29949952,3.93560,1.24130,3.1762e-04
3657,29958144,3.85751,1.22525,3.1745e-04
3658,29966336,3.76299,1.22579,3.1728e-04
3659,29974528,3.84427,1.22329,3.1711e-04
3660,29982720,3.75538,1.22106,3.1694e-04
3661,29990912,3.81599,1.21712,3.1677e-04
3662,29999104,3.89704,1.22766,3.1660e-04
3663,30007296,3.88029,1.21647,3.1643e-04
3664,30015488,3.76921,1.21919,3.1626e-04
3665,30023680,3.81182,1.22971,3.1609e-04
3666,30031872,3.82665,1.22589,3.1592e-04
3667,30040064,3.81162,1.22869,3.1575e-04
3668,30048256,3.86183,1.24106,3.1558e-04
3669,30056448,3.76807,1.23150,3.1541e-04
3670,30064640,3.83346,1.22526,3.1524e-04
3671,30072832,3.71691,1.24217,3.1508e-04
3672,30081024,3.63888,1.23509,3.1491e-04
3673,30089216,3.82879,1.24525,3.1474e-04
3674,30097408,3.83316,1.24533,3.1457e-04
3675,30105600,3.83394,1.25333,3.1440e-04
3676,30113792,3.83140,1.24107,3.1423e-04
3677,30121984,3.82465,1.24827,3.1406e-04
3678,30130176,3.86730,1.25293,3.1389e-04
3679,30138368,3.84249,1.25058,3.1372e-04
3680,30146560,3.90657,1.25822,3.1355e-04
3681,30154752,3.69046,1.26153,3.1338e-04
3682,30162944,3.98456,1.26286,3.1321e-04
3683,30171136,3.80011,1.25701,3.1304e-04
3684,30179328,3.89228,1.25591,3.1287e-04
3685,30187520,3.78437,1.24611,3.1270e-04
3686,30195712,3.90197,1.26142,3.1253e-04
3687,30203904,3.87757,1.25880,3.1236e-04
3688,30212096,3.87295,1.26126,3.1219e-04
3689,30220288,3.84123,1.26154,3.1202e-04
3690,30228480,3.84744,1.26211,3.1186e-04
3691,30236672,3.83146,1.26083,3.1169e-04
3692,30244864,3.63413,1.25657,3.1152e-04
3693,30253056,3.77577,1.25388,3.1135e-04
3694,30261248,3.90922,1.26078,3.1118e-04
3695,30269440,3.78582,1.25637,3.1101e-04
3696,30277632,3.79189,1.25175,3.1084e-04
3697,30285824,3.83039,1.25892,3.1067e-04
3698,30294016,3.80275,1.24101,3.1050e-04
3699,30302208,3.72397,1.24698,3.1033e-04
3700,30310400,3.81226,1.25287,3.1016e-04
3701,30318592,3.85640,1.24507,3.1000e-04
3702,30326784,3.81827,1.25499,3.0983e-04
3703,30334976,3.76996,1.25115,3.0966e-04
3704,30343168,3.74152,1.25129,3.0949e-04
3705,30351360,3.74084,1.25272,3.0932e-04
3706,30359552,3.77659,1.26025,3.0915e-04
3707,30367744,3.75291,1.25491,3.0898e-04
3708,30375936,3.73576,1.26032,3.0881e-04
3709,30384128,3.84073,1.24688,3.0865e-04
3710,30392320,3.85344,1.25805,3.0848e-04
3711,30400512,3.80813,1.24392,3.0831e-04
3712,30408704,3.89637,1.24074,3.0814e-04
3713,30416896,3.87078,1.24605,3.0797e-04
3714,30425088,3.77696,1.23877,3.0780e-04
3715,30433280,3.94387,1.24179,3.0763e-04
3716,30441472,3.91167,1.25956,3.0747e-04
3717,30449664,3.89596,1.24151,3.0730e-04
3718,30457856,3.71701,1.24077,3.0713e-04
3719,30466048,3.96226,1.25417,3.0696e-04
3720,30474240,3.65068,1.23952,3.0679e-04
3721,30482432,3.79980,1.24802,3.0662e-04
3722,30490624,3.92596,1.23990,3.0645e-04
3723,30498816,3.80638,1.25778,3.0629e-04
3724,30507008,3.70670,1.25033,3.0612e-04
3725,30515200,3.81232,1.25074,3.0595e-04
3726,30523392,3.97532,1.25407,3.0578e-04
3727,30531584,3.78295,1.25323,3.0561e-04
3728,30539776,3.89811,1.25595,3.0545e-04
3729,30547968,3.84121,1.25226,3.0528e-04
3730,30556160,3.93635,1.24918,3.0511e-04
3731,30564352,3.70408,1.25486,3.0494e-04
3732,30572544,3.90209,1.26100,3.0477e-04
3733,30580736,3.72856,1.25754,3.0461e-04
3734,30588928,3.88619,1.24719,3.0444e-04
3735,30597120,3.82359,1.25470,3.0427e-04
3736,30605312,3.91634,1.25690,3.0410e-04
3737,30613504,3.89867,1.25819,3.0393e-04
3738,30621696,3.83243,1.25794,3.0377e-04
3739,30629888,3.85086,1.25849,3.0360e-04
3740,30638080,3.73395,1.26546,3.0343e-04
3741,30646272,3.90493,1.26018,3.0326e-04
3742,30654464,3.78332,1.25841,3.0309e-04
3743,30662656,3.89891,1.26738,3.0293e-04
3744,30670848,4.00349,1.27609,3.0276e-04
3745,30679040,3.78793,1.25444,3.0259e-04
3746,30687232,3.82215,1.27204,3.0242e-04
3747,30695424,3.77479,1.25742,3.0226e-04
3748,30703616,3.68390,1.25090,3.0209e-04
3749,30711808,3.68298,1.24942,3.0192e-04
3750,30720000,3.66075,1.26000,3.0175e-04
3751,30728192,3.95000,1.24194,3.0159e-04
3752,30736384,3.86994,1.24905,3.0142e-04
3753,30744576,3.86132,1.23674,3.0125e-04
3754,30752768,3.56241,1.23216,3.0108e-04
3755,30760960,3.83543,1.22897,3.0092e-04
3756,30769152,3.82755,1.23746,3.0075e-04
3757,30777344,3.91119,1.23779,3.0058e-04
3758,30785536,3.80663,1.23299,3.0042e-04
3759,30793728,3.86892,1.24655,3.0025e-04
3760,30801920,3.86380,1.23869,3.0008e-04
3761,30810112,3.77594,1.23842,2.9991e-04
3762,30818304,3.85170,1.24069,2.9975e-04
3763,30826496,3.90617,1.23655,2.9958e-04
3764,30834688,3.86055,1.24710,2.9941e-04
3765,30842880,3.84047,1.24929,2.9925e-04
3766,30851072,3.90616,1.24435,2.9908e-04
3767,30859264,3.74093,1.24385,2.9891e-04
3768,30867456,3.89686,1.24599,2.9874e-04
3769,30875648,3.86198,1.25264,2.9858e-04
3770,30883840,3.88662,1.25395,2.9841e-04
3771,30892032,3.77903,1.25120,2.9824e-04
3772,30900224,3.77829,1.24701,2.9808e-04
3773,30908416,3.81749,1.24771,2.9791e-04
3774,30916608,4.00041,1.23691,2.9774e-04
3775,30924800,3.86180,1.23913,2.9758e-04
3776,30932992,3.87331,1.24398,2.9741e-04
3777,30941184,3.88680,1.24059,2.9724e-04
3778,30949376,3.67634,1.23453,2.9708e-04
3779,30957568,3.73783,1.24080,2.9691e-04
3780,30965760,3.93944,1.24833,2.9674e-04
3781,30973952,3.81985,1.23671,2.9658e-04
3782,30982144,3.93632,1.23273,2.9641e-04
3783,30990336,3.81414,1.23169,2.9624e-04
3784,30998528,3.72551,1.23909,2.9608e-04
3785,31006720,3.78159,1.23314,2.9591e-04
3786,31014912,3.70363,1.22856,2.9575e-04
3787,31023104,3.79665,1.22692,2.9558e-04
3788,31031296,3.91735,1.22764,2.9541e-04
3789,31039488,3.82721,1.22628,2.9525e-04
3790,31047680,3.71398,1.22192,2.9508e-04
3791,31055872,3.67792,1.22825,2.9491e-04
3792,31064064,3.92910,1.23391,2.9475e-04
3793,31072256,3.97888,1.24421,2.9458e-04
3794,31080448,3.91912,1.23751,2.9442e-04
3795,31088640,3.83408,1.24119,2.9425e-04
3796,31096832,3.98102,1.22595,2.9408e-04
3797,31105024,3.76101,1.23510,2.9392e-04
3798,31113216,3.88416,1.23315,2.9375e-04
3799,31121408,3.76995,1.23188,2.9359e-04
3800,31129600,3.88969,1.23437,2.9342e-04
3801,31137792,3.71150,1.23985,2.9325e-04
3802,31145984,3.80729,1.24326,2.9309e-04
3803,31154176,3.65079,1.24696,2.9292e-04
3804,31162368,3.73865,1.24227,2.9276e-04
3805,31170560,3.73719,1.24116,2.9259e-04
3806,31178752,3.90853,1.24705,2.9243e-04
3807,31186944,3.85744,1.25092,2.9226e-04
3808,31195136,3.76806,1.24277,2.9209e-04
3809,31203328,3.83907,1.25038,2.9193e-04
3810,31211520,3.80176,1.25395,2.9176e-04
3811,31219712,3.86250,1.24833,2.9160e-04
3812,31227904,3.91628,1.24614,2.9143e-04
3813,31236096,3.78104,1.24466,2.9127e-04
3814,31244288,3.68428,1.23565,2.9110e-04
3815,31252480,3.79368,1.23860,2.9094e-04
3816,31260672,3.67302,1.23659,2.9077e-04
3817,31268864,3.75342,1.23814,2.9061e-04
3818,31277056,3.87109,1.23687,2.9044e-04
3819,31285248,3.75605,1.23028,2.9027e-04
3820,31293440,3.88454,1.24215,2.9011e-04
3821,31301632,3.74898,1.22897,2.8994e-04
3822,31309824,3.82223,1.23382,2.8978e-04
3823,31318016,3.67210,1.23221,2.8961e-04
3824,31326208,3.73123,1.24171,2.8945e-04
3825,31334400,3.71671,1.23234,2.8928e-04
3826,31342592,3.81704,1.24117,2.8912e-04
3827,31350784,3.79987,1.23687,2.8895e-04
3828,31358976,3.78597,1.23927,2.8879e-04
3829,31367168,3.88926,1.23708,2.8862e-04
3830,31375360,3.73688,1.24839,2.8846e-04
3831,31383552,3.80898,1.23822,2.8829e-04
3832,31391744,3.66567,1.23487,2.8813e-04
3833,31399936,3.71038,1.23507,2.8796e-04
3834,31408128,3.75689,1.23034,2.8780e-04
3835,31416320,3.72232,1.22216,2.8764e-04
3836,31424512,3.62281,1.23239,2.8747e-04
3837,31432704,3.50208,1.22930,2.8731e-04
3838,31440896,3.72023,1.22696,2.8714e-04
3839,31449088,3.88546,1.22173,2.8698e-04
3840,31457280,3.91756,1.22426,2.8681e-04
3841,31465472,3.75416,1.22645,2.8665e-04
3842,31473664,3.62008,1.21400,2.8648e-04
3843,31481856,3.82878,1.21855,2.8632e-04
3844,31490048,3.85320,1.21792,2.8615e-04
3845,31498240,3.91089,1.21372,2.8599e-04
3846,31506432,3.89782,1.22912,2.8583e-04
3847,31514624,3.83250,1.22198,2.8566e-04
3848,31522816,3.75999,1.21951,2.8550e-04
3849,31531008,3.85206,1.22835,2.8533e-04
3850,31539200,3.91917,1.23642,2.8517e-04
3851,31547392,3.77087,1.23619,2.8500e-04
3852,31555584,3.67440,1.23791,2.8484e-04
3853,31563776,3.78485,1.23797,2.8468e-04
3854,31571968,3.87802,1.22970,2.8451e-04
3855,31580160,3.84558,1.22536,2.8435e-04
3856,31588352,3.67811,1.22150,2.8418e-04
3857,31596544,3.76386,1.22116,2.8402e-04
3858,31604736,3.81481,1.22105,2.8386e-04
3859,31612928,3.82477,1.22249,2.8369e-04
3860,31621120,3.85249,1.22729,2.8353e-04
3861,31629312,3.72755,1.22783,2.8336e-04
3862,31637504,3.72340,1.23085,2.8320e-04
3863,31645696,3.96778,1.23684,2.8304e-04
3864,31653888,3.78835,1.23170,2.8287e-04
3865,31662080,3.82775,1.24149,2.8271e-04
3866,31670272,3.82623,1.24003,2.8255e-04
3867,31678464,3.80735,1.24498,2.8238e-04
3868,31686656,3.81741,1.23976,2.8222e-04
3869,31694848,3.67251,1.24294,2.8206e-04
3870,31703040,3.71192,1.24908,2.8189e-04
3871,31711232,3.94779,1.24248,2.8173e-04
3872,31719424,3.88859,1.24016,2.8157e-04
3873,31727616,3.70616,1.23887,2.8140e-04
3874,31735808,3.86176,1.24399,2.8124e-04
3875,31744000,3.84871,1.24852,2.8108e-04
3876,31752192,3.83441,1.24711,2.8091e-04
3877,31760384,3.71995,1.23692,2.8075e-04
3878,31768576,3.83791,1.22739,2.8059e-04
3879,31776768,3.81955,1.23627,2.8042e-04
3880,31784960,3.71170,1.22641,2.8026e-04
3881,31793152,3.74068,1.23626,2.8010e-04
3882,31801344,3.86511,1.24654,2.7993e-04
3883,31809536,3.63569,1.23846,2.7977e-04
3884,31817728,3.74859,1.24106,2.7961e-04
3885,31825920,3.80314,1.23730,2.7944e-04
3886,31834112,3.63808,1.23999,2.7928e-04
3887,31842304,3.75305,1.23123,2.7912e-04
3888,31850496,3.73353,1.23653,2.7896e-04
3889,31858688,3.66912,1.23400,2.7879e-04
3890,31866880,3.78086,1.22776,2.7863e-04
3891,31875072,3.75948,1.22482,2.7847e-04
3892,31883264,3.81746,1.22141,2.7830e-04
3893,31891456,3.80909,1.22933,2.7814e-04
3894,31899648,3.69726,1.22332,2.7798e-04
3895,31907840,3.76949,1.22970,2.7782e-04
3896,31916032,4.01125,1.22449,2.7765e-04
3897,31924224,3.78222,1.22607,2.7749e-04
3898,31932416,3.85952,1.22811,2.7733e-04
3899,31940608,3.75613,1.22478,2.7717e-04
3900,31948800,3.73072,1.22832,2.7700e-04
3901,31956992,3.89314,1.23432,2.7684e-04
3902,31965184,3.82267,1.22581,2.7668e-04
3903,31973376,3.77457,1.22676,2.7652e-04
3904,31981568,3.78958,1.23910,2.7636e-04
3905,31989760,3.68677,1.23478,2.7619e-04
3906,31997952,3.89819,1.23116,2.7603e-04
3907,32006144,3.73181,1.23913,2.7587e-04
3908,32014336,3.77554,1.23068,2.7571e-04
3909,32022528,3.60791,1.22900,2.7554e-04
3910,32030720,3.82170,1.22894,2.7538e-04
3911,32038912,3.86786,1.23966,2.7522e-04
3912,32047104,3.73050,1.23768,2.7506e-04
3913,32055296,3.76965,1.24812,2.7490e-04
3914,32063488,3.78893,1.25204,2.7474e-04
3915,32071680,3.67654,1.24921,2.7457e-04
3916,32079872,3.69831,1.24128,2.7441e-04
3917,32088064,3.82461,1.24532,2.7425e-04
3918,32096256,3.90599,1.24404,2.7409e-04
3919,32104448,3.82316,1.23573,2.7393e-04
3920,32112640,3.78582,1.25220,2.7376e-04
3921,32120832,3.69950,1.24033,2.7360e-04
3922,32129024,3.76732,1.24272,2.7344e-04
3923,32137216,3.85449,1.24684,2.7328e-04
3924,32145408,3.59241,1.25119,2.7312e-04
3925,32153600,3.86125,1.23865,2.7296e-04
3926,32161792,3.83110,1.23290,2.7280e-04
3927,32169984,3.89886,1.23700,2.7263e-04
3928,32178176,3.68859,1.23792,2.7247e-04
3929,32186368,3.60097,1.22420,2.7231e-04
3930,32194560,3.75618,1.23771,2.7215e-04
3931,32202752,3.91110,1.22777,2.7199e-04
3932,32210944,3.73549,1.21992,2.7183e-04
3933,32219136,3.73516,1.21884,2.7167e-04
3934,32227328,3.79756,1.22139,2.7151e-04
3935,32235520,3.76181,1.22475,2.7135e-04
3936,32243712,3.87734,1.21816,2.7118e-04
3937,32251904,3.88821,1.22589,2.7102e-04
3938,32260096,3.84193,1.21464,2.7086e-04
3939,32268288,3.60295,1.23208,2.7070e-04
3940,32276480,3.62982,1.21830,2.7054e-04
3941,32284672,3.77861,1.22381,2.7038e-04
3942,32292864,3.74151,1.22128,2.7022e-04
3943,32301056,3.73833,1.22822,2.7006e-04
3944,32309248,3.61605,1.22162,2.6990e-04
3945,32317440,3.78584,1.22367,2.6974e-04
3946,32325632,3.78053,1.22461,2.6958e-04
3947,32333824,3.68594,1.23044,2.6942e-04
3948,32342016,3.83740,1.23733,2.6926e-04
3949,32350208,3.94412,1.23576,2.6909e-04
3950,32358400,3.94880,1.23992,2.6893e-04
3951,32366592,3.75739,1.22834,2.6877e-04
3952,32374784,3.70429,1.22741,2.6861e-04
3953,32382976,3.85320,1.23619,2.6845e-04
3954,32391168,3.75718,1.23216,2.6829e-04
3955,32399360,3.72780,1.22926,2.6813e-04
3956,32407552,3.77380,1.23895,2.6797e-04
3957,32415744,3.77897,1.23932,2.6781e-04
3958,32423936,3.75062,1.24014,2.6765e-04
3959,32432128,3.71466,1.24049,2.6749e-04
3960,32440320,3.86219,1.24579,2.6733e-04
3961,32448512,3.85771,1.23571,2.6717e-04
3962,32456704,3.63201,1.23094,2.6701e-04
3963,32464896,3.82969,1.23332,2.6685e-04
3964,32473088,3.74922,1.24376,2.6669e-04
3965,32481280,3.84415,1.23862,2.6653e-04
3966,32489472,3.80240,1.24965,2.6637e-04
3967,32497664,3.76284,1.23047,2.6621e-04
3968,32505856,3.57185,1.23230,2.6605e-04
3969,32514048,3.84786,1.24489,2.6589e-04
3970,32522240,3.76056,1.24267,2.6573e-04
3971,32530432,3.93895,1.23515,2.6557e-04
3972,32538624,3.73630,1.23410,2.6541e-04
3973,32546816,3.91123,1.23355,2.6525e-04
3974,32555008,3.78102,1.23509,2.6510e-04
3975,32563200,3.76471,1.22845,2.6494e-04
3976,32571392,3.87292,1.23180,2.6478e-04
3977,32579584,3.86869,1.23236,2.6462e-04
3978,32587776,3.77898,1.22853,2.6446e-04
3979,32595968,3.64162,1.23798,2.6430e-04
3980,32604160,3.77029,1.23594,2.6414e-04
3981,32612352,3.84677,1.22770,2.6398e-04
3982,32620544,3.70539,1.23093,2.6382e-04
3983,32628736,3.83332,1.22634,2.6366e-04
3984,32636928,3.64839,1.22186,2.6350e-04
3985,32645120,3.79080,1.23191,2.6334e-04
3986,32653312,3.76068,1.23517,2.6318e-04
3987,32661504,3.83155,1.22500,2.6303e-04
3988,32669696,3.72158,1.21453,2.6287e-04
3989,32677888,3.73376,1.22042,2.6271e-04
3990,32686080,3.76614,1.23137,2.6255e-04
3991,32694272,3.79348,1.22070,2.6239e-04
3992,32702464,3.84382,1.22596,2.6223e-04
3993,32710656,3.82306,1.22872,2.6207e-04
3994,32718848,3.69479,1.22479,2.6191e-04
3995,32727040,3.48863,1.22048,2.6176e-04
3996,32735232,3.64731,1.22160,2.6160e-04
3997,32743424,3.86318,1.22214,2.6144e-04
3998,32751616,3.79207,1.20754,2.6128e-04
3999,32759808,3.85275,1.21392,2.6112e-04
4000,32768000,4.02698,1.21866,2.6096e-04
4001,32776192,3.61257,1.21314,2.6080e-04
4002,32784384,3.84763,1.22002,2.6065e-04
4003,32792576,3.66927,1.21978,2.6049e-04
4004,32800768,3.70590,1.22977,2.6033e-04
4005,32808960,3.74286,1.21758,2.6017e-04
4006,32817152,3.66828,1.22003,2.6001e-04
4007,32825344,3.85356,1.22401,2.5986e-04
4008,32833536,3.84501,1.22544,2.5970e-04
4009,32841728,3.86790,1.22984,2.5954e-04
4010,32849920,3.81495,1.22848,2.5938e-04
4011,32858112,3.84857,1.23640,2.5922e-04
4012,32866304,3.87542,1.23261,2.5907e-04
4013,32874496,3.70368,1.22970,2.5891e-04
4014,32882688,3.83699,1.23307,2.5875e-04
4015,32890880,3.73609,1.22668,2.5859e-04
4016,32899072,3.75327,1.23485,2.5843e-04
4017,32907264,3.79670,1.22767,2.5828e-04
4018,32915456,3.78618,1.24232,2.5812e-04
4019,32923648,3.81596,1.23567,2.5796e-04
4020,32931840,3.73161,1.24811,2.5780e-04
4021,32940032,3.80539,1.24325,2.5765e-04
4022,32948224,3.84717,1.24092,2.5749e-04
4023,32956416,3.77598,1.24062,2.5733e-04
4024,32964608,3.65853,1.23581,2.5717e-04
4025,32972800,3.76113,1.24159,2.5702e-04
4026,32980992,3.79035,1.25199,2.5686e-04
4027,32989184,3.91519,1.24106,2.5670e-04
4028,32997376,3.93766,1.24784,2.5654e-04
4029,33005568,3.94629,1.24422,2.5639e-04
4030,33013760,3.72861,1.24508,2.5623e-04
4031,33021952,3.74012,1.24188,2.5607e-04
4032,33030144,3.86045,1.24496,2.5592e-04
4033,33038336,3.74040,1.23700,2.5576e-04
4034,33046528,3.67368,1.24297,2.5560e-04
4035,33054720,3.83342,1.23720,2.5544e-04
4036,33062912,3.76380,1.23870,2.5529e-04
4037,33071104,3.81128,1.23846,2.5513e-04
4038,33079296,3.78452,1.24459,2.5497e-04
4039,33087488,3.80369,1.24293,2.5482e-04
4040,33095680,3.86229,1.23638,2.5466e-04
4041,33103872,3.76275,1.23291,2.5450e-04
4042,33112064,3.71140,1.23488,2.5435e-04
4043,33120256,3.76837,1.23209,2.5419e-04
4044,33128448,3.84613,1.25600,2.5403e-04
4045,33136640,3.69806,1.24127,2.5388e-04
4046,33144832,3.61574,1.22662,2.5372e-04
4047,33153024,3.84032,1.23038,2.5356e-04
4048,33161216,3.80101,1.22281,2.5341e-04
4049,33169408,3.70493,1.22384,2.5325e-04
4050,33177600,3.67200,1.22095,2.5310e-04
4051,33185792,3.86808,1.21686,2.5294e-04
4052,33193984,3.84571,1.21758,2.5278e-04
4053,33202176,3.69857,1.21565,2.5263e-04
4054,33210368,3.72426,1.21639,2.5247e-04
4055,33218560,3.75787,1.21727,2.5232e-04
4056,33226752,3.81078,1.21883,2.5216e-04
4057,33234944,3.76578,1.22678,2.5200e-04
4058,33243136,3.92433,1.22231,2.5185e-04
4059,33251328,3.70161,1.22319,2.5169e-04
4060,33259520,3.84467,1.22187,2.5154e-04
4061,33267712,3.73033,1.23138,2.5138e-04
4062,33275904,3.91311,1.23273,2.5122e-04
4063,33284096,3.79847,1.23556,2.5107e-04
4064,33292288,3.85847,1.23452,2.5091e-04
4065,33300480,3.79078,1.22331,2.5076e-04
4066,33308672,3.88838,1.23064,2.5060e-04
4067,33316864,3.73779,1.22090,2.5045e-04
4068,33325056,3.70157,1.22665,2.5029e-04
4069,33333248,3.67152,1.22310,2.5013e-04
4070,33341440,3.70077,1.21220,2.4998e-04
4071,33349632,3.77184,1.22108,2.4982e-04
4072,33357824,3.80138,1.21492,2.4967e-04
4073,33366016,3.74669,1.21682,2.4951e-04
4074,33374208,3.73841,1.21460,2.4936e-04
4075,33382400,3.73014,1.20721,2.4920e-04
4076,33390592,3.93494,1.21593,2.4905e-04
4077,33398784,3.73219,1.20790,2.4889e-04
4078,33406976,3.75174,1.21055,2.4874e-04
4079,33415168,3.68788,1.20855,2.4858e-04
4080,33423360,3.70580,1.20690,2.4843e-04
4081,33431552,3.58101,1.21187,2.4827e-04
4082,33439744,3.73703,1.20261,2.4812e-04
4083,33447936,3.86842,1.21941,2.4796e-04
4084,33456128,3.87523,1.21233,2.4781e-04
4085,33464320,3.82094,1.21175,2.4765e-04
4086,33472512,3.77484,1.22738,2.4750e-04
4087,33480704,3.75356,1.21873,2.4734e-04
4088,33488896,3.55456,1.21744,2.4719e-04
4089,33497088,3.71094,1.22454,2.4704e-04
4090,33505280,3.79523,1.22412,2.4688e-04
4091,33513472,3.92248,1.23102,2.4673e-04
4092,33521664,3.79658,1.24224,2.4657e-04
4093,33529856,3.81190,1.22811,2.4642e-04
4094,33538048,3.77742,1.22571,2.4626e-04
4095,33546240,3.79575,1.23584,2.4611e-04
4096,33554432,3.65931,1.23399,2.4596e-04
4097,33562624,3.57733,1.24086,2.4580e-04
4098,33570816,3.74329,1.23189,2.4565e-04
4099,33579008,3.72765,1.23105,2.4549e-04
4100,33587200,3.75774,1.22792,2.4534e-04
4101,33595392,3.96349,1.23307,2.4518e-04
4102,33603584,3.84011,1.23079,2.4503e-04
4103,33611776,3.87893,1.23827,2.4488e-04
4104,33619968,3.84053,1.23837,2.4472e-04
4105,33628160,3.68636,1.23534,2.4457e-04
4106,33636352,3.67679,1.23974,2.4442e-04
4107,33644544,3.68397,1.22689,2.4426e-04
4108,33652736,3.72618,1.22825,2.4411e-04
4109,33660928,3.75562,1.22558,2.4395e-04
4110,33669120,3.84053,1.22770,2.4380e-04
4111,33677312,3.77222,1.22298,2.4365e-04
4112,33685504,3.83707,1.21391,2.4349e-04
4113,33693696,3.56861,1.20732,2.4334e-04
4114,33701888,3.65582,1.22575,2.4319e-04
4115,33710080,3.84057,1.21754,2.4303e-04
4116,33718272,3.63593,1.20266,2.4288e-04
4117,33726464,3.87176,1.20198,2.4273e-04
4118,33734656,3.78383,1.20234,2.4257e-04
4119,33742848,3.68426,1.19594,2.4242e-04
4120,33751040,3.78470,1.19714,2.4227e-04
4121,33759232,3.79284,1.19769,2.4212e-04
4122,33767424,3.88184,1.19935,2.4196e-04
4123,33775616,3.81966,1.20578,2.4181e-04
4124,33783808,3.78202,1.20636,2.4166e-04
4125,33792000,3.74180,1.20795,2.4150e-04
4126,33800192,3.70825,1.22568,2.4135e-04
4127,33808384,3.73326,1.21383,2.4120e-04
4128,33816576,3.78643,1.21290,2.4105e-04
4129,33824768,3.83583,1.21673,2.4089e-04
4130,33832960,3.62196,1.21946,2.4074e-04
4131,33841152,3.81291,1.22990,2.4059e-04
4132,33849344,3.71557,1.23006,2.4043e-04
4133,33857536,3.82398,1.22394,2.4028e-04
4134,33865728,3.72804,1.22015,2.4013e-04
4135,33873920,3.73606,1.22571,2.3998e-04
4136,33882112,3.71474,1.22559,2.3982e-04
4137,33890304,3.54597,1.21501,2.3967e-04
4138,33898496,3.80406,1.21477,2.3952e-04
4139,33906688,3.83325,1.20897,2.3937e-04
4140,33914880,3.61316,1.21484,2.3922e-04
4141,33923072,3.92698,1.20756,2.3906e-04
4142,33931264,3.73023,1.20462,2.3891e-04
4143,33939456,3.81278,1.20320,2.3876e-04
4144,33947648,3.63805,1.20362,2.3861e-04
4145,33955840,3.76452,1.21584,2.3846e-04
4146,33964032,3.56229,1.21612,2.3830e-04
4147,33972224,3.73617,1.20744,2.3815e-04
4148,33980416,3.75926,1.21001,2.3800e-04
4149,33988608,3.61051,1.21072,2.3785e-04
4150,33996800,3.65129,1.20824,2.3770e-04
4151,34004992,3.71492,1.22125,2.3755e-04
4152,34013184,3.81970,1.20759,2.3739e-04
4153,34021376,3.69844,1.21184,2.3724e-04
4154,34029568,3.79828,1.21577,2.3709e-04
4155,34037760,3.69827,1.21470,2.3694e-04
4156,34045952,3.80236,1.20491,2.3679e-04
4157,34054144,3.69284,1.23109,2.3664e-04
4158,34062336,3.77132,1.21932,2.3649e-04
4159,34070528,3.62189,1.22152,2.3633e-04
4160,34078720,3.78240,1.24409,2.3618e-04
4161,34086912,3.72171,1.23333,2.3603e-04
4162,34095104,3.74417,1.23650,2.3588e-04
4163,34103296,3.84411,1.22948,2.3573e-04
4164,34111488,3.76137,1.23820,2.3558e-04
4165,34119680,3.79524,1.23256,2.3543e-04
4166,34127872,3.80214,1.23682,2.3528e-04
4167,34136064,3.86981,1.22696,2.3513e-04
4168,34144256,3.87293,1.22570,2.3498e-04
4169,34152448,3.71779,1.23759,2.3482e-04
4170,34160640,3.74392,1.23846,2.3467e-04
4171,34168832,3.71119,1.23973,2.3452e-04
4172,34177024,3.82932,1.23735,2.3437e-04
4173,34185216,3.79040,1.23197,2.3422e-04
4174,34193408,3.78834,1.23243,2.3407e-04
4175,34201600,3.74299,1.22901,2.3392e-04
4176,34209792,3.87303,1.23785,2.3377e-04
4177,34217984,3.76358,1.22858,2.3362e-04
4178,34226176,3.66737,1.21846,2.3347e-04
4179,34234368,3.87061,1.22479,2.3332e-04
4180,34242560,3.71412,1.22350,2.3317e-04
4181,34250752,3.63644,1.21594,2.3302e-04
4182,34258944,3.63216,1.21505,2.3287e-04
4183,34267136,3.74124,1.21895,2.3272e-04
4184,34275328,3.61337,1.20765,2.3257e-04
4185,34283520,3.49662,1.20186,2.3242e-04
4186,34291712,3.63668,1.20246,2.3227e-04
4187,34299904,3.88420,1.20308,2.3212e-04
4188,34308096,3.66824,1.20158,2.3197e-04
4189,34316288,3.94193,1.20821,2.3182e-04
4190,34324480,3.84710,1.20059,2.3167e-04
4191,34332672,3.78317,1.20489,2.3152e-04
4192,34340864,3.67116,1.21319,2.3137e-04
4193,34349056,3.70993,1.20319,2.3122e-04
4194,34357248,3.77189,1.19857,2.3107e-04
4195,34365440,3.65849,1.20061,2.3092e-04
4196,34373632,3.81218,1.20012,2.3077e-04
4197,34381824,3.80555,1.20388,2.3062e-04
4198,34390016,3.78607,1.20945,2.3047e-04
4199,34398208,3.74625,1.20833,2.3033e-04
4200,34406400,3.70940,1.20572,2.3018e-04
4201,34414592,3.81087,1.20501,2.3003e-04
4202,34422784,3.77106,1.22055,2.2988e-04
4203,34430976,3.66366,1.21427,2.2973e-04
4204,34439168,3.70901,1.20851,2.2958e-04
4205,34447360,3.71766,1.20664,2.2943e-04
4206,34455552,3.66820,1.20623,2.2928e-04
4207,34463744,3.68898,1.20861,2.2913e-04
4208,34471936,3.73397,1.22411,2.2898e-04
4209,34480128,3.77476,1.21314,2.2884e-04
4210,34488320,3.79747,1.22071,2.2869e-04
4211,34496512,3.77598,1.21842,2.2854e-04
4212,34504704,3.81303,1.22756,2.2839e-04
4213,34512896,3.83964,1.22659,2.2824e-04
4214,34521088,3.87158,1.22027,2.2809e-04
4215,34529280,3.73481,1.22154,2.2794e-04
4216,34537472,3.76076,1.22429,2.2780e-04
4217,34545664,3.79701,1.22395,2.2765e-04
4218,34553856,3.90219,1.22311,2.2750e-04
4219,34562048,3.68175,1.22761,2.2735e-04
4220,34570240,3.74598,1.22476,2.2720e-04
4221,34578432,3.67804,1.22711,2.2705e-04
4222,34586624,3.82070,1.22493,2.2691e-04
4223,34594816,3.77248,1.22841,2.2676e-04
4224,34603008,3.83982,1.22585,2.2661e-04
4225,34611200,3.61864,1.23353,2.2646e-04
4226,34619392,3.74081,1.23093,2.2631e-04
4227,34627584,3.64370,1.24603,2.2617e-04
4228,34635776,3.65380,1.23087,2.2602e-04
4229,34643968,3.77133,1.23240,2.2587e-04
4230,34652160,3.79576,1.23335,2.2572e-04
4231,34660352,3.63291,1.24835,2.2558e-04
4232,34668544,3.80318,1.25292,2.2543e-04
4233,34676736,3.69301,1.23460,2.2528e-04
4234,34684928,3.73766,1.23290,2.2513e-04
4235,34693120,3.65852,1.23778,2.2499e-04
4236,34701312,3.69276,1.23487,2.2484e-04
4237,34709504,3.78437,1.23818,2.2469e-04
4238,34717696,3.72580,1.23591,2.2454e-04
4239,34725888,3.74818,1.22542,2.2440e-04
4240,34734080,3.56082,1.23065,2.2425e-04
4241,34742272,3.79424,1.23310,2.2410e-04
4242,34750464,3.68721,1.22582,2.2396e-04
4243,34758656,3.67306,1.22908,2.2381e-04
4244,34766848,3.81239,1.22946,2.2366e-04
4245,34775040,3.70212,1.22404,2.2351e-04
4246,34783232,3.61898,1.23161,2.2337e-04
4247,34791424,3.89205,1.24907,2.2322e-04
4248,34799616,3.76350,1.22794,2.2307e-04
4249,34807808,3.85634,1.22581,2.2293e-04
4250,34816000,3.80976,1.23634,2.2278e-04
4251,34824192,3.82789,1.23202,2.2263e-04
4252,34832384,3.73233,1.21747,2.2249e-04
4253,34840576,3.57145,1.21701,2.2234e-04
4254,34848768,3.80223,1.21702,2.2219e-04
4255,34856960,3.64944,1.20935,2.2205e-04
4256,34865152,3.73971,1.20835,2.2190e-04
4257,34873344,3.89162,1.20688,2.2176e-04
4258,34881536,3.70766,1.20377,2.2161e-04
4259,34889728,3.62829,1.20138,2.2146e-04
4260,34897920,3.74987,1.19707,2.2132e-04
4261,34906112,3.64763,1.19964,2.2117e-04
4262,34914304,3.80869,1.20258,2.2103e-04
4263,34922496,3.55308,1.20320,2.2088e-04
4264,34930688,3.68943,1.19888,2.2073e-04
4265,34938880,3.77549,1.19922,2.2059e-04
4266,34947072,3.78744,1.20563,2.2044e-04
4267,34955264,3.78649,1.20440,2.2030e-04
4268,34963456,3.67048,1.20866,2.2015e-04
4269,34971648,3.88711,1.20470,2.2000e-04
4270,34979840,3.65593,1.20446,2.1986e-04
4271,34988032,3.71050,1.20882,2.1971e-04
4272,34996224,3.71346,1.20238,2.1957e-04
4273,35004416,3.60186,1.21031,2.1942e-04
4274,35012608,3.66935,1.20960,2.1928e-04
4275,35020800,3.81488,1.20632,2.1913e-04
4276,35028992,3.65501,1.20846,2.1899e-04
4277,35037184,3.74743,1.21438,2.1884e-04
4278,35045376,3.70251,1.21661,2.1870e-04
4279,35053568,3.73295,1.20853,2.1855e-04
4280,35061760,3.77225,1.20618,2.1841e-04
4281,35069952,3.57483,1.20951,2.1826e-04
4282,35078144,3.70292,1.20892,2.1812e-04
4283,35086336,3.82709,1.20901,2.1797e-04
4284,35094528,3.67769,1.20717,2.1783e-04
4285,35102720,3.77944,1.21858,2.1768e-04
4286,35110912,3.64997,1.21416,2.1754e-04
4287,35119104,3.73162,1.21096,2.1739e-04
4288,35127296,3.85519,1.22548,2.1725e-04
4289,35135488,3.82442,1.22328,2.1710e-04
4290,35143680,3.87645,1.21580,2.1696e-04
4291,35151872,3.84189,1.22326,2.1681e-04
4292,35160064,3.81338,1.22247,2.1667e-04
4293,35168256,3.91032,1.21633,2.1653e-04
4294,35176448,3.67100,1.22305,2.1638e-04
4295,35184640,3.58910,1.21793,2.1624e-04
4296,35192832,3.78188,1.21245,2.1609e-04
4297,35201024,3.67685,1.21739,2.1595e-04
4298,35209216,3.67495,1.20718,2.1580e-04
4299,35217408,3.83952,1.21313,2.1566e-04
4300,35225600,3.63425,1.20275,2.1552e-04
4301,35233792,3.80245,1.20113,2.1537e-04
4302,35241984,3.77510,1.21211,2.1523e-04
4303,35250176,3.64903,1.20342,2.1508e-04
4304,35258368,3.73519,1.21480,2.1494e-04
4305,35266560,3.93530,1.21222,2.1480e-04
4306,35274752,3.70014,1.20874,2.1465e-04
4307,35282944,3.68058,1.21099,2.1451e-04
4308,35291136,3.61733,1.20457,2.1437e-04
4309,35299328,3.50945,1.19769,2.1422e-04
4310,35307520,3.72877,1.20362,2.1408e-04
4311,35315712,3.82360,1.22524,2.1394e-04
4312,35323904,3.75910,1.21602,2.1379e-04
4313,35332096,3.80662,1.21709,2.1365e-04
4314,35340288,3.73702,1.19908,2.1351e-04
4315,35348480,3.67200,1.20884,2.1336e-04
4316,35356672,3.81134,1.22065,2.1322e-04
4317,35364864,3.50257,1.21776,2.1308e-04
4318,35373056,3.86704,1.20061,2.1293e-04
4319,35381248,3.78091,1.20933,2.1279e-04
4320,35389440,3.72162,1.20479,2.1265e-04
4321,35397632,3.56878,1.21463,2.1251e-04
4322,35405824,3.77328,1.20921,2.1236e-04
4323,35414016,3.54082,1.20083,2.1222e-04
4324,35422208,3.73671,1.20440,2.1208e-04
4325,35430400,3.71078,1.20492,2.1193e-04
4326,35438592,3.76029,1.20643,2.1179e-04
4327,35446784,3.74392,1.21628,2.1165e-04
4328,35454976,3.81305,1.21296,2.1151e-04
4329,35463168,3.73657,1.21242,2.1136e-04
4330,35471360,3.85107,1.21405,2.1122e-04
4331,35479552,3.83459,1.21246,2.1108e-04
4332,35487744,3.71033,1.21973,2.1094e-04
4333,35495936,3.73938,1.20975,2.1080e-04
4334,35504128,3.71453,1.20455,2.1065e-04
4335,35512320,3.70175,1.22529,2.1051e-04
4336,35520512,3.79601,1.21173,2.1037e-04
4337,35528704,3.69456,1.20655,2.1023e-04
4338,35536896,3.77475,1.20961,2.1009e-04
4339,35545088,3.52364,1.20984,2.0994e-04
4340,35553280,3.64660,1.20445,2.0980e-04
4341,35561472,3.85730,1.20423,2.0966e-04
4342,35569664,3.62843,1.20230,2.0952e-04
4343,35577856,3.70243,1.20907,2.0938e-04
4344,35586048,3.67356,1.19920,2.0924e-04
4345,35594240,3.66874,1.20688,2.0909e-04
4346,35602432,3.67660,1.20593,2.0895e-04
4347,35610624,3.80330,1.20879,2.0881e-04
4348,35618816,3.71591,1.22303,2.0867e-04
4349,35627008,3.63455,1.21252,2.0853e-04
4350,35635200,3.75886,1.20794,2.0839e-04
4351,35643392,3.72400,1.22457,2.0825e-04
4352,35651584,3.66610,1.22785,2.0811e-04
4353,35659776,3.68119,1.21718,2.0796e-04
4354,35667968,3.73162,1.20900,2.0782e-04
4355,35676160,3.70698,1.20711,2.0768e-04
4356,35684352,3.63463,1.20849,2.0754e-04
4357,35692544,3.71525,1.20130,2.0740e-04
4358,35700736,3.77285,1.21682,2.0726e-04
4359,35708928,3.70056,1.20569,2.0712e-04
4360,35717120,3.70011,1.21138,2.0698e-04
4361,35725312,3.78644,1.21819,2.0684e-04
4362,35733504,3.80007,1.20629,2.0670e-04
4363,35741696,3.68438,1.21006,2.0656e-04
4364,35749888,3.77714,1.21740,2.0642e-04
4365,35758080,3.97085,1.20871,2.0628e-04
4366,35766272,3.69482,1.20234,2.0614e-04
4367,35774464,3.67738,1.20461,2.0600e-04
4368,35782656,3.61872,1.20326,2.0586e-04
4369,35790848,3.68141,1.22079,2.0572e-04
4370,35799040,3.57401,1.20121,2.0558e-04
4371,35807232,3.74547,1.20569,2.0544e-04
4372,35815424,3.79530,1.19646,2.0530e-04
4373,35823616,3.89222,1.20201,2.0516e-04
4374,35831808,3.65098,1.19042,2.0502e-04
4375,35840000,3.75655,1.19729,2.0488e-04
4376,35848192,3.77964,1.19271,2.0474e-04
4377,35856384,3.81893,1.19094,2.0460e-04
4378,35864576,3.63936,1.19400,2.0446e-04
4379,35872768,3.78014,1.19767,2.0432e-04
4380,35880960,3.64344,1.19503,2.0418e-04
4381,35889152,3.85983,1.19256,2.0404e-04
4382,35897344,3.58538,1.19767,2.0390e-04
4383,35905536,3.67916,1.19604,2.0376e-04
4384,35913728,3.70021,1.19526,2.0362e-04
4385,35921920,3.80034,1.19884,2.0348e-04
4386,35930112,3.64917,1.20096,2.0334e-04
4387,35938304,3.81021,1.20751,2.0320e-04
4388,35946496,3.86962,1.20581,2.0306e-04
4389,35954688,3.78854,1.20521,2.0292e-04
4390,35962880,3.74862,1.21225,2.0279e-04
4391,35971072,3.62511,1.21869,2.0265e-04
4392,35979264,3.75831,1.21235,2.0251e-04
4393,35987456,3.67645,1.20690,2.0237e-04
4394,35995648,3.85336,1.21095,2.0223e-04
4395,36003840,3.66273,1.20348,2.0209e-04
4396,36012032,3.68274,1.21934,2.0195e-04
4397,36020224,3.51739,1.20870,2.0181e-04
4398,36028416,3.81511,1.21077,2.0168e-04
4399,36036608,3.66299,1.21094,2.0154e-04
4400,36044800,3.74773,1.21530,2.0140e-04
4401,36052992,3.78153,1.21144,2.0126e-04
4402,36061184,3.68844,1.21813,2.0112e-04
4403,36069376,3.73619,1.21935,2.0098e-04
4404,36077568,3.68430,1.21436,2.0085e-04
4405,36085760,3.72630,1.21478,2.0071e-04
4406,36093952,3.57832,1.21435,2.0057e-04
4407,36102144,3.75743,1.21823,2.0043e-04
4408,36110336,3.69739,1.20958,2.0030e-04
4409,36118528,3.69520,1.21286,2.0016e-04
4410,36126720,3.63892,1.20521,2.0002e-04
4411,36134912,3.63328,1.21944,1.9988e-04
4412,36143104,3.80752,1.20667,1.9974e-04
4413,36151296,3.77446,1.20811,1.9961e-04
4414,36159488,3.77378,1.20159,1.9947e-04
4415,36167680,3.74906,1.20614,1.9933e-04
4416,36175872,3.52452,1.20009,1.9919e-04
4417,36184064,3.78731,1.19927,1.9906e-04
4418,36192256,3.74631,1.19646,1.9892e-04
4419,36200448,3.53154,1.20456,1.9878e-04
4420,36208640,3.61828,1.20953,1.9865e-04
4421,36216832,3.72067,1.19502,1.9851e-04
4422,36225024,3.62026,1.19240,1.9837e-04
4423,36233216,3.75504,1.20236,1.9823e-04
4424,36241408,3.73382,1.19417,1.9810e-04
4425,36249600,3.77151,1.19252,1.9796e-04
4426,36257792,3.81498,1.19605,1.9782e-04
4427,36265984,3.79487,1.19447,1.9769e-04
4428,36274176,3.79327,1.19852,1.9755e-04
4429,36282368,3.71781,1.19972,1.9741e-04
4430,36290560,3.46539,1.19680,1.9728e-04
4431,36298752,3.58359,1.19719,1.9714e-04
4432,36306944,3.72296,1.19492,1.9700e-04
4433,36315136,3.70854,1.21079,1.9687e-04
4434,36323328,3.70769,1.20063,1.9673e-04
4435,36331520,3.51500,1.18689,1.9659e-04
4436,36339712,3.66181,1.18640,1.9646e-04
4437,36347904,3.71170,1.18680,1.9632e-04
4438,36356096,3.68075,1.17892,1.9619e-04
4439,36364288,3.68421,1.18534,1.9605e-04
4440,36372480,3.60884,1.18505,1.9591e-04
4441,36380672,3.72064,1.19000,1.9578e-04
4442,36388864,3.76659,1.19353,1.9564e-04
4443,36397056,3.84231,1.18235,1.9551e-04
4444,36405248,3.89034,1.20331,1.9537e-04
4445,36413440,3.72768,1.19533,1.9523e-04
4446,36421632,3.66185,1.17832,1.9510e-04
4447,36429824,3.52878,1.18954,1.9496e-04
4448,36438016,3.94203,1.19678,1.9483e-04
4449,36446208,3.72964,1.18306,1.9469e-04
4450,36454400,3.64384,1.19054,1.9456e-04
4451,36462592,3.74807,1.18705,1.9442e-04
4452,36470784,3.70968,1.19076,1.9429e-04
4453,36478976,3.70649,1.20404,1.9415e-04
4454,36487168,3.55056,1.18929,1.9402e-04
4455,36495360,3.83985,1.19305,1.9388e-04
4456,36503552,3.56729,1.20884,1.9375e-04
4457,36511744,3.67647,1.19633,1.9361e-04
4458,36519936,3.80101,1.20469,1.9348e-04
4459,36528128,3.57934,1.20129,1.9334e-04
4460,36536320,3.69081,1.19600,1.9321e-04
4461,36544512,3.85215,1.19990,1.9307e-04
4462,36552704,3.67823,1.19801,1.9294e-04
4463,36560896,3.53948,1.21038,1.9280e-04
4464,36569088,3.66175,1.21724,1.9267e-04
4465,36577280,3.70006,1.19832,1.9253e-04
4466,36585472,3.75716,1.20181,1.9240e-04
4467,36593664,3.82207,1.19905,1.9227e-04
4468,36601856,3.74150,1.19068,1.9213e-04
4469,36610048,3.54458,1.19763,1.9200e-04
4470,36618240,3.82429,1.19784,1.9186e-04
4471,36626432,3.79379,1.21046,1.9173e-04
4472,36634624,3.69369,1.19281,1.9159e-04
4473,36642816,3.68592,1.19085,1.9146e-04
4474,36651008,3.75306,1.19800,1.9133e-04
4475,36659200,3.69673,1.19957,1.9119e-04
4476,36667392,3.68588,1.20372,1.9106e-04
4477,36675584,3.81697,1.21603,1.9092e-04
4478,36683776,3.68119,1.21788,1.9079e-04
4479,36691968,3.80069,1.22040,1.9066e-04
4480,36700160,3.61336,1.20840,1.9052e-04
4481,36708352,3.71635,1.21521,1.9039e-04
4482,36716544,3.72515,1.20687,1.9026e-04
4483,36724736,3.79824,1.22196,1.9012e-04
4484,36732928,3.72962,1.21398,1.8999e-04
4485,36741120,3.72494,1.21105,1.8986e-04
4486,36749312,3.56767,1.20294,1.8972e-04
4487,36757504,3.61428,1.20990,1.8959e-04
4488,36765696,3.66018,1.20925,1.8946e-04
4489,36773888,3.59911,1.20765,1.8932e-04
4490,36782080,3.59434,1.20279,1.8919e-04
4491,36790272,3.75913,1.20427,1.8906e-04
4492,36798464,3.57470,1.20106,1.8893e-04
4493,36806656,3.75495,1.20763,1.8879e-04
4494,36814848,3.73036,1.20599,1.8866e-04
4495,36823040,3.73302,1.20991,1.8853e-04
4496,36831232,3.62509,1.21525,1.8840e-04
4497,36839424,3.45890,1.19802,1.8826e-04
4498,36847616,3.58301,1.20700,1.8813e-04
4499,36855808,3.65841,1.21348,1.8800e-04
4500,36864000,3.69936,1.21083,1.8787e-04
4501,36872192,3.81235,1.20819,1.8773e-04
4502,36880384,3.69935,1.21371,1.8760e-04
4503,36888576,3.60583,1.20620,1.8747e-04
4504,36896768,3.54710,1.21296,1.8734e-04
4505,36904960,3.54740,1.20224,1.8720e-04
4506,36913152,3.82347,1.20465,1.8707e-04
4507,36921344,3.87526,1.21916,1.8694e-04
4508,36929536,3.76840,1.21398,1.8681e-04
4509,36937728,3.75551,1.21141,1.8668e-04
4510,36945920,3.65509,1.22151,1.8655e-04
4511,36954112,3.73441,1.20922,1.8641e-04
4512,36962304,3.74675,1.21753,1.8628e-04
4513,36970496,3.60402,1.21334,1.8615e-04
4514,36978688,3.45804,1.20379,1.8602e-04
4515,36986880,3.64430,1.19935,1.8589e-04
4516,36995072,3.56288,1.20094,1.8576e-04
4517,37003264,3.69811,1.19569,1.8563e-04
4518,37011456,3.67070,1.19775,1.8549e-04
4519,37019648,3.70009,1.20185,1.8536e-04
4520,37027840,3.59769,1.19593,1.8523e-04
4521,37036032,3.72941,1.18930,1.8510e-04
4522,37044224,3.53376,1.19293,1.8497e-04
4523,37052416,3.66368,1.19333,1.8484e-04
4524,37060608,3.76077,1.19795,1.8471e-04
4525,37068800,3.69845,1.18409,1.8458e-04
4526,37076992,3.71033,1.20670,1.8445e-04
4527,37085184,3.51547,1.19184,1.8432e-04
4528,37093376,3.69242,1.19623,1.8419e-04
4529,37101568,3.66905,1.18752,1.8405e-04
4530,37109760,3.67298,1.19832,1.8392e-04
4531,37117952,3.82282,1.18954,1.8379e-04
4532,37126144,3.61048,1.18768,1.8366e-04
4533,37134336,3.66707,1.18509,1.8353e-04
4534,37142528,3.52321,1.18938,1.8340e-04
4535,37150720,3.73531,1.18569,1.8327e-04
4536,37158912,3.59038,1.18621,1.8314e-04
4537,37167104,3.63197,1.18708,1.8301e-04
4538,37175296,3.69561,1.19379,1.8288e-04
4539,37183488,3.69499,1.19084,1.8275e-04
4540,37191680,3.64617,1.18514,1.8262e-04
4541,37199872,3.65984,1.19329,1.8249e-04
4542,37208064,3.53263,1.19411,1.8236e-04
4543,37216256,3.67492,1.18857,1.8223e-04
4544,37224448,3.79194,1.19137,1.8210e-04
4545,37232640,3.79871,1.19538,1.8198e-04
4546,37240832,3.59643,1.20313,1.8185e-04
4547,37249024,3.73663,1.19373,1.8172e-04
4548,37257216,3.72463,1.19480,1.8159e-04
4549,37265408,3.81906,1.20363,1.8146e-04
4550,37273600,3.60015,1.19454,1.8133e-04
4551,37281792,3.67875,1.19112,1.8120e-04
4552,37289984,3.84292,1.20167,1.8107e-04
4553,37298176,3.64700,1.19914,1.8094e-04
4554,37306368,3.65879,1.19386,1.8081e-04
4555,37314560,3.75669,1.20136,1.8068e-04
4556,37322752,3.55225,1.18577,1.8055e-04
4557,37330944,3.53646,1.19493,1.8043e-04
4558,37339136,3.78429,1.19598,1.8030e-04
4559,37347328,3.68919,1.19003,1.8017e-04
4560,37355520,3.66843,1.19630,1.8004e-04
4561,37363712,3.61240,1.19975,1.7991e-04
4562,37371904,3.84490,1.19965,1.7978e-04
4563,37380096,3.73250,1.20400,1.7965e-04
4564,37388288,3.72904,1.20007,1.7953e-04
4565,37396480,3.57413,1.19824,1.7940e-04
4566,37404672,3.80588,1.21099,1.7927e-04
4567,37412864,3.63464,1.20989,1.7914e-04
4568,37421056,3.71362,1.20895,1.7901e-04
4569,37429248,3.63800,1.21515,1.7889e-04
4570,37437440,3.66663,1.20581,1.7876e-04
4571,37445632,3.76678,1.20174,1.7863e-04
4572,37453824,3.84149,1.19827,1.7850e-04
4573,37462016,3.56332,1.20695,1.7837e-04
4574,37470208,3.52418,1.19745,1.7825e-04
4575,37478400,3.63397,1.19391,1.7812e-04
4576,37486592,3.74448,1.19116,1.7799e-04
4577,37494784,3.74964,1.19137,1.7786e-04
4578,37502976,3.66253,1.20382,1.7774e-04
4579,37511168,3.91146,1.19699,1.7761e-04
4580,37519360,3.62794,1.19377,1.7748e-04
4581,37527552,3.59925,1.19255,1.7736e-04
4582,37535744,3.71023,1.19757,1.7723e-04
4583,37543936,3.74310,1.19743,1.7710e-04
4584,37552128,3.79595,1.20443,1.7697e-04
4585,37560320,3.77121,1.19492,1.7685e-04
4586,37568512,3.55430,1.18363,1.7672e-04
4587,37576704,3.73138,1.18274,1.7659e-04
4588,37584896,3.89633,1.19663,1.7647e-04
4589,37593088,3.53845,1.20004,1.7634e-04
4590,37601280,3.66133,1.18750,1.7621e-04
4591,37609472,3.67994,1.18061,1.7609e-04
4592,37617664,3.80308,1.18343,1.7596e-04
4593,37625856,3.71196,1.18715,1.7583e-04
4594,37634048,3.65948,1.21181,1.7571e-04
4595,37642240,3.82840,1.20792,1.7558e-04
4596,37650432,3.65354,1.19646,1.7546e-04
4597,37658624,3.96722,1.20268,1.7533e-04
4598,37666816,3.73684,1.19725,1.7520e-04
4599,37675008,3.76820,1.19838,1.7508e-04
4600,37683200,3.82332,1.19354,1.7495e-04
4601,37691392,3.54613,1.18990,1.7482e-04
4602,37699584,3.60311,1.18370,1.7470e-04
4603,37707776,3.78945,1.18654,1.7457e-04
4604,37715968,3.75255,1.19660,1.7445e-04
4605,37724160,3.60664,1.17515,1.7432e-04
4606,37732352,3.71209,1.18453,1.7420e-04
4607,37740544,3.78472,1.18743,1.7407e-04
4608,37748736,3.67545,1.18362,1.7395e-04
4609,37756928,3.77303,1.18235,1.7382e-04
4610,37765120,3.71151,1.18720,1.7369e-04
4611,37773312,3.59574,1.18740,1.7357e-04
4612,37781504,3.61179,1.18119,1.7344e-04
4613,37789696,3.80005,1.18731,1.7332e-04
4614,37797888,3.75730,1.19188,1.7319e-04
4615,37806080,3.55920,1.17802,1.7307e-04
4616,37814272,3.72890,1.20594,1.7294e-04
4617,37822464,3.57817,1.18550,1.7282e-04
4618,37830656,3.65563,1.18727,1.7269e-04
4619,37838848,3.69817,1.18244,1.7257e-04
4620,37847040,3.63716,1.18518,1.7245e-04
4621,37855232,3.81009,1.19313,1.7232e-04
4622,37863424,3.74431,1.18651,1.7220e-04
4623,37871616,3.63429,1.19195,1.7207e-04
4624,37879808,3.59999,1.18764,1.7195e-04
4625,37888000,3.73426,1.18005,1.7182e-04
4626,37896192,3.70796,1.19533,1.7170e-04
4627,37904384,3.54959,1.17982,1.7157e-04
4628,37912576,3.60871,1.19784,1.7145e-04
4629,37920768,3.78859,1.18040,1.7133e-04
4630,37928960,3.70110,1.19483,1.7120e-04
4631,37937152,3.76030,1.18246,1.7108e-04
4632,37945344,3.75592,1.18982,1.7095e-04
4633,37953536,3.60578,1.18869,1.7083e-04
4634,37961728,3.61166,1.18444,1.7071e-04
4635,37969920,3.61759,1.18540,1.7058e-04
4636,37978112,3.64196,1.18359,1.7046e-04
4637,37986304,3.73444,1.17989,1.7034e-04
4638,37994496,3.73420,1.17644,1.7021e-04
4639,38002688,3.71848,1.18316,1.7009e-04
4640,38010880,3.78449,1.18783,1.6997e-04
4641,38019072,3.56937,1.19030,1.6984e-04
4642,38027264,3.82322,1.18172,1.6972e-04
4643,38035456,3.73178,1.18885,1.6960e-04
4644,38043648,3.74974,1.19349,1.6947e-04
4645,38051840,3.57753,1.20107,1.6935e-04
4646,38060032,3.71067,1.18714,1.6923e-04
4647,38068224,3.66737,1.19797,1.6911e-04
4648,38076416,3.66426,1.18995,1.6898e-04
4649,38084608,3.67114,1.19230,1.6886e-04
4650,38092800,3.63438,1.19418,1.6874e-04
4651,38100992,3.57549,1.20106,1.6861e-04
4652,38109184,3.57275,1.19538,1.6849e-04
4653,38117376,3.73909,1.20848,1.6837e-04
4654,38125568,3.64065,1.19193,1.6825e-04
4655,38133760,3.63223,1.19167,1.6812e-04
4656,38141952,3.66057,1.20628,1.6800e-04
4657,38150144,3.60483,1.19827,1.6788e-04
4658,38158336,3.46772,1.20203,1.6776e-04
4659,38166528,3.68661,1.20431,1.6764e-04
4660,38174720,3.62218,1.18469,1.6751e-04
4661,38182912,3.54494,1.19211,1.6739e-04
4662,38191104,3.77171,1.19054,1.6727e-04
4663,38199296,3.68288,1.19948,1.6715e-04
4664,38207488,3.56456,1.18927,1.6703e-04
4665,38215680,3.79154,1.19200,1.6691e-04
4666,38223872,3.67707,1.18965,1.6678e-04
4667,38232064,3.74366,1.19597,1.6666e-04
4668,38240256,3.62673,1.18943,1.6654e-04
4669,38248448,3.69997,1.19508,1.6642e-04
4670,38256640,3.58942,1.19561,1.6630e-04
4671,38264832,3.63637,1.19211,1.6618e-04
4672,38273024,3.74578,1.20142,1.6606e-04
4673,38281216,3.75492,1.19041,1.6593e-04
4674,38289408,3.52192,1.20295,1.6581e-04
4675,38297600,3.56314,1.20051,1.6569e-04
4676,38305792,3.77480,1.19776,1.6557e-04
4677,38313984,3.63779,1.20128,1.6545e-04
4678,38322176,3.78519,1.19392,1.6533e-04
4679,38330368,3.68032,1.19833,1.6521e-04
4680,38338560,3.70726,1.19379,1.6509e-04
4681,38346752,3.68747,1.18650,1.6497e-04
4682,38354944,3.61250,1.21184,1.6485e-04
4683,38363136,3.64875,1.19180,1.6473e-04
4684,38371328,3.52956,1.18685,1.6461e-04
4685,38379520,3.60233,1.20413,1.6449e-04
4686,38387712,3.60223,1.19649,1.6437e-04
4687,38395904,3.60575,1.19771,1.6425e-04
4688,38404096,3.63789,1.20450,1.6413e-04
4689,38412288,3.65386,1.19402,1.6401e-04
4690,38420480,3.62506,1.18988,1.6389e-04
4691,38428672,3.86593,1.20310,1.6377e-04
4692,38436864,3.68489,1.19932,1.6365e-04
4693,38445056,3.70038,1.19207,1.6353e-04
4694,38453248,3.71019,1.18232,1.6341e-04
4695,38461440,3.72563,1.18532,1.6329e-04
4696,38469632,3.68735,1.18589,1.6317e-04
4697,38477824,3.61367,1.18387,1.6305e-04
4698,38486016,3.63530,1.18604,1.6293e-04
4699,38494208,3.73357,1.19604,1.6281e-04
4700,38502400,3.52645,1.19269,1.6269e-04
4701,38510592,3.58637,1.19068,1.6257e-04
4702,38518784,3.58484,1.19336,1.6245e-04
4703,38526976,3.50095,1.19325,1.6233e-04
4704,38535168,3.74136,1.18815,1.6222e-04
4705,38543360,3.78707,1.19326,1.6210e-04
4706,38551552,3.64940,1.19026,1.6198e-04
4707,38559744,3.66958,1.18441,1.6186e-04
4708,38567936,3.60421,1.18353,1.6174e-04
4709,38576128,3.71735,1.19891,1.6162e-04
4710,38584320,3.49545,1.19066,1.6150e-04
4711,38592512,3.65336,1.18943,1.6138e-04
4712,38600704,3.69980,1.19885,1.6127e-04
4713,38608896,3.64698,1.18252,1.6115e-04
4714,38617088,3.79586,1.18913,1.6103e-04
4715,38625280,3.72941,1.19240,1.6091e-04
4716,38633472,3.54433,1.18865,1.6079e-04
4717,38641664,3.75030,1.19498,1.6067e-04
4718,38649856,3.47392,1.18908,1.6056e-04
4719,38658048,3.69036,1.18294,1.6044e-04
4720,38666240,3.69290,1.18640,1.6032e-04
4721,38674432,3.70527,1.18839,1.6020e-04
4722,38682624,3.65465,1.18120,1.6009e-04
4723,38690816,3.70267,1.18641,1.5997e-04
4724,38699008,3.63689,1.17699,1.5985e-04
4725,38707200,3.78453,1.18554,1.5973e-04
4726,38715392,3.60106,1.18649,1.5962e-04
4727,38723584,3.71786,1.18690,1.5950e-04
4728,38731776,3.83703,1.18132,1.5938e-04
4729,38739968,3.81451,1.18259,1.5926e-04
4730,38748160,3.59879,1.17176,1.5915e-04
4731,38756352,3.66670,1.18172,1.5903e-04
4732,38764544,3.58298,1.17395,1.5891e-04
4733,38772736,3.80912,1.17488,1.5880e-04
4734,38780928,3.67316,1.19135,1.5868e-04
4735,38789120,3.61416,1.18678,1.5856e-04
4736,38797312,3.78785,1.17747,1.5845e-04
4737,38805504,3.78020,1.18796,1.5833e-04
4738,38813696,3.53192,1.18246,1.5821e-04
4739,38821888,3.79998,1.19472,1.5810e-04
4740,38830080,3.66329,1.19465,1.5798e-04
4741,38838272,3.62404,1.18206,1.5786e-04
4742,38846464,3.65229,1.18367,1.5775e-04
4743,38854656,3.76922,1.19127,1.5763e-04
4744,38862848,3.72761,1.18573,1.5751e-04
4745,38871040,3.76276,1.18850,1.5740e-04
4746,38879232,3.47634,1.17947,1.5728e-04
4747,38887424,3.69960,1.18765,1.5717e-04
4748,38895616,3.84677,1.18640,1.5705e-04
4749,38903808,3.59331,1.19444,1.5693e-04
4750,38912000,3.59713,1.19617,1.5682e-04
4751,38920192,3.76495,1.18886,1.5670e-04
4752,38928384,3.63940,1.18632,1.5659e-04
4753,38936576,3.65404,1.19525,1.5647e-04
4754,38944768,3.59682,1.19369,1.5636e-04
4755,38952960,3.65666,1.19483,1.5624e-04
4756,38961152,3.63557,1.19403,1.5613e-04
4757,38969344,3.74395,1.19570,1.5601e-04
4758,38977536,3.56463,1.19456,1.5589e-04
4759,38985728,3.58702,1.20056,1.5578e-04
4760,38993920,3.69277,1.19322,1.5566e-04
4761,39002112,3.70206,1.21191,1.5555e-04
4762,39010304,3.71484,1.18417,1.5543e-04
4763,39018496,3.69015,1.20135,1.5532e-04
4764,39026688,3.79413,1.19216,1.5521e-04
4765,39034880,3.80029,1.19666,1.5509e-04
4766,39043072,3.86474,1.19155,1.5498e-04
4767,39051264,3.58207,1.19137,1.5486e-04
4768,39059456,3.67856,1.19754,1.5475e-04
4769,39067648,3.68722,1.18825,1.5463e-04
4770,39075840,3.74293,1.18725,1.5452e-04
4771,39084032,3.87587,1.19779,1.5440e-04
4772,39092224,3.53849,1.19310,1.5429e-04
4773,39100416,3.46081,1.18241,1.5418e-04
4774,39108608,3.75158,1.18116,1.5406e-04
4775,39116800,3.60301,1.18850,1.5395e-04
4776,39124992,3.57181,1.18594,1.5383e-04
4777,39133184,3.55258,1.18630,1.5372e-04
4778,39141376,3.77053,1.19677,1.5361e-04
4779,39149568,3.61863,1.19487,1.5349e-04
4780,39157760,3.60744,1.19129,1.5338e-04
4781,39165952,3.88806,1.18833,1.5326e-04
4782,39174144,3.70784,1.18831,1.5315e-04
4783,39182336,3.67523,1.19115,1.5304e-04
4784,39190528,3.50043,1.19209,1.5292e-04
4785,39198720,3.52799,1.19031,1.5281e-04
4786,39206912,3.69615,1.19799,1.5270e-04
4787,39215104,3.65208,1.18632,1.5259e-04
4788,39223296,3.70990,1.19913,1.5247e-04
4789,39231488,3.57038,1.18678,1.5236e-04
4790,39239680,3.58373,1.18627,1.5225e-04
4791,39247872,3.63483,1.19475,1.5213e-04
4792,39256064,3.77518,1.18531,1.5202e-04
4793,39264256,3.57883,1.18085,1.5191e-04
4794,39272448,3.69406,1.18304,1.5180e-04
4795,39280640,3.82762,1.19222,1.5168e-04
4796,39288832,3.80271,1.19746,1.5157e-04
4797,39297024,3.64681,1.18656,1.5146e-04
4798,39305216,3.74497,1.19511,1.5135e-04
4799,39313408,3.64474,1.18617,1.5123e-04
4800,39321600,3.66573,1.19000,1.5112e-04
4801,39329792,3.65031,1.18754,1.5101e-04
4802,39337984,3.64019,1.18673,1.5090e-04
4803,39346176,3.58217,1.18452,1.5079e-04
4804,39354368,3.48794,1.18700,1.5067e-04
4805,39362560,3.61441,1.18976,1.5056e-04
4806,39370752,3.71730,1.20010,1.5045e-04
4807,39378944,3.62317,1.17722,1.5034e-04
4808,39387136,3.65627,1.17919,1.5023e-04
4809,39395328,3.68410,1.19677,1.5011e-04
4810,39403520,3.64547,1.18655,1.5000e-04
4811,39411712,3.71294,1.19008,1.4989e-04
4812,39419904,3.54014,1.17991,1.4978e-04
4813,39428096,3.73976,1.17429,1.4967e-04
4814,39436288,3.64013,1.18501,1.4956e-04
4815,39444480,3.60594,1.17961,1.4945e-04
4816,39452672,3.54767,1.17018,1.4934e-04
4817,39460864,3.80249,1.18095,1.4923e-04
4818,39469056,3.48920,1.18405,1.4911e-04
4819,39477248,3.66876,1.17431,1.4900e-04
4820,39485440,3.72968,1.18659,1.4889e-04
4821,39493632,3.57530,1.18093,1.4878e-04
4822,39501824,3.73553,1.16858,1.4867e-04
4823,39510016,3.53232,1.18592,1.4856e-04
4824,39518208,3.78527,1.17671,1.4845e-04
4825,39526400,3.75535,1.18269,1.4834e-04
4826,39534592,3.74282,1.18234,1.4823e-04
4827,39542784,3.73087,1.17747,1.4812e-04
4828,39550976,3.52838,1.19235,1.4801e-04
4829,39559168,3.81513,1.18740,1.4790e-04
4830,39567360,3.60547,1.18308,1.4779e-04
4831,39575552,3.72132,1.19466,1.4768e-04
4832,39583744,3.69180,1.18438,1.4757e-04
4833,39591936,3.66521,1.18058,1.4746e-04
4834,39600128,3.79491,1.18756,1.4735e-04
4835,39608320,3.75403,1.19200,1.4724e-04
4836,39616512,3.84409,1.17547,1.4713e-04
4837,39624704,3.79810,1.18133,1.4702e-04
4838,39632896,3.67236,1.18087,1.4691e-04
4839,39641088,3.78103,1.18695,1.4680e-04
4840,39649280,3.62964,1.19732,1.4669e-04
4841,39657472,3.71595,1.18660,1.4658e-04
4842,39665664,3.63624,1.18744,1.4647e-04
4843,39673856,3.57257,1.19297,1.4637e-04
4844,39682048,3.53397,1.19041,1.4626e-04
4845,39690240,3.72273,1.19743,1.4615e-04
4846,39698432,3.56186,1.19147,1.4604e-04
4847,39706624,3.51607,1.18986,1.4593e-04
4848,39714816,3.82308,1.20430,1.4582e-04
4849,39723008,3.73572,1.19159,1.4571e-04
4850,39731200,3.67020,1.19749,1.4560e-04
4851,39739392,3.70699,1.19090,1.4550e-04
4852,39747584,3.64503,1.19767,1.4539e-04
4853,39755776,3.49452,1.19192,1.4528e-04
4854,39763968,3.68432,1.19859,1.4517e-04
4855,39772160,3.66416,1.20825,1.4506e-04
4856,39780352,3.76060,1.20857,1.4495e-04
4857,39788544,3.70974,1.19987,1.4485e-04
4858,39796736,3.59174,1.20155,1.4474e-04
4859,39804928,3.68297,1.19868,1.4463e-04
4860,39813120,3.48452,1.19905,1.4452e-04
4861,39821312,3.73806,1.19908,1.4442e-04
4862,39829504,3.42981,1.20720,1.4431e-04
4863,39837696,3.47831,1.20893,1.4420e-04
4864,39845888,3.75402,1.19990,1.4409e-04
4865,39854080,3.66632,1.20001,1.4399e-04
4866,39862272,3.65592,1.18914,1.4388e-04
4867,39870464,3.72464,1.19242,1.4377e-04
4868,39878656,3.54075,1.18597,1.4366e-04
4869,39886848,3.58375,1.20041,1.4356e-04
4870,39895040,3.57880,1.18886,1.4345e-04
4871,39903232,3.66531,1.19106,1.4334e-04
4872,39911424,3.73817,1.18871,1.4324e-04
4873,39919616,3.79462,1.18445,1.4313e-04
4874,39927808,3.62198,1.18253,1.4302e-04
4875,39936000,3.75785,1.17894,1.4291e-04
4876,39944192,3.62355,1.18218,1.4281e-04
4877,39952384,3.70707,1.17913,1.4270e-04
4878,39960576,3.56807,1.17705,1.4260e-04
4879,39968768,3.55684,1.17817,1.4249e-04
4880,39976960,3.67908,1.18154,1.4238e-04
4881,39985152,3.69150,1.17980,1.4228e-04
4882,39993344,3.86649,1.17467,1.4217e-04
4883,40001536,3.81148,1.17181,1.4206e-04
4884,40009728,3.65490,1.17007,1.4196e-04
4885,40017920,3.74619,1.16666,1.4185e-04
4886,40026112,3.75616,1.16750,1.4175e-04
4887,40034304,3.70608,1.16428,1.4164e-04
4888,40042496,3.76534,1.16067,1.4153e-04
4889,40050688,3.76714,1.16677,1.4143e-04
4890,40058880,3.73090,1.16294,1.4132e-04
4891,40067072,3.65658,1.16947,1.4122e-04
4892,40075264,3.61042,1.16674,1.4111e-04
4893,40083456,3.68417,1.17455,1.4101e-04
4894,40091648,3.79675,1.16263,1.4090e-04
4895,40099840,3.72188,1.17443,1.4080e-04
4896,40108032,3.66794,1.17073,1.4069e-04
4897,40116224,3.65174,1.16459,1.4059e-04
4898,40124416,3.69906,1.16426,1.4048e-04
4899,40132608,3.69007,1.17581,1.4038e-04
4900,40140800,3.45030,1.16540,1.4027e-04
4901,40148992,3.61548,1.16835,1.4017e-04
4902,40157184,3.69264,1.18103,1.4006e-04
4903,40165376,3.51930,1.16292,1.3996e-04
4904,40173568,3.59099,1.16959,1.3985e-04
4905,40181760,3.60655,1.18058,1.3975e-04
4906,40189952,3.62022,1.16787,1.3964e-04
4907,40198144,3.62560,1.17468,1.3954e-04
4908,40206336,3.70773,1.16589,1.3944e-04
4909,40214528,3.64013,1.16922,1.3933e-04
4910,40222720,3.58205,1.16976,1.3923e-04
4911,40230912,3.74194,1.17427,1.3912e-04
4912,40239104,3.80034,1.17210,1.3902e-04
4913,40247296,3.63597,1.16926,1.3892e-04
4914,40255488,3.57681,1.17660,1.3881e-04
4915,40263680,3.60411,1.18294,1.3871e-04
4916,40271872,3.71242,1.17388,1.3860e-04
4917,40280064,3.80322,1.17828,1.3850e-04
4918,40288256,3.61522,1.17921,1.3840e-04
4919,40296448,3.67787,1.18419,1.3829e-04
4920,40304640,3.76936,1.17803,1.3819e-04
4921,40312832,3.63500,1.18271,1.3809e-04
4922,40321024,3.62804,1.18783,1.3798e-04
4923,40329216,3.73566,1.19530,1.3788e-04
4924,40337408,3.80725,1.18972,1.3778e-04
4925,40345600,3.61903,1.17540,1.3768e-04
4926,40353792,3.54902,1.18391,1.3757e-04
4927,40361984,3.64531,1.19081,1.3747e-04
4928,40370176,3.68813,1.17762,1.3737e-04
4929,40378368,3.72761,1.18557,1.3726e-04
4930,40386560,3.60951,1.18744,1.3716e-04
4931,40394752,3.59191,1.19886,1.3706e-04
4932,40402944,3.57553,1.18413,1.3696e-04
4933,40411136,3.65240,1.18911,1.3685e-04
4934,40419328,3.57108,1.17861,1.3675e-04
4935,40427520,3.60179,1.18817,1.3665e-04
4936,40435712,3.65482,1.18899,1.3655e-04
4937,40443904,3.64552,1.17985,1.3645e-04
4938,40452096,3.72717,1.18215,1.3634e-04
4939,40460288,3.60489,1.18590,1.3624e-04
4940,40468480,3.67525,1.18333,1.3614e-04
4941,40476672,3.77273,1.19144,1.3604e-04
4942,40484864,3.60740,1.18594,1.3594e-04
4943,40493056,3.75457,1.19437,1.3584e-04
4944,40501248,3.67829,1.19004,1.3573e-04
4945,40509440,3.54860,1.18733,1.3563e-04
4946,40517632,3.66363,1.19811,1.3553e-04
4947,40525824,3.73070,1.18706,1.3543e-04
4948,40534016,3.61686,1.18182,1.3533e-04
4949,40542208,3.48271,1.18392,1.3523e-04
4950,40550400,3.66836,1.17850,1.3513e-04
4951,40558592,3.77564,1.17616,1.3503e-04
4952,40566784,3.55384,1.17328,1.3493e-04
4953,40574976,3.59217,1.16880,1.3482e-04
4954,40583168,3.60801,1.17095,1.3472e-04
4955,40591360,3.64137,1.18244,1.3462e-04
4956,40599552,3.59564,1.17170,1.3452e-04
4957,40607744,3.45434,1.17653,1.3442e-04
4958,40615936,3.52084,1.17060,1.3432e-04
4959,40624128,3.62145,1.16816,1.3422e-04
4960,40632320,3.47078,1.17752,1.3412e-04
4961,40640512,3.78238,1.17090,1.3402e-04
4962,40648704,3.70232,1.16916,1.3392e-04
4963,40656896,3.71092,1.18230,1.3382e-04
4964,40665088,3.60307,1.17805,1.3372e-04
4965,40673280,3.63553,1.17880,1.3362e-04
4966,40681472,3.76577,1.17333,1.3352e-04
4967,40689664,3.58742,1.18075,1.3342e-04
4968,40697856,3.62735,1.18077,1.3332e-04
4969,40706048,3.73946,1.18483,1.3322e-04
4970,40714240,3.46392,1.18787,1.3312e-04
4971,40722432,3.69121,1.18252,1.3302e-04
4972,40730624,3.71345,1.18522,1.3292e-04
4973,40738816,3.55033,1.18508,1.3282e-04
4974,40747008,3.71705,1.18430,1.3273e-04
4975,40755200,3.72812,1.17828,1.3263e-04
4976,40763392,3.64725,1.17886,1.3253e-04
4977,40771584,3.59060,1.17483,1.3243e-04
4978,40779776,3.61208,1.16093,1.3233e-04
4979,40787968,3.51651,1.17733,1.3223e-04
4980,40796160,3.70015,1.17829,1.3213e-04
4981,40804352,3.68527,1.17874,1.3203e-04
4982,40812544,3.63878,1.16589,1.3193e-04
4983,40820736,3.65196,1.17161,1.3184e-04
4984,40828928,3.53455,1.16834,1.3174e-04
4985,40837120,3.51287,1.16276,1.3164e-04
4986,40845312,3.57813,1.17549,1.3154e-04
4987,40853504,3.59486,1.16934,1.3144e-04
4988,40861696,3.68669,1.17237,1.3134e-04
4989,40869888,3.63140,1.17169,1.3125e-04
4990,40878080,3.76380,1.17441,1.3115e-04
4991,40886272,3.81322,1.16960,1.3105e-04
4992,40894464,3.62073,1.17435,1.3095e-04
4993,40902656,3.77770,1.18176,1.3086e-04
4994,40910848,3.54444,1.17829,1.3076e-04
4995,40919040,3.55387,1.17798,1.3066e-04
4996,40927232,3.59837,1.18077,1.3056e-04
4997,40935424,3.59606,1.17590,1.3047e-04
4998,40943616,3.49639,1.17109,1.3037e-04
4999,40951808,3.54510,1.16682,1.3027e-04
5000,40960000,3.75623,1.17683,1.3017e-04
5001,40968192,3.55221,1.17285,1.3008e-04
5002,40976384,3.62326,1.17496,1.2998e-04
5003,40984576,3.71602,1.18608,1.2988e-04
5004,40992768,3.54921,1.16875,1.2979e-04
5005,41000960,3.67625,1.16829,1.2969e-04
5006,41009152,3.57581,1.16844,1.2959e-04
5007,41017344,3.54993,1.16694,1.2950e-04
5008,41025536,3.66000,1.16632,1.2940e-04
5009,41033728,3.81009,1.17987,1.2930e-04
5010,41041920,3.61021,1.16588,1.2921e-04
5011,41050112,3.67545,1.16826,1.2911e-04
5012,41058304,3.69150,1.17410,1.2901e-04
5013,41066496,3.63405,1.17615,1.2892e-04
5014,41074688,3.73100,1.17050,1.2882e-04
5015,41082880,3.62674,1.16229,1.2873e-04
5016,41091072,3.68745,1.17449,1.2863e-04
5017,41099264,3.77193,1.16839,1.2853e-04
5018,41107456,3.65227,1.16918,1.2844e-04
5019,41115648,3.59771,1.16478,1.2834e-04
5020,41123840,3.58702,1.18078,1.2825e-04
5021,41132032,3.72920,1.17144,1.2815e-04
5022,41140224,3.56448,1.17089,1.2806e-04
5023,41148416,3.68268,1.17284,1.2796e-04
5024,41156608,3.61157,1.17383,1.2786e-04
5025,41164800,3.66791,1.16372,1.2777e-04
5026,41172992,3.60044,1.16572,1.2767e-04
5027,41181184,3.65024,1.17049,1.2758e-04
5028,41189376,3.58898,1.16774,1.2748e-04
5029,41197568,3.54284,1.16879,1.2739e-04
5030,41205760,3.69381,1.17393,1.2729e-04
5031,41213952,3.60647,1.16534,1.2720e-04
5032,41222144,3.64606,1.17015,1.2711e-04
5033,41230336,3.48630,1.16764,1.2701e-04
5034,41238528,3.62379,1.18246,1.2692e-04
5035,41246720,3.62976,1.16174,1.2682e-04
5036,41254912,3.72444,1.17408,1.2673e-04
5037,41263104,3.78617,1.17095,1.2663e-04
5038,41271296,3.47103,1.17583,1.2654e-04
5039,41279488,3.67290,1.16790,1.2644e-04
5040,41287680,3.60775,1.18023,1.2635e-04
5041,41295872,3.79367,1.17696,1.2626e-04
5042,41304064,3.58999,1.17515,1.2616e-04
5043,41312256,3.62448,1.16694,1.2607e-04
5044,41320448,3.71704,1.17623,1.2598e-04
5045,41328640,3.50136,1.16853,1.2588e-04
5046,41336832,3.71765,1.16959,1.2579e-04
5047,41345024,3.61434,1.17241,1.2569e-04
5048,41353216,3.56522,1.17366,1.2560e-04
5049,41361408,3.61483,1.16571,1.2551e-04
5050,41369600,3.54203,1.17284,1.2541e-04
5051,41377792,3.57755,1.16896,1.2532e-04
5052,41385984,3.69685,1.17299,1.2523e-04
5053,41394176,3.53631,1.17110,1.2514e-04
5054,41402368,3.62441,1.17418,1.2504e-04
5055,41410560,3.69889,1.16834,1.2495e-04
5056,41418752,3.74377,1.17560,1.2486e-04
5057,41426944,3.41821,1.18466,1.2476e-04
5058,41435136,3.56431,1.17149,1.2467e-04
5059,41443328,3.69916,1.17653,1.2458e-04
5060,41451520,3.54895,1.18808,1.2449e-04
5061,41459712,3.58736,1.18024,1.2439e-04
5062,41467904,3.74209,1.17066,1.2430e-04
5063,41476096,3.70064,1.18656,1.2421e-04
5064,41484288,3.72338,1.17454,1.2412e-04
5065,41492480,3.70734,1.18086,1.2403e-04
5066,41500672,3.72432,1.17355,1.2393e-04
5067,41508864,3.64772,1.18966,1.2384e-04
5068,41517056,3.59845,1.17880,1.2375e-04
5069,41525248,3.61100,1.18091,1.2366e-04
5070,41533440,3.67135,1.16862,1.2357e-04
5071,41541632,3.77905,1.17168,1.2347e-04
5072,41549824,3.64062,1.17003,1.2338e-04
5073,41558016,3.65366,1.17809,1.2329e-04
5074,41566208,3.55927,1.17394,1.2320e-04
5075,41574400,3.54137,1.17326,1.2311e-04
5076,41582592,3.73179,1.16784,1.2302e-04
5077,41590784,3.70398,1.16843,1.2293e-04
5078,41598976,3.59381,1.17200,1.2284e-04
5079,41607168,3.61670,1.18050,1.2274e-04
5080,41615360,3.67559,1.17060,1.2265e-04
5081,41623552,3.49662,1.16586,1.2256e-04
5082,41631744,3.67648,1.16767,1.2247e-04
5083,41639936,3.76084,1.17804,1.2238e-04
5084,41648128,3.71231,1.16374,1.2229e-04
5085,41656320,3.63461,1.16915,1.2220e-04
5086,41664512,3.61040,1.17132,1.2211e-04
5087,41672704,3.39414,1.16968,1.2202e-04
5088,41680896,3.81833,1.17420,1.2193e-04
5089,41689088,3.71529,1.16412,1.2184e-04
5090,41697280,3.57296,1.17279,1.2175e-04
5091,41705472,3.64746,1.16734,1.2166e-04
5092,41713664,3.65838,1.17030,1.2157e-04
5093,41721856,3.64513,1.16884,1.2148e-04
5094,41730048,3.59433,1.16903,1.2139e-04
5095,41738240,3.46125,1.17567,1.2130e-04
5096,41746432,3.63532,1.16674,1.2121e-04
5097,41754624,3.57115,1.16973,1.2112e-04
5098,41762816,3.54746,1.17483,1.2103e-04
5099,41771008,3.70478,1.16994,1.2094e-04
5100,41779200,3.55194,1.16891,1.2085e-04
5101,41787392,3.69414,1.16719,1.2076e-04
5102,41795584,3.65305,1.17445,1.2068e-04
5103,41803776,3.64979,1.16250,1.2059e-04
5104,41811968,3.50156,1.16758,1.2050e-04
5105,41820160,3.67717,1.16878,1.2041e-04
5106,41828352,3.65063,1.17508,1.2032e-04
5107,41836544,3.48447,1.17163,1.2023e-04
5108,41844736,3.69560,1.17210,1.2014e-04
5109,41852928,3.74618,1.16525,1.2005e-04
5110,41861120,3.54978,1.17486,1.1997e-04
5111,41869312,3.65912,1.18305,1.1988e-04
5112,41877504,3.62547,1.18663,1.1979e-04
5113,41885696,3.54568,1.17592,1.1970e-04
5114,41893888,3.66075,1.17832,1.1961e-04
5115,41902080,3.54196,1.18018,1.1952e-04
5116,41910272,3.55001,1.17179,1.1944e-04
5117,41918464,3.54056,1.17540,1.1935e-04
5118,41926656,3.66015,1.16964,1.1926e-04
5119,41934848,3.68024,1.17227,1.1917e-04
5120,41943040,3.62695,1.17094,1.1909e-04
5121,41951232,3.53099,1.17530,1.1900e-04
5122,41959424,3.66685,1.16699,1.1891e-04
5123,41967616,3.63443,1.16648,1.1882e-04
5124,41975808,3.67807,1.17445,1.1874e-04
5125,41984000,3.59220,1.17012,1.1865e-04
5126,41992192,3.73075,1.16971,1.1856e-04
5127,42000384,3.56244,1.16781,1.1847e-04
5128,42008576,3.47917,1.16491,1.1839e-04
5129,42016768,3.49467,1.16632,1.1830e-04
5130,42024960,3.68050,1.16977,1.1821e-04
5131,42033152,3.56574,1.16355,1.1813e-04
5132,42041344,3.63896,1.15821,1.1804e-04
5133,42049536,3.63119,1.16316,1.1795e-04
5134,42057728,3.64757,1.17934,1.1787e-04
5135,42065920,3.79880,1.15739,1.1778e-04
5136,42074112,3.53890,1.16318,1.1769e-04
5137,42082304,3.46932,1.16904,1.1761e-04
5138,42090496,3.65083,1.16594,1.1752e-04
5139,42098688,3.81948,1.17163,1.1744e-04
5140,42106880,3.74502,1.16681,1.1735e-04
5141,42115072,3.64629,1.15283,1.1726e-04
5142,42123264,3.69685,1.16338,1.1718e-04
5143,42131456,3.72503,1.17566,1.1709e-04
5144,42139648,3.68878,1.17173,1.1701e-04
5145,42147840,3.58567,1.17339,1.1692e-04
5146,42156032,3.48861,1.16680,1.1684e-04
5147,42164224,3.64348,1.16620,1.1675e-04
5148,42172416,3.73570,1.17728,1.1666e-04
5149,42180608,3.60940,1.17139,1.1658e-04
5150,42188800,3.53724,1.17000,1.1649e-04
5151,42196992,3.47918,1.17175,1.1641e-04
5152,42205184,3.78134,1.17321,1.1632e-04
5153,42213376,3.59364,1.16004,1.1624e-04
5154,42221568,3.59705,1.17898,1.1615e-04
5155,42229760,3.71728,1.16931,1.1607e-04
5156,42237952,3.66558,1.16870,1.1598e-04
5157,42246144,3.64323,1.16189,1.1590e-04
5158,42254336,3.69464,1.16766,1.1582e-04
5159,42262528,3.57932,1.17049,1.1573e-04
5160,42270720,3.66781,1.17383,1.1565e-04
5161,42278912,3.49173,1.16577,1.1556e-04
5162,42287104,3.65802,1.16998,1.1548e-04
5163,42295296,3.63851,1.16023,1.1539e-04
5164,42303488,3.48302,1.16033,1.1531e-04
5165,42311680,3.60314,1.16344,1.1523e-04
5166,42319872,3.53891,1.16626,1.1514e-04
5167,42328064,3.62252,1.16326,1.1506e-04
5168,42336256,3.70683,1.16794,1.1497e-04
5169,42344448,3.69133,1.16045,1.1489e-04
5170,42352640,3.84859,1.15401,1.1481e-04
5171,42360832,3.70742,1.15973,1.1472e-04
5172,42369024,3.57886,1.15540,1.1464e-04
5173,42377216,3.66447,1.16541,1.1456e-04
5174,42385408,3.57547,1.15736,1.1447e-04
5175,42393600,3.60953,1.16293,1.1439e-04
5176,42401792,3.73819,1.15552,1.1431e-04
5177,42409984,3.64735,1.15947,1.1422e-04
5178,42418176,3.66639,1.15792,1.1414e-04
5179,42426368,3.59017,1.15149,1.1406e-04
5180,42434560,3.68862,1.15222,1.1398e-04
5181,42442752,3.60503,1.16080,1.1389e-04
5182,42450944,3.59021,1.16445,1.1381e-04
5183,42459136,3.60695,1.17598,1.1373e-04
5184,42467328,3.60922,1.15057,1.1365e-04
5185,42475520,3.71344,1.15568,1.1356e-04
5186,42483712,3.57164,1.15523,1.1348e-04
5187,42491904,3.61480,1.16282,1.1340e-04
5188,42500096,3.68927,1.16031,1.1332e-04
5189,42508288,3.59799,1.15649,1.1324e-04
5190,42516480,3.64646,1.16374,1.1315e-04
5191,42524672,3.58186,1.15929,1.1307e-04
5192,42532864,3.75869,1.17658,1.1299e-04
5193,42541056,3.62238,1.16618,1.1291e-04
5194,42549248,3.58007,1.16335,1.1283e-04
5195,42557440,3.58548,1.16812,1.1274e-04
5196,42565632,3.65493,1.15861,1.1266e-04
5197,42573824,3.72446,1.16199,1.1258e-04
5198,42582016,3.72098,1.16882,1.1250e-04
5199,42590208,3.67371,1.17085,1.1242e-04
5200,42598400,3.49582,1.16681,1.1234e-04
5201,42606592,3.71053,1.17656,1.1226e-04
5202,42614784,3.62828,1.16346,1.1218e-04
5203,42622976,3.68069,1.17819,1.1210e-04
5204,42631168,3.61424,1.17663,1.1202e-04
5205,42639360,3.53117,1.15856,1.1193e-04
5206,42647552,3.65633,1.16126,1.1185e-04
5207,42655744,3.47347,1.16730,1.1177e-04
5208,42663936,3.52265,1.17197,1.1169e-04
5209,42672128,3.54079,1.17014,1.1161e-04
5210,42680320,3.58014,1.16820,1.1153e-04
5211,42688512,3.57189,1.16580,1.1145e-04
5212,42696704,3.61145,1.16629,1.1137e-04
5213,42704896,3.66831,1.16782,1.1129e-04
5214,42713088,3.55506,1.16136,1.1121e-04
5215,42721280,3.48312,1.16406,1.1113e-04
5216,42729472,3.67832,1.16720,1.1105e-04
5217,42737664,3.50586,1.16189,1.1097e-04
5218,42745856,3.64358,1.16275,1.1089e-04
5219,42754048,3.66399,1.16161,1.1081e-04
5220,42762240,3.45978,1.17590,1.1073e-04
5221,42770432,3.67939,1.17644,1.1065e-04
5222,42778624,3.59155,1.17146,1.1058e-04
5223,42786816,3.57670,1.16763,1.1050e-04
5224,42795008,3.49573,1.17986,1.1042e-04
5225,42803200,3.59582,1.17048,1.1034e-04
5226,42811392,3.62218,1.16982,1.1026e-04
5227,42819584,3.50484,1.16475,1.1018e-04
5228,42827776,3.75287,1.17140,1.1010e-04
5229,42835968,3.68118,1.17691,1.1002e-04
5230,42844160,3.54301,1.17076,1.0994e-04
5231,42852352,3.52098,1.17263,1.0987e-04
5232,42860544,3.50852,1.17138,1.0979e-04
5233,42868736,3.67876,1.17191,1.0971e-04
5234,42876928,3.50099,1.19205,1.0963e-04
5235,42885120,3.56723,1.18236,1.0955e-04
5236,42893312,3.57110,1.18046,1.0947e-04
5237,42901504,3.39081,1.17291,1.0940e-04
5238,42909696,3.68147,1.17389,1.0932e-04
5239,42917888,3.69553,1.16755,1.0924e-04
5240,42926080,3.62683,1.15799,1.0916e-04
5241,42934272,3.67530,1.16618,1.0909e-04
5242,42942464,3.58641,1.17205,1.0901e-04
5243,42950656,3.66772,1.16738,1.0893e-04
5244,42958848,3.58238,1.16190,1.0885e-04
5245,42967040,3.71966,1.16804,1.0878e-04
5246,42975232,3.59778,1.16493,1.0870e-04
5247,42983424,3.72925,1.16700,1.0862e-04
5248,42991616,3.61655,1.15590,1.0854e-04
5249,42999808,3.69529,1.15465,1.0847e-04
5250,43008000,3.58895,1.15200,1.0839e-04
5251,43016192,3.50764,1.15352,1.0831e-04
5252,43024384,3.71620,1.15992,1.0824e-04
5253,43032576,3.76046,1.15237,1.0816e-04
5254,43040768,3.55427,1.16239,1.0808e-04
5255,43048960,3.59846,1.15286,1.0801e-04
5256,43057152,3.56860,1.16047,1.0793e-04
5257,43065344,3.56996,1.16129,1.0785e-04
5258,43073536,3.64073,1.15598,1.0778e-04
5259,43081728,3.76073,1.15674,1.0770e-04
5260,43089920,3.51542,1.15645,1.0763e-04
5261,43098112,3.74450,1.15783,1.0755e-04
5262,43106304,3.76047,1.16077,1.0747e-04
5263,43114496,3.62839,1.15914,1.0740e-04
5264,43122688,3.76769,1.15899,1.0732e-04
5265,43130880,3.65641,1.16283,1.0725e-04
5266,43139072,3.59884,1.15856,1.0717e-04
5267,43147264,3.66254,1.15777,1.0710e-04
5268,43155456,3.61521,1.15382,1.0702e-04
5269,43163648,3.67338,1.15119,1.0694e-04
5270,43171840,3.58922,1.15408,1.0687e-04
5271,43180032,3.63610,1.14538,1.0679e-04
5272,43188224,3.63306,1.15256,1.0672e-04
5273,43196416,3.78041,1.15401,1.0664e-04
5274,43204608,3.52560,1.14358,1.0657e-04
5275,43212800,3.65144,1.15359,1.0649e-04
5276,43220992,3.61532,1.15288,1.0642e-04
5277,43229184,3.62719,1.14028,1.0634e-04
5278,43237376,3.67101,1.14832,1.0627e-04
5279,43245568,3.58032,1.14333,1.0620e-04
5280,43253760,3.64881,1.15013,1.0612e-04
5281,43261952,3.46966,1.14396,1.0605e-04
5282,43270144,3.45126,1.14105,1.0597e-04
5283,43278336,3.53694,1.14628,1.0590e-04
5284,43286528,3.62010,1.15113,1.0582e-04
5285,43294720,3.36695,1.14758,1.0575e-04
5286,43302912,3.59996,1.14863,1.0568e-04
5287,43311104,3.50483,1.14903,1.0560e-04
5288,43319296,3.55116,1.14817,1.0553e-04
5289,43327488,3.61091,1.14489,1.0546e-04
5290,43335680,3.50860,1.14941,1.0538e-04
5291,43343872,3.63686,1.14742,1.0531e-04
5292,43352064,3.68326,1.15352,1.0524e-04
5293,43360256,3.56252,1.16651,1.0516e-04
5294,43368448,3.57196,1.14925,1.0509e-04
5295,43376640,3.61388,1.15104,1.0502e-04
5296,43384832,3.78248,1.14562,1.0494e-04
5297,43393024,3.65327,1.15569,1.0487e-04
5298,43401216,3.59795,1.16192,1.0480e-04
5299,43409408,3.58059,1.16530,1.0472e-04
5300,43417600,3.63866,1.15810,1.0465e-04
5301,43425792,3.62375,1.16297,1.0458e-04
5302,43433984,3.57280,1.15747,1.0451e-04
5303,43442176,3.64261,1.15529,1.0443e-04
5304,43450368,3.61437,1.16391,1.0436e-04
5305,43458560,3.70407,1.15254,1.0429e-04
5306,43466752,3.60176,1.16653,1.0422e-04
5307,43474944,3.63462,1.15322,1.0414e-04
5308,43483136,3.59841,1.16045,1.0407e-04
5309,43491328,3.74356,1.15734,1.0400e-04
5310,43499520,3.64856,1.16361,1.0393e-04
5311,43507712,3.74119,1.16188,1.0386e-04
5312,43515904,3.68924,1.16199,1.0379e-04
5313,43524096,3.60655,1.16245,1.0371e-04
5314,43532288,3.69085,1.16301,1.0364e-04
5315,43540480,3.56800,1.16146,1.0357e-04
5316,43548672,3.51370,1.16254,1.0350e-04
5317,43556864,3.61011,1.15695,1.0343e-04
5318,43565056,3.64049,1.16080,1.0336e-04
5319,43573248,3.58206,1.16338,1.0329e-04
5320,43581440,3.60851,1.16643,1.0322e-04
5321,43589632,3.64897,1.15181,1.0314e-04
5322,43597824,3.45265,1.15590,1.0307e-04
5323,43606016,3.44291,1.15471,1.0300e-04
5324,43614208,3.49355,1.16552,1.0293e-04
5325,43622400,3.60042,1.15238,1.0286e-04
5326,43630592,3.66859,1.16391,1.0279e-04
5327,43638784,3.61235,1.15596,1.0272e-04
5328,43646976,3.58804,1.15633,1.0265e-04
5329,43655168,3.55017,1.15790,1.0258e-04
5330,43663360,3.63905,1.14580,1.0251e-04
5331,43671552,3.68543,1.14366,1.0244e-04
5332,43679744,3.76741,1.15063,1.0237e-04
5333,43687936,3.49674,1.14676,1.0230e-04
5334,43696128,3.63363,1.15281,1.0223e-04
5335,43704320,3.64523,1.15300,1.0216e-04
5336,43712512,3.66463,1.14939,1.0209e-04
5337,43720704,3.56367,1.15880,1.0202e-04
5338,43728896,3.74708,1.15668,1.0195e-04
5339,43737088,3.63361,1.14992,1.0188e-04
5340,43745280,3.69308,1.14816,1.0181e-04
5341,43753472,3.70317,1.15130,1.0174e-04
5342,43761664,3.65531,1.14923,1.0167e-04
5343,43769856,3.67698,1.15276,1.0161e-04
5344,43778048,3.52718,1.14709,1.0154e-04
5345,43786240,3.78309,1.14875,1.0147e-04
5346,43794432,3.63294,1.14529,1.0140e-04
5347,43802624,3.63652,1.14886,1.0133e-04
5348,43810816,3.64005,1.14371,1.0126e-04
5349,43819008,3.60231,1.15162,1.0119e-04
5350,43827200,3.69213,1.15003,1.0112e-04
5351,43835392,3.55325,1.14488,1.0106e-04
5352,43843584,3.75079,1.15529,1.0099e-04
5353,43851776,3.66678,1.15022,1.0092e-04
5354,43859968,3.69614,1.15503,1.0085e-04
5355,43868160,3.74140,1.14989,1.0078e-04
5356,43876352,3.76300,1.15969,1.0072e-04
5357,43884544,3.56812,1.15113,1.0065e-04
5358,43892736,3.54332,1.15889,1.0058e-04
5359,43900928,3.60874,1.15946,1.0051e-04
5360,43909120,3.75161,1.17265,1.0045e-04
5361,43917312,3.68409,1.15811,1.0038e-04
5362,43925504,3.50342,1.15922,1.0031e-04
5363,43933696,3.63650,1.16576,1.0024e-04
5364,43941888,3.58254,1.15984,1.0018e-04
5365,43950080,3.78943,1.15703,1.0011e-04
5366,43958272,3.60213,1.17482,1.0004e-04
5367,43966464,3.69275,1.16208,9.9975e-05
5368,43974656,3.59634,1.15597,9.9908e-05
5369,43982848,3.67312,1.16665,9.9841e-05
5370,43991040,3.45258,1.15541,9.9774e-05
5371,43999232,3.54271,1.14965,9.9708e-05
5372,44007424,3.47755,1.16765,9.9641e-05
5373,44015616,3.64192,1.16327,9.9575e-05
5374,44023808,3.62395,1.15577,9.9508e-05
5375,44032000,3.48989,1.16446,9.9442e-05
5376,44040192,3.57793,1.16847,9.9376e-05
5377,44048384,3.61807,1.15613,9.9310e-05
5378,44056576,3.53715,1.16651,9.9244e-05
5379,44064768,3.68531,1.17097,9.9178e-05
5380,44072960,3.69300,1.16413,9.9112e-05
5381,44081152,3.42396,1.17447,9.9046e-05
5382,44089344,3.62399,1.16317,9.8981e-05
5383,44097536,3.54497,1.16474,9.8915e-05
5384,44105728,3.61249,1.16279,9.8849e-05
5385,44113920,3.49461,1.17532,9.8784e-05
5386,44122112,3.64371,1.15590,9.8719e-05
5387,44130304,3.54684,1.16741,9.8653e-05
5388,44138496,3.61465,1.15003,9.8588e-05
5389,44146688,3.76664,1.15855,9.8523e-05
5390,44154880,3.53281,1.15236,9.8458e-05
5391,44163072,3.60035,1.15637,9.8393e-05
5392,44171264,3.72299,1.15653,9.8329e-05
5393,44179456,3.54578,1.15828,9.8264e-05
5394,44187648,3.72344,1.14900,9.8199e-05
5395,44195840,3.56355,1.15887,9.8135e-05
5396,44204032,3.67069,1.15659,9.8070e-05
5397,44212224,3.59938,1.16219,9.8006e-05
5398,44220416,3.72052,1.16289,9.7942e-05
5399,44228608,3.62448,1.15466,9.7877e-05
5400,44236800,3.64548,1.16739,9.7813e-05
5401,44244992,3.45246,1.16240,9.7749e-05
5402,44253184,3.67603,1.15568,9.7685e-05
5403,44261376,3.51300,1.16766,9.7621e-05
5404,44269568,3.68653,1.14590,9.7558e-05
5405,44277760,3.55518,1.15058,9.7494e-05
5406,44285952,3.67007,1.15726,9.7430e-05
5407,44294144,3.65875,1.15095,9.7367e-05
5408,44302336,3.51741,1.15747,9.7303e-05
5409,44310528,3.68836,1.15793,9.7240e-05
5410,44318720,3.59187,1.14758,9.7177e-05
5411,44326912,3.55426,1.16261,9.7114e-05
5412,44335104,3.61132,1.15815,9.7051e-05
5413,44343296,3.74827,1.15931,9.6988e-05
5414,44351488,3.57056,1.15778,9.6925e-05
5415,44359680,3.63844,1.14756,9.6862e-05
5416,44367872,3.49657,1.14914,9.6799e-05
5417,44376064,3.72346,1.14981,9.6737e-05
5418,44384256,3.62528,1.15519,9.6674e-05
5419,44392448,3.63754,1.15878,9.6612e-05
5420,44400640,3.59145,1.15076,9.6549e-05
5421,44408832,3.71321,1.15020,9.6487e-05
5422,44417024,3.69046,1.15528,9.6425e-05
5423,44425216,3.35835,1.15578,9.6363e-05
5424,44433408,3.44011,1.15567,9.6301e-05
5425,44441600,3.70853,1.15517,9.6239e-05
5426,44449792,3.40353,1.15477,9.6177e-05
5427,44457984,3.57088,1.15216,9.6115e-05
5428,44466176,3.69971,1.16372,9.6053e-05
5429,44474368,3.63964,1.15763,9.5992e-05
5430,44482560,3.71586,1.15379,9.5930e-05
5431,44490752,3.77314,1.15989,9.5869e-05
5432,44498944,3.60003,1.16461,9.5808e-05
5433,44507136,3.68328,1.15464,9.5746e-05
5434,44515328,3.53288,1.15211,9.5685e-05
5435,44523520,3.71457,1.15432,9.5624e-05
5436,44531712,3.44541,1.15454,9.5563e-05
5437,44539904,3.75525,1.15241,9.5502e-05
5438,44548096,3.42521,1.15219,9.5441e-05
5439,44556288,3.71602,1.15736,9.5381e-05
5440,44564480,3.58282,1.15494,9.5320e-05
5441,44572672,3.62569,1.15236,9.5260e-05
5442,44580864,3.64602,1.15580,9.5199e-05
5443,44589056,3.66568,1.15217,9.5139e-05
5444,44597248,3.69325,1.16594,9.5078e-05
5445,44605440,3.50406,1.16644,9.5018e-05
5446,44613632,3.58897,1.15857,9.4958e-05
5447,44621824,3.45845,1.16071,9.4898e-05
5448,44630016,3.70767,1.15024,9.4838e-05
5449,44638208,3.76727,1.15805,9.4778e-05
5450,44646400,3.71616,1.15393,9.4719e-05
5451,44654592,3.63173,1.15647,9.4659e-05
5452,44662784,3.69514,1.16087,9.4599e-05
5453,44670976,3.72356,1.14750,9.4540e-05
5454,44679168,3.72189,1.16081,9.4480e-05
5455,44687360,3.46202,1.15314,9.4421e-05
5456,44695552,3.71172,1.15795,9.4362e-05
5457,44703744,3.74541,1.15352,9.4303e-05
5458,44711936,3.58124,1.14831,9.4244e-05
5459,44720128,3.67629,1.14861,9.4185e-05
5460,44728320,3.72446,1.15749,9.4126e-05
5461,44736512,3.64259,1.14927,9.4067e-05
5462,44744704,3.56253,1.15375,9.4008e-05
5463,44752896,3.87039,1.15793,9.3950e-05
5464,44761088,3.73596,1.16149,9.3891e-05
5465,44769280,3.51496,1.15150,9.3833e-05
5466,44777472,3.64848,1.15139,9.3775e-05
5467,44785664,3.75467,1.15526,9.3716e-05
5468,44793856,3.58354,1.15837,9.3658e-05
5469,44802048,3.73330,1.15627,9.3600e-05
5470,44810240,3.69607,1.15499,9.3542e-05
5471,44818432,3.65433,1.16081,9.3484e-05
5472,44826624,3.52944,1.15793,9.3426e-05
5473,44834816,3.51473,1.15810,9.3369e-05
5474,44843008,3.43268,1.16726,9.3311e-05
5475,44851200,3.64320,1.15263,9.3253e-05
5476,44859392,3.70107,1.16075,9.3196e-05
5477,44867584,3.72893,1.16159,9.3139e-05
5478,44875776,3.56162,1.15303,9.3081e-05
5479,44883968,3.73129,1.16475,9.3024e-05
5480,44892160,3.64923,1.15707,9.2967e-05
5481,44900352,3.56758,1.15263,9.2910e-05
5482,44908544,3.52614,1.15689,9.2853e-05
5483,44916736,3.48376,1.14962,9.2796e-05
5484,44924928,3.59370,1.15190,9.2739e-05
5485,44933120,3.66686,1.14586,9.2683e-05
5486,44941312,3.70784,1.14777,9.2626e-05
5487,44949504,3.76197,1.14806,9.2570e-05
5488,44957696,3.48581,1.15245,9.2513e-05
5489,44965888,3.58596,1.15600,9.2457e-05
5490,44974080,3.53078,1.15677,9.2401e-05
5491,44982272,3.66385,1.14586,9.2344e-05
5492,44990464,3.75837,1.15610,9.2288e-05
5493,44998656,3.79676,1.15290,9.2232e-05
5494,45006848,3.58511,1.14870,9.2177e-05
5495,45015040,3.76077,1.15386,9.2121e-05
5496,45023232,3.45803,1.14767,9.2065e-05
5497,45031424,3.58300,1.15188,9.2009e-05
5498,45039616,3.46251,1.14758,9.1954e-05
5499,45047808,3.53824,1.14850,9.1899e-05
5500,45056000,3.47709,1.14864,9.1843e-05
5501,45064192,3.64921,1.13877,9.1788e-05
5502,45072384,3.63887,1.14143,9.1733e-05
5503,45080576,3.64852,1.14055,9.1678e-05
5504,45088768,3.67767,1.14360,9.1623e-05
5505,45096960,3.45144,1.14497,9.1568e-05
5506,45105152,3.68005,1.15796,9.1513e-05
5507,45113344,3.56539,1.14384,9.1458e-05
5508,45121536,3.50606,1.14179,9.1404e-05
5509,45129728,3.65116,1.15172,9.1349e-05
5510,45137920,3.65005,1.14947,9.1295e-05
5511,45146112,3.65176,1.14267,9.1240e-05
5512,45154304,3.51198,1.14841,9.1186e-05
5513,45162496,3.55356,1.14914,9.1132e-05
5514,45170688,3.60231,1.15067,9.1078e-05
5515,45178880,3.58480,1.14571,9.1024e-05
5516,45187072,3.65762,1.14719,9.0970e-05
5517,45195264,3.53950,1.15010,9.0916e-05
5518,45203456,3.57802,1.14873,9.0862e-05
5519,45211648,3.54704,1.15503,9.0808e-05
5520,45219840,3.45253,1.14950,9.0755e-05
5521,45228032,3.62915,1.14995,9.0701e-05
5522,45236224,3.56744,1.14715,9.0648e-05
5523,45244416,3.55013,1.14604,9.0595e-05
5524,45252608,3.64615,1.14532,9.0541e-05
5525,45260800,3.64174,1.13735,9.0488e-05
5526,45268992,3.66677,1.15076,9.0435e-05
5527,45277184,3.54034,1.14159,9.0382e-05
5528,45285376,3.69827,1.13525,9.0329e-05
5529,45293568,3.46302,1.14679,9.0277e-05
5530,45301760,3.62905,1.15218,9.0224e-05
5531,45309952,3.65805,1.14761,9.0171e-05
5532,45318144,3.62614,1.14296,9.0119e-05
5533,45326336,3.60724,1.14192,9.0066e-05
5534,45334528,3.72849,1.15135,9.0014e-05
5535,45342720,3.65627,1.14160,8.9962e-05
5536,45350912,3.63072,1.14645,8.9910e-05
5537,45359104,3.63380,1.14829,8.9858e-05
5538,45367296,3.58129,1.14616,8.9806e-05
5539,45375488,3.52379,1.14127,8.9754e-05
5540,45383680,3.58914,1.14762,8.9702e-05
5541,45391872,3.52728,1.15437,8.9650e-05
5542,45400064,3.56193,1.15175,8.9599e-05
5543,45408256,3.72782,1.14333,8.9547e-05
5544,45416448,3.60824,1.15902,8.9496e-05
5545,45424640,3.50439,1.14288,8.9444e-05
5546,45432832,3.49841,1.14991,8.9393e-05
5547,45441024,3.49121,1.15767,8.9342e-05
5548,45449216,3.61045,1.14473,8.9291e-05
5549,45457408,3.66907,1.15135,8.9240e-05
5550,45465600,3.54484,1.14603,8.9189e-05
5551,45473792,3.66118,1.15362,8.9138e-05
5552,45481984,3.69446,1.15753,8.9087e-05
5553,45490176,3.56095,1.15873,8.9037e-05
5554,45498368,3.68202,1.15844,8.8986e-05
5555,45506560,3.71023,1.15191,8.8936e-05
5556,45514752,3.57929,1.14810,8.8885e-05
5557,45522944,3.78862,1.16902,8.8835e-05
5558,45531136,3.65762,1.14221,8.8785e-05
5559,45539328,3.36462,1.15158,8.8735e-05
5560,45547520,3.62407,1.14599,8.8685e-05
5561,45555712,3.51351,1.16436,8.8635e-05
5562,45563904,3.56523,1.14434,8.8585e-05
5563,45572096,3.64611,1.14591,8.8535e-05
5564,45580288,3.59126,1.14778,8.8486e-05
5565,45588480,3.56502,1.14797,8.8436e-05
5566,45596672,3.59775,1.15079,8.8387e-05
5567,45604864,3.55353,1.14854,8.8337e-05
5568,45613056,3.52513,1.15099,8.8288e-05
5569,45621248,3.60678,1.14791,8.8239e-05
5570,45629440,3.60478,1.14556,8.8190e-05
5571,45637632,3.65173,1.15098,8.8140e-05
5572,45645824,3.68941,1.14088,8.8092e-05
5573,45654016,3.64442,1.14598,8.8043e-05
5574,45662208,3.64027,1.15034,8.7994e-05
5575,45670400,3.60471,1.15316,8.7945e-05
5576,45678592,3.44122,1.15738,8.7897e-05
5577,45686784,3.59841,1.14932,8.7848e-05
5578,45694976,3.59590,1.15084,8.7800e-05
5579,45703168,3.64077,1.15065,8.7751e-05
5580,45711360,3.53972,1.15132,8.7703e-05
5581,45719552,3.77190,1.15025,8.7655e-05
5582,45727744,3.64258,1.16081,8.7607e-05
5583,45735936,3.71591,1.16299,8.7559e-05
5584,45744128,3.52120,1.15543,8.7511e-05
5585,45752320,3.73106,1.15829,8.7463e-05
5586,45760512,3.56427,1.15620,8.7416e-05
5587,45768704,3.71238,1.15993,8.7368e-05
5588,45776896,3.65610,1.15820,8.7321e-05
5589,45785088,3.58303,1.16425,8.7273e-05
5590,45793280,3.54044,1.15689,8.7226e-05
5591,45801472,3.61274,1.15489,8.7179e-05
5592,45809664,3.60291,1.15202,8.7132e-05
5593,45817856,3.58947,1.15279,8.7085e-05
5594,45826048,3.46181,1.16716,8.7038e-05
5595,45834240,3.62075,1.15567,8.6991e-05
5596,45842432,3.64245,1.16152,8.6944e-05
5597,45850624,3.71637,1.15493,8.6897e-05
5598,45858816,3.52588,1.14838,8.6851e-05
5599,45867008,3.76663,1.14896,8.6804e-05
5600,45875200,3.50195,1.14802,8.6758e-05
5601,45883392,3.41751,1.16051,8.6711e-05
5602,45891584,3.75938,1.15282,8.6665e-05
5603,45899776,3.69335,1.15100,8.6619e-05
5604,45907968,3.50171,1.14703,8.6573e-05
5605,45916160,3.60235,1.15403,8.6527e-05
5606,45924352,3.42672,1.14268,8.6481e-05
5607,45932544,3.52030,1.15084,8.6435e-05
5608,45940736,3.63519,1.15297,8.6389e-05
5609,45948928,3.70359,1.15879,8.6344e-05
5610,45957120,3.52319,1.15666,8.6298e-05
5611,45965312,3.60645,1.14753,8.6253e-05
5612,45973504,3.56348,1.14879,8.6207e-05
5613,45981696,3.55992,1.14122,8.6162e-05
5614,45989888,3.58744,1.13942,8.6117e-05
5615,45998080,3.53576,1.14221,8.6072e-05
5616,46006272,3.58066,1.14681,8.6027e-05
5617,46014464,3.56490,1.14003,8.5982e-05
5618,46022656,3.50405,1.14437,8.5937e-05
5619,46030848,3.57883,1.14493,8.5893e-05
5620,46039040,3.51764,1.13969,8.5848e-05
5621,46047232,3.63113,1.14965,8.5803e-05
5622,46055424,3.71168,1.14733,8.5759e-05
5623,46063616,3.50619,1.14983,8.5715e-05
5624,46071808,3.62758,1.14351,8.5670e-05
5625,46080000,3.38716,1.15190,8.5626e-05
5626,46088192,3.63841,1.15662,8.5582e-05
5627,46096384,3.69130,1.15024,8.5538e-05
5628,46104576,3.64911,1.15080,8.5494e-05
5629,46112768,3.52328,1.15990,8.5450e-05
5630,46120960,3.67146,1.15508,8.5407e-05
5631,46129152,3.64851,1.15402,8.5363e-05
5632,46137344,3.53029,1.14612,8.5319e-05
5633,46145536,3.68272,1.14494,8.5276e-05
5634,46153728,3.57228,1.14950,8.5233e-05
5635,46161920,3.66698,1.14292,8.5189e-05
5636,46170112,3.59980,1.15243,8.5146e-05
5637,46178304,3.52633,1.14408,8.5103e-05
5638,46186496,3.58715,1.13648,8.5060e-05
5639,46194688,3.66007,1.14869,8.5017e-05
5640,46202880,3.64468,1.16068,8.4974e-05
5641,46211072,3.53505,1.15209,8.4932e-05
5642,46219264,3.61249,1.15176,8.4889e-05
5643,46227456,3.51565,1.14824,8.4846e-05
5644,46235648,3.59957,1.14657,8.4804e-05
5645,46243840,3.54951,1.14977,8.4762e-05
5646,46252032,3.44976,1.14527,8.4719e-05
5647,46260224,3.45007,1.15123,8.4677e-05
5648,46268416,3.62349,1.14769,8.4635e-05
5649,46276608,3.55883,1.16314,8.4593e-05
5650,46284800,3.65992,1.15390,8.4551e-05
5651,46292992,3.58347,1.16192,8.4509e-05
5652,46301184,3.61929,1.15303,8.4467e-05
5653,46309376,3.55278,1.15916,8.4426e-05
5654,46317568,3.59264,1.15455,8.4384e-05
5655,46325760,3.53448,1.15146,8.4343e-05
5656,46333952,3.75546,1.16427,8.4301e-05
5657,46342144,3.79876,1.14608,8.4260e-05
5658,46350336,3.55744,1.15244,8.4219e-05
5659,46358528,3.78718,1.16278,8.4178e-05
5660,46366720,3.66839,1.15764,8.4137e-05
5661,46374912,3.62375,1.15178,8.4096e-05
5662,46383104,3.51274,1.14971,8.4055e-05
5663,46391296,3.55966,1.15682,8.4014e-05
5664,46399488,3.60028,1.16045,8.3974e-05
5665,46407680,3.65511,1.15999,8.3933e-05
5666,46415872,3.52081,1.16247,8.3893e-05
5667,46424064,3.62841,1.15858,8.3852e-05
5668,46432256,3.51115,1.16221,8.3812e-05
5669,46440448,3.50837,1.14682,8.3772e-05
5670,46448640,3.73455,1.15890,8.3732e-05
5671,46456832,3.60118,1.15267,8.3692e-05
5672,46465024,3.58926,1.15064,8.3652e-05
5673,46473216,3.76664,1.14371,8.3612e-05
5674,46481408,3.64057,1.15816,8.3572e-05
5675,46489600,3.58226,1.16779,8.3532e-05
5676,46497792,3.57238,1.14125,8.3493e-05
5677,46505984,3.52991,1.14097,8.3453e-05
5678,46514176,3.52720,1.14532,8.3414e-05
5679,46522368,3.63670,1.14067,8.3375e-05
5680,46530560,3.57530,1.14492,8.3336e-05
5681,46538752,3.67363,1.15631,8.3296e-05
5682,46546944,3.66489,1.15620,8.3257e-05
5683,46555136,3.72859,1.14994,8.3218e-05
5684,46563328,3.79165,1.14871,8.3180e-05
5685,46571520,3.59166,1.14157,8.3141e-05
5686,46579712,3.61139,1.15691,8.3102e-05
5687,46587904,3.66896,1.15092,8.3064e-05
5688,46596096,3.60009,1.15602,8.3025e-05
5689,46604288,3.44458,1.15252,8.2987e-05
5690,46612480,3.66771,1.16459,8.2948e-05
5691,46620672,3.62563,1.15717,8.2910e-05
5692,46628864,3.62601,1.15426,8.2872e-05
5693,46637056,3.50240,1.16007,8.2834e-05
5694,46645248,3.64395,1.15324,8.2796e-05
5695,46653440,3.59142,1.14825,8.2758e-05
5696,46661632,3.51516,1.15971,8.2721e-05
5697,46669824,3.63130,1.15044,8.2683e-05
5698,46678016,3.58925,1.15848,8.2645e-05
5699,46686208,3.51174,1.15021,8.2608e-05
5700,46694400,3.49405,1.15892,8.2571e-05
5701,46702592,3.65816,1.16836,8.2533e-05
5702,46710784,3.50399,1.15838,8.2496e-05
5703,46718976,3.64514,1.14687,8.2459e-05
5704,46727168,3.64122,1.14448,8.2422e-05
5705,46735360,3.61019,1.14664,8.2385e-05
5706,46743552,3.43757,1.15443,8.2348e-05
5707,46751744,3.49174,1.15540,8.2311e-05
5708,46759936,3.58686,1.14663,8.2275e-05
5709,46768128,3.58906,1.14390,8.2238e-05
5710,46776320,3.62415,1.15479,8.2202e-05
5711,46784512,3.70197,1.15183,8.2165e-05
5712,46792704,3.66923,1.15098,8.2129e-05
5713,46800896,3.66651,1.14783,8.2093e-05
5714,46809088,3.53308,1.15955,8.2057e-05
5715,46817280,3.65418,1.15406,8.2021e-05
5716,46825472,3.56952,1.15661,8.1985e-05
5717,46833664,3.66026,1.14873,8.1949e-05
5718,46841856,3.54447,1.14902,8.1913e-05
5719,46850048,3.51781,1.15517,8.1878e-05
5720,46858240,3.62278,1.15495,8.1842e-05
5721,46866432,3.64901,1.14007,8.1807e-05
5722,46874624,3.62590,1.15977,8.1771e-05
5723,46882816,3.61098,1.15133,8.1736e-05
5724,46891008,3.53533,1.15306,8.1701e-05
5725,46899200,3.47298,1.14286,8.1666e-05
5726,46907392,3.65230,1.15027,8.1631e-05
5727,46915584,3.63474,1.14723,8.1596e-05
5728,46923776,3.44136,1.15346,8.1561e-05
5729,46931968,3.42901,1.15255,8.1526e-05
5730,46940160,3.56305,1.15458,8.1491e-05
5731,46948352,3.42911,1.15347,8.1457e-05
5732,46956544,3.56145,1.15060,8.1422e-05
5733,46964736,3.66027,1.14588,8.1388e-05
5734,46972928,3.52319,1.14855,8.1354e-05
5735,46981120,3.80894,1.14610,8.1320e-05
5736,46989312,3.69291,1.15117,8.1285e-05
5737,46997504,3.71665,1.14331,8.1251e-05
5738,47005696,3.62047,1.15473,8.1218e-05
5739,47013888,3.66728,1.15850,8.1184e-05
5740,47022080,3.71452,1.16213,8.1150e-05
5741,47030272,3.61205,1.14723,8.1116e-05
5742,47038464,3.67065,1.14659,8.1083e-05
5743,47046656,3.49203,1.14280,8.1049e-05
5744,47054848,3.52985,1.14582,8.1016e-05
5745,47063040,3.50741,1.15487,8.0983e-05
5746,47071232,3.60987,1.14664,8.0950e-05
5747,47079424,3.52247,1.14798,8.0916e-05
5748,47087616,3.49430,1.14338,8.0883e-05
5749,47095808,3.63943,1.15001,8.0851e-05
5750,47104000,3.58480,1.14477,8.0818e-05
5751,47112192,3.56656,1.14553,8.0785e-05
5752,47120384,3.56771,1.15456,8.0752e-05
5753,47128576,3.53068,1.14033,8.0720e-05
5754,47136768,3.48420,1.14069,8.0687e-05
5755,47144960,3.62421,1.14468,8.0655e-05
5756,47153152,3.72955,1.15428,8.0623e-05
5757,47161344,3.56759,1.14866,8.0591e-05
5758,47169536,3.56446,1.14197,8.0558e-05
5759,47177728,3.56686,1.14325,8.0526e-05
5760,47185920,3.57493,1.15436,8.0495e-05
5761,47194112,3.56032,1.14351,8.0463e-05
5762,47202304,3.54762,1.13733,8.0431e-05
5763,47210496,3.50022,1.14840,8.0399e-05
5764,47218688,3.65016,1.15083,8.0368e-05
5765,47226880,3.51469,1.14668,8.0336e-05
5766,47235072,3.70233,1.14380,8.0305e-05
5767,47243264,3.78548,1.14794,8.0274e-05
5768,47251456,3.54504,1.13621,8.0243e-05
5769,47259648,3.53064,1.13994,8.0212e-05
5770,47267840,3.55645,1.13664,8.0181e-05
5771,47276032,3.70568,1.14400,8.0150e-05
5772,47284224,3.60398,1.14209,8.0119e-05
5773,47292416,3.67625,1.14041,8.0088e-05
5774,47300608,3.49785,1.13763,8.0058e-05
5775,47308800,3.68651,1.14429,8.0027e-05
5776,47316992,3.54334,1.14138,7.9997e-05
5777,47325184,3.51050,1.15837,7.9966e-05
5778,47333376,3.78092,1.15016,7.9936e-05
5779,47341568,3.66881,1.16282,7.9906e-05
5780,47349760,3.63847,1.14506,7.9876e-05
5781,47357952,3.51486,1.15256,7.9846e-05
5782,47366144,3.48769,1.15538,7.9816e-05
5783,47374336,3.59429,1.14720,7.9786e-05
5784,47382528,3.46414,1.14495,7.9756e-05
5785,47390720,3.50781,1.14277,7.9727e-05
5786,47398912,3.61312,1.13958,7.9697e-05
5787,47407104,3.68741,1.15274,7.9668e-05
5788,47415296,3.49265,1.14504,7.9638e-05
5789,47423488,3.68387,1.14617,7.9609e-05
5790,47431680,3.57513,1.14347,7.9580e-05
5791,47439872,3.56562,1.15516,7.9551e-05
5792,47448064,3.63489,1.14360,7.9522e-05
5793,47456256,3.58637,1.13659,7.9493e-05
5794,47464448,3.63248,1.13488,7.9464e-05
5795,47472640,3.59407,1.13648,7.9436e-05
5796,47480832,3.63554,1.13850,7.9407e-05
5797,47489024,3.56140,1.14544,7.9379e-05
5798,47497216,3.50000,1.13910,7.9350e-05
5799,47505408,3.67322,1.14139,7.9322e-05
5800,47513600,3.53500,1.14761,7.9294e-05
5801,47521792,3.60886,1.15954,7.9265e-05
5802,47529984,3.57121,1.14054,7.9237e-05
5803,47538176,3.59168,1.13484,7.9209e-05
5804,47546368,3.44151,1.14290,7.9182e-05
5805,47554560,3.64532,1.14548,7.9154e-05
5806,47562752,3.55308,1.13873,7.9126e-05
5807,47570944,3.55227,1.14176,7.9099e-05
5808,47579136,3.76798,1.14318,7.9071e-05
5809,47587328,3.63179,1.14110,7.9044e-05
5810,47595520,3.50447,1.14613,7.9016e-05
5811,47603712,3.62740,1.13550,7.8989e-05
5812,47611904,3.67370,1.14116,7.8962e-05
5813,47620096,3.68265,1.13301,7.8935e-05
5814,47628288,3.62290,1.14218,7.8908e-05
5815,47636480,3.58235,1.13208,7.8881e-05
5816,47644672,3.57501,1.12809,7.8854e-05
5817,47652864,3.53281,1.14116,7.8828e-05
5818,47661056,3.43663,1.15219,7.8801e-05
5819,47669248,3.57863,1.14795,7.8775e-05
5820,47677440,3.61772,1.14021,7.8748e-05
5821,47685632,3.57951,1.15778,7.8722e-05
5822,47693824,3.64271,1.14871,7.8696e-05
5823,47702016,3.56696,1.15293,7.8670e-05
5824,47710208,3.63840,1.14283,7.8644e-05
5825,47718400,3.73772,1.14122,7.8618e-05
5826,47726592,3.59956,1.14165,7.8592e-05
5827,47734784,3.50501,1.14766,7.8566e-05
5828,47742976,3.50637,1.13616,7.8540e-05
5829,47751168,3.69678,1.14968,7.8515e-05
5830,47759360,3.49010,1.14214,7.8489e-05
5831,47767552,3.60084,1.14324,7.8464e-05
5832,47775744,3.61207,1.13936,7.8439e-05
5833,47783936,3.46630,1.13878,7.8414e-05
5834,47792128,3.52450,1.13740,7.8388e-05
5835,47800320,3.58859,1.13793,7.8363e-05
5836,47808512,3.51520,1.15143,7.8338e-05
5837,47816704,3.77611,1.15799,7.8314e-05
5838,47824896,3.57675,1.14045,7.8289e-05
5839,47833088,3.58780,1.14438,7.8264e-05
5840,47841280,3.66962,1.14062,7.8240e-05
5841,47849472,3.39113,1.14022,7.8215e-05
5842,47857664,3.67044,1.13581,7.8191e-05
5843,47865856,3.66444,1.14670,7.8167e-05
5844,47874048,3.66654,1.15199,7.8142e-05
5845,47882240,3.58418,1.15692,7.8118e-05
5846,47890432,3.59290,1.14273,7.8094e-05
5847,47898624,3.62177,1.13645,7.8070e-05
5848,47906816,3.64728,1.14428,7.8047e-05
5849,47915008,3.53986,1.14901,7.8023e-05
5850,47923200,3.52355,1.14688,7.7999e-05
5851,47931392,3.49179,1.13830,7.7976e-05
5852,47939584,3.49224,1.15416,7.7952e-05
5853,47947776,3.63545,1.15423,7.7929e-05
5854,47955968,3.66898,1.13537,7.7906e-05
5855,47964160,3.53047,1.14283,7.7883e-05
5856,47972352,3.56802,1.14019,7.7859e-05
5857,47980544,3.56075,1.13290,7.7836e-05
5858,47988736,3.65277,1.14459,7.7814e-05
5859,47996928,3.53908,1.14157,7.7791e-05
5860,48005120,3.59619,1.13357,7.7768e-05
5861,48013312,3.56279,1.14696,7.7745e-05
5862,48021504,3.58261,1.13703,7.7723e-05
5863,48029696,3.43634,1.13184,7.7701e-05
5864,48037888,3.58351,1.13109,7.7678e-05
5865,48046080,3.50842,1.13264,7.7656e-05
5866,48054272,3.48220,1.13471,7.7634e-05
5867,48062464,3.63316,1.13962,7.7612e-05
5868,48070656,3.47429,1.13733,7.7590e-05
5869,48078848,3.53915,1.13236,7.7568e-05
5870,48087040,3.52219,1.12887,7.7546e-05
5871,48095232,3.69181,1.13870,7.7524e-05
5872,48103424,3.54445,1.13128,7.7503e-05
5873,48111616,3.49507,1.13254,7.7481e-05
5874,48119808,3.59358,1.13505,7.7460e-05
5875,48128000,3.59702,1.13866,7.7439e-05
5876,48136192,3.61472,1.14674,7.7417e-05
5877,48144384,3.63302,1.13688,7.7396e-05
5878,48152576,3.62645,1.12828,7.7375e-05
5879,48160768,3.72098,1.13335,7.7354e-05
5880,48168960,3.64808,1.13541,7.7333e-05
5881,48177152,3.49851,1.14326,7.7313e-05
5882,48185344,3.62527,1.13623,7.7292e-05
5883,48193536,3.58264,1.13751,7.7271e-05
5884,48201728,3.63904,1.13696,7.7251e-05
5885,48209920,3.62656,1.14059,7.7231e-05
5886,48218112,3.63837,1.14360,7.7210e-05
5887,48226304,3.55339,1.13605,7.7190e-05
5888,48234496,3.61624,1.14622,7.7170e-05
5889,48242688,3.49244,1.14580,7.7150e-05
5890,48250880,3.61437,1.12918,7.7130e-05
5891,48259072,3.65705,1.13547,7.7110e-05
5892,48267264,3.50535,1.13426,7.7090e-05
5893,48275456,3.75386,1.13241,7.7071e-05
5894,48283648,3.59113,1.13687,7.7051e-05
5895,48291840,3.59994,1.14792,7.7032e-05
5896,48300032,3.54534,1.12944,7.7012e-05
5897,48308224,3.32464,1.13436,7.6993e-05
5898,48316416,3.59975,1.13954,7.6974e-05
5899,48324608,3.60658,1.13686,7.6955e-05
5900,48332800,3.54700,1.13057,7.6936e-05
5901,48340992,3.50971,1.13543,7.6917e-05
5902,48349184,3.56074,1.12609,7.6898e-05
5903,48357376,3.70836,1.13052,7.6879e-05
5904,48365568,3.57820,1.13310,7.6861e-05
5905,48373760,3.73736,1.13147,7.6842e-05
5906,48381952,3.54372,1.13644,7.6824e-05
5907,48390144,3.51013,1.13414,7.6805e-05
5908,48398336,3.44240,1.13539,7.6787e-05
5909,48406528,3.53780,1.13813,7.6769e-05
5910,48414720,3.51534,1.13535,7.6751e-05
5911,48422912,3.47706,1.13845,7.6733e-05
5912,48431104,3.70743,1.14564,7.6715e-05
5913,48439296,3.68293,1.14276,7.6697e-05
5914,48447488,3.58921,1.13594,7.6679e-05
5915,48455680,3.70720,1.14420,7.6662e-05
5916,48463872,3.59050,1.13889,7.6644e-05
5917,48472064,3.40339,1.13783,7.6627e-05
5918,48480256,3.53880,1.14058,7.6609e-05
5919,48488448,3.93447,1.13709,7.6592e-05
5920,48496640,3.66238,1.14021,7.6575e-05
5921,48504832,3.54726,1.13832,7.6558e-05
5922,48513024,3.59280,1.13829,7.6541e-05
5923,48521216,3.61355,1.14294,7.6524e-05
5924,48529408,3.61091,1.14629,7.6507e-05
5925,48537600,3.57031,1.15735,7.6491e-05
5926,48545792,3.60363,1.14606,7.6474e-05
5927,48553984,3.43802,1.14753,7.6458e-05
5928,48562176,3.49380,1.14794,7.6441e-05
5929,48570368,3.46639,1.14546,7.6425e-05
5930,48578560,3.59764,1.14294,7.6409e-05
5931,48586752,3.75734,1.14213,7.6392e-05
5932,48594944,3.56693,1.14818,7.6376e-05
5933,48603136,3.60674,1.14635,7.6360e-05
5934,48611328,3.61070,1.14562,7.6345e-05
5935,48619520,3.54283,1.13400,7.6329e-05
5936,48627712,3.51479,1.13334,7.6313e-05
5937,48635904,3.56473,1.13422,7.6298e-05
5938,48644096,3.68952,1.13391,7.6282e-05
5939,48652288,3.42037,1.13212,7.6267e-05
5940,48660480,3.53665,1.14192,7.6251e-05
5941,48668672,3.64782,1.13963,7.6236e-05
5942,48676864,3.58916,1.15122,7.6221e-05
5943,48685056,3.57824,1.14688,7.6206e-05
5944,48693248,3.49930,1.12947,7.6191e-05
5945,48701440,3.52923,1.14416,7.6176e-05
5946,48709632,3.42685,1.13819,7.6162e-05
5947,48717824,3.59770,1.13441,7.6147e-05
5948,48726016,3.47060,1.13564,7.6132e-05
5949,48734208,3.59473,1.14589,7.6118e-05
5950,48742400,3.54926,1.14037,7.6104e-05
5951,48750592,3.82683,1.14347,7.6089e-05
5952,48758784,3.68839,1.14469,7.6075e-05
5953,48766976,3.45161,1.14016,7.6061e-05
5954,48775168,3.47989,1.13265,7.6047e-05
5955,48783360,3.63143,1.14494,7.6033e-05
5956,48791552,3.66778,1.14158,7.6019e-05
5957,48799744,3.65459,1.13996,7.6006e-05
5958,48807936,3.55191,1.14863,7.5992e-05
5959,48816128,3.49836,1.13870,7.5978e-05
5960,48824320,3.49957,1.13521,7.5965e-05
5961,48832512,3.63044,1.14023,7.5952e-05
5962,48840704,3.55704,1.14455,7.5938e-05
5963,48848896,3.58121,1.14444,7.5925e-05
5964,48857088,3.62379,1.14809,7.5912e-05
5965,48865280,3.74247,1.14649,7.5899e-05
5966,48873472,3.60760,1.13095,7.5886e-05
5967,48881664,3.65956,1.14418,7.5873e-05
5968,48889856,3.54790,1.13811,7.5861e-05
5969,48898048,3.63899,1.15695,7.5848e-05
5970,48906240,3.73490,1.13752,7.5836e-05
5971,48914432,3.43246,1.14411,7.5823e-05
5972,48922624,3.71975,1.13920,7.5811e-05
5973,48930816,3.58297,1.13520,7.5799e-05
5974,48939008,3.56471,1.13933,7.5787e-05
5975,48947200,3.61107,1.14254,7.5774e-05
5976,48955392,3.54440,1.14211,7.5763e-05
5977,48963584,3.58749,1.14716,7.5751e-05
5978,48971776,3.66557,1.13767,7.5739e-05
5979,48979968,3.61030,1.15125,7.5727e-05
5980,48988160,3.43094,1.13322,7.5716e-05
5981,48996352,3.44793,1.14035,7.5704e-05
5982,49004544,3.58929,1.14380,7.5693e-05
5983,49012736,3.63093,1.13456,7.5681e-05
5984,49020928,3.64560,1.14384,7.5670e-05
5985,49029120,3.68266,1.13925,7.5659e-05
5986,49037312,3.70049,1.13658,7.5648e-05
5987,49045504,3.56624,1.13018,7.5637e-05
5988,49053696,3.40568,1.13989,7.5626e-05
5989,49061888,3.60460,1.13961,7.5616e-05
5990,49070080,3.47961,1.13138,7.5605e-05
5991,49078272,3.62160,1.13731,7.5594e-05
5992,49086464,3.57745,1.13875,7.5584e-05
5993,49094656,3.31226,1.14011,7.5573e-05
5994,49102848,3.71321,1.14476,7.5563e-05
5995,49111040,3.46888,1.13626,7.5553e-05
5996,49119232,3.66960,1.15647,7.5543e-05
5997,49127424,3.69446,1.13274,7.5533e-05
5998,49135616,3.64839,1.13642,7.5523e-05
5999,49143808,3.59887,1.13950,7.5513e-05
6000,49152000,3.66831,1.13963,7.5503e-05
6001,49160192,3.51520,1.13834,7.5494e-05
6002,49168384,3.49685,1.13879,7.5484e-05
6003,49176576,3.53195,1.13928,7.5475e-05
6004,49184768,3.57322,1.13849,7.5465e-05
6005,49192960,3.63009,1.14841,7.5456e-05
6006,49201152,3.50486,1.12964,7.5447e-05
6007,49209344,3.43392,1.13352,7.5438e-05
6008,49217536,3.62165,1.12325,7.5429e-05
6009,49225728,3.54845,1.13654,7.5420e-05
6010,49233920,3.57028,1.13485,7.5411e-05
6011,49242112,3.54388,1.12822,7.5403e-05
6012,49250304,3.57283,1.13303,7.5394e-05
6013,49258496,3.62931,1.12701,7.5385e-05
6014,49266688,3.53947,1.12750,7.5377e-05
6015,49274880,3.59963,1.13350,7.5369e-05
6016,49283072,3.57175,1.12988,7.5360e-05
6017,49291264,3.68907,1.14119,7.5352e-05
6018,49299456,3.51980,1.13264,7.5344e-05
6019,49307648,3.46676,1.13188,7.5336e-05
6020,49315840,3.64740,1.14105,7.5328e-05
6021,49324032,3.52048,1.14207,7.5321e-05
6022,49332224,3.45580,1.15257,7.5313e-05
6023,49340416,3.64534,1.15251,7.5305e-05
6024,49348608,3.68234,1.15081,7.5298e-05
6025,49356800,3.61688,1.14722,7.5291e-05
6026,49364992,3.60952,1.13624,7.5283e-05
6027,49373184,3.67219,1.14933,7.5276e-05
6028,49381376,3.61349,1.13106,7.5269e-05
6029,49389568,3.51273,1.13920,7.5262e-05
6030,49397760,3.61588,1.13100,7.5255e-05
6031,49405952,3.55174,1.13750,7.5248e-05
6032,49414144,3.55827,1.13652,7.5241e-05
6033,49422336,3.53897,1.13687,7.5235e-05
6034,49430528,3.63458,1.14340,7.5228e-05
6035,49438720,3.36535,1.14704,7.5222e-05
6036,49446912,3.52588,1.14585,7.5215e-05
6037,49455104,3.51837,1.13421,7.5209e-05
6038,49463296,3.54004,1.12908,7.5203e-05
6039,49471488,3.57071,1.13655,7.5197e-05
6040,49479680,3.71361,1.13442,7.5191e-05
6041,49487872,3.49111,1.14800,7.5185e-05
6042,49496064,3.64680,1.13233,7.5179e-05
6043,49504256,3.56998,1.13320,7.5173e-05
6044,49512448,3.62074,1.13286,7.5168e-05
6045,49520640,3.61022,1.14819,7.5162e-05
6046,49528832,3.50230,1.13092,7.5157e-05
6047,49537024,3.50342,1.14721,7.5151e-05
6048,49545216,3.58972,1.14366,7.5146e-05
6049,49553408,3.62516,1.13232,7.5141e-05
6050,49561600,3.59273,1.13436,7.5136e-05
6051,49569792,3.62236,1.14309,7.5131e-05
6052,49577984,3.74226,1.14219,7.5126e-05
6053,49586176,3.63203,1.13727,7.5121e-05
6054,49594368,3.55146,1.13048,7.5116e-05
6055,49602560,3.53798,1.13571,7.5112e-05
6056,49610752,3.70894,1.14178,7.5107e-05
6057,49618944,3.55864,1.13989,7.5103e-05
6058,49627136,3.60962,1.15325,7.5099e-05
6059,49635328,3.60977,1.12949,7.5094e-05
6060,49643520,3.55305,1.13298,7.5090e-05
6061,49651712,3.53415,1.13232,7.5086e-05
6062,49659904,3.61234,1.12804,7.5082e-05
6063,49668096,3.61621,1.13926,7.5078e-05
6064,49676288,3.55136,1.14142,7.5074e-05
6065,49684480,3.62871,1.14193,7.5071e-05
6066,49692672,3.61194,1.14412,7.5067e-05
6067,49700864,3.58968,1.13112,7.5064e-05
6068,49709056,3.52766,1.13391,7.5060e-05
6069,49717248,3.54051,1.12547,7.5057e-05
6070,49725440,3.75030,1.12701,7.5054e-05
6071,49733632,3.59296,1.13607,7.5051e-05
6072,49741824,3.53469,1.13694,7.5048e-05
6073,49750016,3.63288,1.14040,7.5045e-05
6074,49758208,3.63979,1.13575,7.5042e-05
6075,49766400,3.59188,1.13437,7.5039e-05
6076,49774592,3.54889,1.13571,7.5037e-05
6077,49782784,3.50629,1.14276,7.5034e-05
6078,49790976,3.56710,1.13873,7.5031e-05
6079,49799168,3.50653,1.14035,7.5029e-05
6080,49807360,3.54294,1.14665,7.5027e-05
6081,49815552,3.48020,1.13612,7.5025e-05
6082,49823744,3.52868,1.12905,7.5023e-05
6083,49831936,3.72809,1.13964,7.5021e-05
6084,49840128,3.53857,1.13392,7.5019e-05
6085,49848320,3.61109,1.13116,7.5017e-05
6086,49856512,3.59306,1.13573,7.5015e-05
6087,49864704,3.51631,1.13798,7.5013e-05
6088,49872896,3.55488,1.13909,7.5012e-05
6089,49881088,3.58794,1.14531,7.5010e-05
6090,49889280,3.65190,1.13624,7.5009e-05
6091,49897472,3.66797,1.14568,7.5008e-05
6092,49905664,3.67011,1.14378,7.5007e-05
6093,49913856,3.64629,1.13988,7.5006e-05
6094,49922048,3.55244,1.14521,7.5005e-05
6095,49930240,3.62395,1.14937,7.5004e-05
6096,49938432,3.51371,1.13674,7.5003e-05
6097,49946624,3.64234,1.15725,7.5002e-05
6098,49954816,3.56068,1.14615,7.5002e-05
6099,49963008,3.49553,1.13718,7.5001e-05
6100,49971200,3.36479,1.13781,7.5001e-05
6101,49979392,3.48223,1.13374,7.5000e-05
6102,49987584,3.62055,1.12991,7.5000e-05
6103,49995776,3.61044,1.13257,7.5000e-05
